radius,electron_density_mol_cm3,neutron_density_mol_cm3
0.001,101.9811723028768,50.13625654843168
0.00819005,101.9811723028768,50.16813103475502
0.00831693,101.96943196236258,50.1552737147112
0.00844579,101.9576929734272,50.14241836401462
0.00857666,101.9459553359151,50.129564982404816
0.00870957,101.93421904967056,50.113173264572765
0.00884456,101.9201372896315,50.09917047558994
0.00898165,101.9060574749251,50.08517027308105
0.00912087,101.89197960528264,50.06763324817061
0.00926227,101.8779036804354,50.05009937936123
0.00940589,101.8638297001147,50.03610758567044
0.00955174,101.84741251371436,50.0174280760493
0.00969987,101.83099797323857,49.99521428695482
0.00985031,101.81458607826092,49.98008102066848
0.0100031,101.798176828355,49.95787585748482
0.0101583,101.78177022309455,49.93921262207115
0.0103159,101.76302305487722,49.91940392190827
0.010476,101.74427933969784,49.8996000918045
0.0106385,101.7255390769204,49.87626498067891
0.0108037,101.7068022659091,49.85293547030472
0.0109714,101.68572747866877,49.83199962084521
0.0111417,101.6646570583601,49.807534645755936
0.0113147,101.64359100407836,49.78307636782847
0.0114904,101.62252931491862,49.75862478548712
0.0116688,101.599132556562,49.73303473852917
0.0118501,101.57574118488802,49.70391931573664
0.0120342,101.55235519865624,49.67834544320118
0.0122212,101.52663683250744,49.64810388240821
0.0124111,101.5009249795937,49.61787242006653
0.012604,101.4752196382654,49.58765105328124
0.0127999,101.44718487222414,49.55629869007558
0.0129989,101.41915785140496,49.52495783369815
0.0132011,101.38880398330365,49.4924888607203
0.0134064,101.35845919984992,49.4600328557444
0.0136149,101.32812349832471,49.42406155345128
0.0138268,101.29779687601015,49.38810442871434
0.0140419,101.26281589780294,49.3498887780452
0.0142605,101.23017788366138,49.31282616572912
0.0144825,101.19522025619383,49.27111913013647
0.014708,101.16027470057826,49.22943104258013
0.0149371,101.12301274242144,49.19015360091064
0.0151698,101.08343695060134,49.14624037704817
0.0154062,101.04387664727632,49.09882735753155
0.0156463,101.00433182638504,49.05496066242728
0.0158902,100.96247770814198,49.00646726316998
0.0161379,100.91831717650425,48.95687315666029
0.0163896,100.87417596048364,48.90730787369464
0.0166453,100.827732380567,48.856646421050186
0.0169051,100.78131018378528,48.80249867759875
0.0171689,100.73258987999118,48.74726142061459
0.017437,100.68389312885776,48.69205960934588
0.0177094,100.63058560256472,48.63465346410888
0.017986,100.57730630017382,48.57377464297372
0.0182671,100.52405520674202,48.51293856819655
0.0185527,100.46620556105432,48.44991396162888
0.0188428,100.40838920671668,48.383427880514205
0.0191376,100.34829549307544,48.31587997627668
0.019437,100.2859285496718,48.247274878110574
0.0197413,100.22360036762042,48.175220476295664
0.0200504,100.15669843020976,48.10101019968053
0.0203646,100.08984115163408,48.02686591801413
0.0206837,100.02072541325406,47.94818140314541
0.021008,99.94935595638128,47.868466812885
0.0213375,99.873437977253,47.78662725133566
0.0216723,99.79757766272392,47.701373348558974
0.0220126,99.71947881670474,47.61510922410534
0.0223583,99.6391467861448,47.52434653238663
0.0227096,99.55658706794736,47.4325888967885
0.0230666,99.46951491175084,47.33875253171965
0.0234294,99.38251890883164,47.2415370364389
0.0237981,99.29102636655476,47.13877673015816
0.0241728,99.19733392390812,47.035059371685634
0.0245536,99.10144796936058,46.93039198402832
0.0249407,99.00109542601706,46.820222425361095
0.025334,98.89856725222212,46.7091263909204
0.0257338,98.7938704202143,46.593634643272
0.0261401,98.68473971838978,46.472691362452366
0.0265532,98.57345980172154,46.35085917643835
0.026973,98.45777111534952,46.22708183245581
0.0273997,98.33995381740608,46.0989704876869
0.0278335,98.21775430401875,45.96548272944548
0.0282745,98.09118926836965,45.83010637178253
0.0287228,97.96253162991589,45.69045265768503
0.0291785,97.82953742001162,45.54549025479173
0.0296418,97.69222476662134,45.39870072680367
0.0301129,97.55285858058828,45.24769526938968
0.0305918,97.40696234516906,45.09386359441356
0.0310788,97.25680536191152,44.93138341567041
0.0315739,97.10240801793148,44.76717764034981
0.0320773,96.94602349278738,44.60229530356145
0.0325893,96.783205048816,44.42783285941738
0.0331099,96.61398596615832,44.25070739527345
0.0336394,96.44284204789078,44.06955777931572
0.0341779,96.26535129276589,43.88238586336229
0.0347255,96.0815498791714,43.68924103457968
0.0352825,95.8936832323975,43.49117567574035
0.0358491,95.70177658696996,43.29163868000396
0.0364254,95.50365660679556,43.08625820194359
0.0370116,95.29936349661142,42.87508860075127
0.037608,95.08893865441496,42.65818575102404
0.0382148,94.8724246574862,42.432215061221285
0.0388321,94.64986524803258,42.20741124978829
0.0394601,94.42130531846462,41.973658725155786
0.0400992,94.18679089630874,41.734411159298986
0.0407495,93.94636912876447,41.48973166519679
0.0414113,93.69793076748762,41.2387351641033
0.0420849,93.44154271354228,40.98486466951175
0.0427703,93.17941939223287,40.71906500968757
0.043468,92.90947370951032,40.450552349540544
0.0441782,92.6339109287515,40.17698165222808
0.0449012,92.34853281747166,39.89658758374884
0.0456372,92.05555485267064,39.61039482327317
0.0463866,91.75505502551442,39.3151783490388
0.0471496,91.44711315107536,39.0143699130702
0.0479266,91.12971246969084,38.71048303721628
0.0487178,90.8050496042524,38.397906028138976
0.0495236,90.4711269245107,38.07588861781113
0.0503443,90.12805522486578,37.74786416342076
0.0511803,89.775948039788,37.41723585137291
0.052032,89.4149215812474,37.07758187225829
0.0528996,89.04304435937418,36.73147254923103
0.0537836,88.66250554140797,36.37666125858536
0.0546844,88.27342957401444,36.01978773008426
0.0555741,87.88403735316268,35.66424858892003
0.0564476,87.50039227053661,35.315712645727984
0.0573061,87.12042793404696,34.97328658660257
0.0581506,86.74610828005972,34.63770481870969
0.058982,86.37538576326396,34.30809222640397
0.0598012,86.00822797463564,33.98120928277123
0.0606088,85.64263087185044,33.662586553202175
0.0614057,85.28251513539641,33.35053398344377
0.0621924,84.92586910503624,33.03790983219935
0.0629694,84.57071454559208,32.733380635301984
0.0637375,84.2209236473893,32.43524361525314
0.0644971,83.87064829562796,32.13807866363638
0.0652485,83.5256761522284,31.84409733494536
0.0659924,83.18212292929906,31.55800583051939
0.0667291,82.84189027366972,31.27427122168021
0.067459,82.5030492422966,30.992152294850456
0.0681824,82.16748609764343,30.71542501107075
0.0688997,81.83328778283692,30.44333429640605
0.0696111,81.5004487467296,30.172786724452838
0.0703171,81.17083246672252,29.90751273620808
0.0710179,80.8425492700753,29.643736462046235
0.0717137,80.51559376533322,29.384481896922352
0.0724049,80.19180704618311,29.12736306818752
0.0730916,79.86932240821496,28.87169034167832
0.073774,79.54813461521836,28.62046103079487
0.0744525,79.22823845203978,28.37364119078751
0.0751272,78.9096287244981,28.128210651113505
0.0757983,78.59230025930012,27.88416262991464
0.076466,78.27624790395652,27.644458627625283
0.0771305,77.96326167647233,27.406736780797985
0.0777919,77.64973894712325,27.169722911455125
0.0784505,77.33747702318055,26.93698829506377
0.0791063,77.02824445487538,26.706182079556683
0.0797596,76.71848181899857,26.478986027953
0.0804105,76.40996486762702,26.25015835011501
0.0810592,76.10268859134476,26.02843578012224
0.0817058,75.79664800088086,25.805069022060906
0.0823503,75.49183812702819,25.58585360606449
0.0829931,75.18652276696612,25.367293930906182
0.0836341,74.88244220885619,25.14997800340477
0.0842735,74.57959145872803,24.93676002832589
0.0849115,74.27796554280863,24.72475556684185
0.0855481,73.9758561307942,24.51623639632677
0.0861835,73.67667193140474,24.306636822189773
0.0868177,73.37531860130929,24.09994723367656
0.087451,73.07688050870648,23.89499848774957
0.0880834,72.77798045368242,23.69067950603383
0.0887149,72.48030296374692,23.49033625200383
0.0893458,72.18218096307369,23.29061145148694
0.0899761,71.88528518143724,23.09204471901343
0.0906059,71.58796218249742,22.896872589731306
0.0912353,71.29186893406182,22.70007721891713
0.0918645,70.99700034978899,22.50718273174884
0.0924934,70.70172337828909,22.314899975639293
0.0931223,70.40605328762096,22.12323641495078
0.0937511,70.11161967038429,21.935428143373542
0.0943801,69.81680974576432,21.74822649020514
0.0950092,69.52163864388208,21.561638591234484
0.0956386,69.22771546466636,21.376163689947205
0.0962685,68.93344766259301,21.191308017121955
0.0968987,68.64043071126282,21.010239450560647
0.0975295,68.34708552573505,20.82977674215012
0.098161,68.05342698879129,20.649926572542228
0.0987932,67.75946994103771,20.47069553350427
0.0994263,67.46522917972278,20.292090127692987
0.10006,67.1722661383442,20.117210130000203
0.100695,66.87903530406575,19.94294142451035
0.101331,66.58555132004815,19.766679007987637
0.101969,66.29182878281046,19.5962626031604
0.102607,65.99788224109328,19.423864625640647
0.103247,65.70372619473264,19.25210221666941
0.103889,65.40937509354423,19.083554054104997
0.104532,65.11484333621858,18.91307060694203
0.105176,64.82014526922678,18.748346873175635
0.105823,64.52529518573736,18.58169898307679
0.106471,64.23030732454399,18.41569550207269
0.107122,63.93519586900455,18.2503417791649
0.107774,63.63850959828527,18.087740849613468
0.108429,63.34320007697665,17.926200624712195
0.109085,63.04635745746975,17.764896856631765
0.109745,62.74946104288665,17.604250940016456
0.110406,62.451086720823874,17.44386602986458
0.111071,62.152700036398606,17.28415587122717
0.111738,61.85431475690679,17.125125067387856
0.112408,61.55452722192542,16.968831463539615
0.11308,61.25478219887769,16.81321304959961
0.113756,60.9536897240169,16.65789051891403
0.114435,60.65268064697658,16.503258726908612
0.115117,60.35037874868148,16.348945266354534
0.115803,60.04681824575064,16.194964710118
0.116492,59.74340898391457,16.041700844615804
0.117185,59.43742687833301,15.89079698319422
0.117882,59.13165031980479,15.73824924555285
0.118583,58.82609229603855,15.58879306732517
0.119288,58.51807079392043,15.439349425174129
0.119997,58.20898145032647,15.290294173830972
0.120711,57.89885829788176,15.141640616512646
0.121429,57.589061352993966,14.993747133831375
0.122151,57.27564650043374,14.845590983133278
0.122879,56.96262570608968,14.700505455578591
0.123612,56.64870679225793,14.55357736099336
0.12435,56.33262641951693,14.409045685049932
0.125094,56.01444019285339,14.262396647490917
0.125843,55.69548626145068,14.11849092384827
0.126598,55.37579828915584,13.97507781176816
0.127358,55.0541421654142,13.831850403137722
0.128126,54.73057363028225,13.688829969548337
0.128899,54.40514849327549,13.546037557434346
0.12968,54.07792261758543,13.40349398337274
0.130467,53.748951904371765,13.263389684363617
0.131261,53.41829227713519,13.121393335966133
0.132063,53.085999666177095,12.979706768743055
0.132873,52.75212999315202,12.840483524329358
0.13369,52.41553222959188,12.69917122134055
0.134516,52.07628558567893,12.560053772574634
0.13535,51.73566073597923,12.421311925938651
0.136194,51.39253022834875,12.28268141864271
0.137046,51.04579828925424,12.143910469424751
0.137908,50.69790345166324,12.005589057437575
0.13878,50.34658293992729,11.8671883365663
0.139663,49.993092222736216,11.729014821704167
0.140556,49.63751142123579,11.591095067852764
0.14146,49.27765129385691,11.454933433806248
0.142375,48.91476822163822,11.316810663968084
0.143303,48.55008560432375,11.179038121280144
0.144243,48.18146489234178,11.0411324069632
0.145196,47.809037446007366,10.905087828337244
0.146163,47.43293519088219,10.768968709126767
0.147143,47.05437399531805,10.631140079810647
0.148138,46.67131095537637,10.495009751536102
0.149149,46.28390569232599,10.358692085136424
0.150175,45.89231860608783,10.222237378520944
0.151218,45.49671076580054,10.083832421568433
0.152279,45.09724380076613,9.9472676816944
0.153358,44.69305068450678,9.810487850638737
0.154456,44.28330233292089,9.673327686865065
0.155574,43.86922882188205,9.536073115581118
0.156714,43.449021469701165,9.396563008427153
0.157876,43.02392224489435,9.25867055414139
0.159061,42.59219282955289,9.120239305994644
0.160272,42.15411733099945,8.981351867890936
0.161509,41.709981767053854,8.842090058753897
0.162774,41.25912372078694,8.702334454603985
0.16407,40.79998467844716,8.561780450473904
0.165397,40.33387982704672,8.420730109686033
0.166758,39.859330521252,8.277254617669328
0.168156,39.37494861172752,8.134404192633113
0.169593,38.88212570527512,7.9908338410597395
0.171072,38.37867704045927,7.846125043097658
0.172596,37.86430589358852,7.700252668795514
0.174169,37.33876935690784,7.551658180628195
0.175795,36.80018483545034,7.403112425703654
0.177478,36.24849668400528,7.253081009852877
0.179223,35.68206664212383,7.099801570303796
0.181037,35.10023305013026,6.946174597206223
0.182894,34.51119518865794,6.792362481707805
0.184743,33.93204232144628,6.643144347299923
0.186585,33.36107219300826,6.498089159917974
0.188419,32.799709705763206,6.357380690471125
0.190247,32.247050668833545,6.220749959415613
0.192067,31.70370366587734,6.086903949985285
0.19388,31.16807641767177,5.958109947219668
0.195687,30.641498476513835,5.8331954696671175
0.197488,30.12312333777607,5.710659224850708
0.199282,29.612835901052147,5.591695513164872
0.20107,29.110522460500523,5.476202927132682
0.202852,28.61672960856802,5.363011611858298
0.204629,28.13001734812561,5.253009490744418
0.206399,27.651583071495637,5.14634594232799
0.208164,27.18066012200726,5.042804753196442
0.209924,26.71714207916604,4.941178834128472
0.211679,26.26092382894107,4.841436071165674
0.213428,25.811901551084077,4.744624271384794
0.215173,25.36997270651729,4.650657775102907
0.216913,24.93503602479065,4.558409676537714
0.218648,24.50755579243822,4.467954268455991
0.220379,24.086849551301217,4.380164813853838
0.222105,23.672820224134355,4.294962431577304
0.223827,23.265371944001167,4.211295753097815
0.225545,22.86441004222348,4.1291395310989145
0.227258,22.46984103640156,4.049410431025102
0.228968,22.082081071358203,3.971201699325967
0.230674,21.700013298554136,3.8943052915968295
0.232376,21.324556124748582,3.819773415682732
0.234075,20.95511265742273,3.746567283347375
0.23577,20.591595576300257,3.6746653282654194
0.237462,20.23391866907365,3.604895106842484
0.239151,19.881996820055186,3.536357625175569
0.240836,19.53574599889972,3.469032941259556
0.242519,19.195525237613797,3.4037853770568205
0.244198,18.860360949212712,3.339603838181312
0.245875,18.531048811186725,3.2766252296128897
0.247549,18.207067403767667,3.2147530986733277
0.24922,17.88833831820743,3.1539696260948205
0.250889,17.575188836859628,3.095066606756795
0.252555,17.26672610391639,3.037119047563184
0.254218,16.96367721081852,2.9802517567961324
0.25588,16.66556339588361,2.9250774682161307
0.257539,16.37268853035517,2.870233860251247
0.259196,16.084219823990853,2.816960259970092
0.260851,15.800833617937798,2.7646726653648344
0.262505,15.5220829508655,2.7132903970042506
0.264156,15.248249868287294,2.662860384812216
0.265805,14.978902710603393,2.6139344746799686
0.267453,14.71397453202829,2.5652284226406543
0.269099,14.45339926752388,2.517977023211351
0.270744,14.197438627594485,2.4709976611007995
0.272386,13.94568977506102,2.4254228878537134
0.274028,13.698404930889524,2.3806873184379604
0.275668,13.45519511844036,2.336721717606917
0.277307,13.215999087792094,2.293513920107717
0.278945,12.981055298792816,2.2511037654195576
0.280581,12.74999457553166,2.209425676251083
0.282217,12.522758345971408,2.1684680462747323
0.283852,12.299572024332209,2.128268438366078
0.285485,12.080085273859307,2.089272955487097
0.287118,11.864242092874642,2.050445066369207
0.28875,11.652255530259914,2.012337595550253
0.290381,11.443793171056384,1.974891722303468
0.292012,11.239060266214013,1.938141512393969
0.293642,11.03773593848319,1.9020302649795475
0.295272,10.839768318496777,1.86686710781002
0.296901,10.645351352265946,1.8321293607182128
0.298529,10.454180637765152,1.798083679571736
0.300158,10.266206602936894,1.76462924064505
0.301786,10.081612482708737,1.731796473767183
0.303414,9.900314707329406,1.699569926520283
0.305042,9.722075737080637,1.6679486993061945
0.306669,9.546913771508576,1.636932706045318
0.308297,9.374799754953008,1.6064348850799668
0.309924,9.20568266559459,1.5766027614683615
0.311552,9.039512299159838,1.5472682570782403
0.31318,8.876218818191427,1.5184580447112808
0.314808,8.715794862250899,1.4902434452838786
0.316436,8.55819149750247,1.4625392053202546
0.318064,8.403321898687798,1.4352943544647552
0.319693,8.251197832913915,1.408651114229805
0.321322,8.1017530258554,1.3824211311979049
0.322951,7.954941678999402,1.3567001831404362
0.324581,7.810718751432324,1.3315109813543824
0.326211,7.669039947755733,1.306744828530265
0.327842,7.529861706187283,1.282458929407218
0.329474,7.393158210200225,1.258615417595454
0.331106,7.258869688458144,1.2352647285855929
0.332738,7.126954726840293,1.2122758246049408
0.334371,6.997372598667106,1.1897625089255737
0.336005,6.87008325369415,1.167656335456407
0.33764,6.745062838338542,1.1459243652612656
0.339276,6.622271774567304,1.1246167823913638
0.340912,6.50164121770288,1.1037199005023943
0.342549,6.3831786577855,1.0832330595159352
0.344188,6.266802384476099,1.0630876958388829
0.345827,6.152505349687603,1.0433355501056454
0.347467,6.040251195908229,1.023917731471915
0.349108,5.929990532583382,1.0048518956667944
0.35075,5.821688982434555,0.9861809204800008
0.352394,5.715325902243765,0.9678500710367572
0.354038,5.610867331922619,0.9498296282428528
0.355684,5.508267209578066,0.932159219927815
0.357331,5.407505875599535,0.9148339196711
0.358979,5.308551072830283,0.8978243412906206
0.360628,5.211371097200371,0.8810809097205876
0.362279,5.115923008611803,0.8647063519866016
0.363931,5.022199957088079,0.8485897831945817
0.365584,4.930159843358591,0.8328093232440903
0.367239,4.839773084731995,0.8173166051584335
0.368895,4.751010606820231,0.8020864583080236
0.370552,4.663854573925225,0.787156078277258
0.372211,4.578276311609965,0.7724999975001428
0.373872,4.4942476499295445,0.7580942937041808
0.375534,4.411730756291086,0.7439892250419096
0.377198,4.330718946985446,0.7301266010807144
0.378863,4.2511751653663925,0.7165189180853364
0.38053,4.173063564722644,0.70317753044481
0.382199,4.096368331449281,0.690081330668364
0.383869,4.0210641345365445,0.6772089152135203
0.385541,3.947135178144404,0.6645916767146058
0.387214,3.87453867227138,0.6522213041154199
0.38889,3.803259861269366,0.6400621633060064
0.390567,3.7332837505275656,0.6281282118431335
0.392246,3.664569814967455,0.6164279250357962
0.393927,3.5971123291466007,0.6049289831564924
0.395609,3.530880341940967,0.5936417697173555
0.397294,3.465851893205752,0.5825624386361401
0.39898,3.4020054107135658,0.5717015631549272
0.400668,3.3393273924804654,0.5610559332317804
0.402359,3.277789049489552,0.5505783212477233
0.404051,3.2173699409551344,0.5402938513072355
0.405745,3.1580572591949205,0.5302268767445186
0.407441,3.099823740081563,0.5203189006936739
0.409139,3.0426570215898416,0.5106076933638697
0.410839,2.98653081394755,0.5010879997049313
0.412542,2.9314264356001964,0.4917187685766802
0.414246,2.8773321609514837,0.4825478559100515
0.415953,2.8242230941226323,0.4735457857345286
0.417661,2.772087917995834,0.4646871693414303
0.419372,2.7208963621979696,0.456014049995022
0.421085,2.67065014993268,0.4475027896321046
0.4228,2.6213197520913942,0.4391262246762704
0.424517,2.572900551155192,0.4309281391579631
0.426237,2.5253699012408486,0.4228821119374428
0.427958,2.4787173119574404,0.4149862968214837
0.429682,2.4329153583782728,0.4072360144255595
0.431408,2.387959737271771,0.3996304585330801
0.433137,2.343824016299731,0.3921651208964221
0.434868,2.3005040385059856,0.3848392231657076
0.436601,2.257984726830089,0.3776501611512008
0.438336,2.216241076684142,0.3705936726426362
0.440074,2.1752691466950247,0.3636598401083013
0.441814,2.135049753834883,0.3568639088256149
0.443556,2.0955691676582457,0.3501941552749432
0.445301,2.0568186425408657,0.3436490434965376
0.447048,2.018784678451414,0.3372262445129785
0.448798,1.9814449000843852,0.3309219489041326
0.45055,1.944795764490398,0.324735494833086
0.452304,1.908824497425447,0.318664679839848
0.454061,1.873518560920076,0.3127231582602863
0.455821,1.8388571806394425,0.3068677107982247
0.457582,1.8048412154982945,0.3011301956580032
0.459347,1.7714504132818352,0.2954992613980907
0.461114,1.738677363842232,0.2899736088971236
0.462883,1.7065106383287845,0.2845656770393696
0.464655,1.6749390193323797,0.2792444539084679
0.466429,1.6439477116398264,0.2740220915257167
0.468206,1.6135298344670763,0.2688973844626563
0.469985,1.5836784242098194,0.2638757999387118
0.471767,1.5543792855469951,0.2589414212974561
0.473551,1.525618688203864,0.2540987172119338
0.475338,1.4973936945378783,0.2493471439928472
0.477128,1.46969426673443,0.244697385799383
0.47892,1.4425105562709384,0.2401227017288203
0.480715,1.4158296402533996,0.235627554460732
0.482512,1.389645418684962,0.2312346779493066
0.484312,1.3639485862768104,0.2269121226467825
0.486114,1.3387269306201766,0.2226709254396182
0.487919,1.313977715991423,0.2185183184867378
0.489727,1.289686043233779,0.2144349792563047
0.491537,1.26584636842824,0.2104369701766915
0.49335,1.2424496555122992,0.2065049574754196
0.495165,1.2194881933900574,0.2026473865787212
0.496983,1.1969543847324315,0.198869998117698
0.498804,1.174839392394917,0.1951559781331919
0.500627,1.1531348564544286,0.1915111328658345
0.502452,1.1318333852396103,0.1879428235379761
0.504281,1.1109279669201224,0.1844333975163556
0.506112,1.0904119440851376,0.180997992866116
0.507945,1.0702762788146505,0.1776192891099255
0.509782,1.0505160692714872,0.1743041966973544
0.51162,1.0311230611584492,0.1710585919749001
0.513462,1.0120915291934909,0.1678666835472915
0.515306,0.9934138944716028,0.1647353931742561
0.517152,0.97508460569864,0.1616694124506434
0.519002,0.9570964381530148,0.1586542250329838
0.520853,0.9394442227335528,0.1556963425504975
0.522708,0.9221203363176949,0.1527998980639533
0.524565,0.9051200804545144,0.1499522882785549
0.526424,0.8884373335400703,0.1471580428822867
0.528286,0.8720654887592021,0.1444226865827742
0.530151,0.8559994783180916,0.1417337940830754
0.532018,0.8402344812628305,0.1390986299922654
0.533888,0.8247643869689142,0.1365111191308354
0.53576,0.8095847148666416,0.1339692412686064
0.537635,0.7946891800547055,0.1314842021612703
0.539512,0.7800725576038416,0.1290384787840022
0.541392,0.7657305953360732,0.1266466439491347
0.543274,0.7516575083286496,0.1242936485846715
0.545159,0.7378481623790389,0.1219883241476134
0.547046,0.7242975230423506,0.1197235205201912
0.548936,0.7110006536607728,0.1175075783944656
0.550828,0.6979527134325512,0.1153304958676253
0.552723,0.6851505331352937,0.1131918925204527
0.55462,0.6725893712604293,0.1110996471483696
0.556519,0.6602630595338951,0.1090412463443728
0.558421,0.6481671252042073,0.1070271939651936
0.560325,0.6363001124692964,0.1050488606137429
0.562231,0.6246546827062992,0.1031104434231922
0.56414,0.6132280331428979,0.1012035425261443
0.566051,0.6020173393205519,0.0993355901493668
0.567964,0.5910170366102439,0.0975055071214761
0.569879,0.5802230798783483,0.0957075675514484
0.571797,0.56963150353677,0.0939460497351032
0.573716,0.5592409953394384,0.0922182246810046
0.575638,0.5490463389405481,0.0905208970526925
0.577562,0.5390424902742966,0.0888579027338063
0.579489,0.5292282273265271,0.087228899085574
0.581417,0.5195986332067328,0.0856263524177438
0.583347,0.5101513027174233,0.084056561404719
0.585279,0.5008815099537339,0.0825186139394361
0.587213,0.4917880821913504,0.0810101099165981
0.58915,0.4828664152292777,0.0795282392716221
0.591088,0.4741131488257551,0.0780765558332404
0.593028,0.4655260625038717,0.0766526050761423
0.594969,0.4571029246346965,0.0752579408151209
0.596913,0.4488394277594398,0.0738879451851834
0.598858,0.4407334367387536,0.0725442239563083
0.600805,0.4327808145765087,0.0712297443342597
0.602753,0.4249804969268889,0.0699369394831955
0.604703,0.4173284573755845,0.0686723899468148
0.606655,0.4098217467065982,0.0674284827119591
0.608608,0.4024584034324024,0.0662118798915066
0.610563,0.3952364592624606,0.0650170543195838
0.612519,0.3881512597409238,0.0638449652783428
0.614476,0.3812027280721712,0.0626955932054138
0.616434,0.3743863447203869,0.0615697702756911
0.618394,0.3677011600377969,0.0604625866006022
0.620355,0.361143664094929,0.0593782054716126
0.622317,0.3547112804263134,0.0583146144990428
0.624279,0.3484030915028415,0.0572716565138147
0.626243,0.3422157551537391,0.0562444365315438
0.628208,0.3361475884978624,0.0552400066255579
0.630174,0.3301969063541373,0.0542509501059839
0.63214,0.324361275839935,0.053283936878548
0.634107,0.3186390510384436,0.0523304586644507
0.636075,0.3130271448512848,0.0513969001877324
0.638043,0.3075254056221354,0.0504779530084531
0.640011,0.3021307995549304,0.0495771432253697
0.641981,0.2968417614398851,0.0486891782386555
0.64395,0.2916567284835862,0.0478189803207121
0.645919,0.2865741414662418,0.0469614265289212
0.647889,0.2815917974539439,0.0461187685174361
0.649859,0.2767088185019282,0.0452886206951479
0.651828,0.2719236618343068,0.0444743945435475
0.653798,0.2672347923540329,0.0436713458562159
0.655767,0.2626406835380156,0.0428817041582945
0.657736,0.2581404126735706,0.0421032674140434
0.659704,0.2537324424261045,0.0413360217403672
0.661672,0.2494163962891834,0.0405811865912461
0.663639,0.2451907036603884,0.0398365927399407
0.665606,0.2410526998210635,0.0391041047531308
0.667571,0.23700199403696,0.0383817964204585
0.669535,0.2330354542204396,0.0376703821774028
0.671498,0.2291516559532458,0.0369698074014663
0.67346,0.2253471137547411,0.0362796768613128
0.67542,0.2216210458393652,0.0356009627484478
0.677379,0.2179711422163099,0.034933399025422
0.679336,0.2143966524108513,0.0342787814300229
0.681291,0.2108958335892818,0.0336341550034734
0.683245,0.2074679425079297,0.0329995330397317
0.685195,0.2041122170473315,0.0323766486439765
0.687144,0.2008283406942522,0.0317646327221869
0.68909,0.1976150424543735,0.0311633527007591
0.691034,0.1944724116886423,0.0305728850549134
0.692974,0.191400029333615,0.0299924068746867
0.694636,0.1888204376889746,0.0295032235763863
0.695119,0.1880784339740424,0.0293609349826317
0.695602,0.187341502931895,0.0292212344070784
0.696085,0.186608318702359,0.0290815175999669
0.696568,0.185879715887895,0.0289419221696753
0.69705,0.1851552368691988,0.0288039568279174
0.697532,0.1844352802613533,0.0286668894707535
0.698014,0.1837193922130523,0.0285298674293585
0.698496,0.1830079684518635,0.0283921819485228
0.698978,0.1823005588479245,0.0282568769137086
0.699459,0.1815975562736542,0.0281209076929224
0.69994,0.1808989308094221,0.0279865911576661
0.700421,0.180204237835481,0.0278523165122596
0.700902,0.1795142793629361,0.0277197402699334
0.701382,0.1788281978717857,0.0275879594818098
0.701862,0.1781467894785925,0.0274555808414237
0.702342,0.1774696120773878,0.0273240598907559
0.702821,0.1767962300459361,0.0271933277093499
0.703301,0.1761274307926984,0.0270627547907176
0.70378,0.1754627775924921,0.0269337723434029
0.704258,0.1748026450765128,0.0268049411007793
0.704737,0.1741466000774419,0.0266762008321148
0.705215,0.17349501467898,0.0265490903812899
0.705693,0.1728478572197981,0.0264228595530661
0.70617,0.1722046997930691,0.0262952434899647
0.706647,0.1715659107341344,0.0261706993789526
0.707124,0.1709314591571768,0.026045560620768
0.707601,0.1703013144403068,0.0259205608087754
0.708077,0.1696754462231799,0.0257964229868415
0.708553,0.1690538244046358,0.025674579240119
0.709029,0.168436419140363,0.0255514233146142
0.709504,0.1678235872682311,0.0254291730527188
0.709979,0.1672152952461228,0.0253085327944052
0.710454,0.166611126204812,0.0251887203809086
0.710928,0.1660110513610173,0.025067609028464
0.711402,0.1654158039426188,0.0249488510813712
0.711875,0.1648245884391612,0.0248302037757414
0.712348,0.1642381331939295,0.0247117819159382
0.712821,0.1636560255656929,0.0245949222598275
0.713293,0.1630782340893991,0.0244782212697694
0.713765,0.1625051017712693,0.0243631197372128
0.714237,0.1619425598680701,0.0242787822266026
0.714709,0.1613827085023539,0.0241948480872475
0.71518,0.1608251629110986,0.024111259634635
0.71565,0.1602691744966222,0.0240279046373656
0.71612,0.1597151081888077,0.0239448378065246
0.71659,0.1591629573427432,0.023862058145892
0.717059,0.1586130805561833,0.0237796194172267
0.717527,0.1580647395280918,0.0236974109328246
0.717995,0.157518294168895,0.023615486651243
0.718463,0.1569737379250788,0.0235338455899647
0.71893,0.1564314244620369,0.023452540771278
0.719396,0.1558906256337527,0.0233714630299416
0.719862,0.1553520541111483,0.0232907192111369
0.720328,0.1548149867723846,0.0232102009028585
0.720793,0.154279776128262,0.0231299609542952
0.721257,0.1537467697746172,0.0230500514777741
0.721721,0.1532152520617757,0.0229703651815332
0.722184,0.152685923429899,0.0228910070770911
0.722647,0.1521584235245802,0.022811923139328
0.723109,0.1516327460279279,0.0227331124210521
0.723571,0.1511085367032131,0.0226545218143193
0.724033,0.1505864863595191,0.0225762548867358
0.724493,0.1500662395973256,0.0224982583560296
0.724954,0.1495477901856122,0.0224205312880325
0.725413,0.1490311319148859,0.0223430727518036
0.725873,0.1485162585971058,0.0222658818196184
0.726331,0.1480031640656099,0.0221889575669574
0.726789,0.1474918421750407,0.0221122990724954
0.727247,0.1469822868012714,0.0220359054180896
0.727704,0.1464744918413332,0.0219597756887699
0.728161,0.1459684512133417,0.0218839089727267
0.728617,0.1454641588564243,0.0218083043613008
0.729073,0.1449619425174711,0.0217330109910217
0.729528,0.1444611274506001,0.0216579277025134
0.729982,0.143962042601515,0.0215831038120339
0.730436,0.1434650123326711,0.021508587948711
0.730888,0.1429720024832165,0.0214346748354427
0.732696,0.1410071062228224,0.0211400932971316
0.734497,0.1390688937536037,0.0208495122510657
0.736289,0.1371570071580864,0.0205628780374758
0.738073,0.1352714047319147,0.0202801844039537
0.739848,0.1334114179349855,0.0200013311215072
0.741615,0.131577006025015,0.0197263120819641
0.743373,0.1297675185452678,0.0194550297674303
0.745123,0.1279832103861059,0.0191875223916254
0.746865,0.1262231458899773,0.0189236496787258
0.748598,0.1244869997002205,0.0186633628505505
0.750323,0.122775016169405,0.0184066985409702
0.752039,0.121086576362969,0.0181535639579639
0.753746,0.1194213565003693,0.0179039105596453
0.755446,0.1177790372537924,0.0176576904716914
0.757137,0.116159571153908,0.0174148965773965
0.758819,0.1145621089832318,0.0171754015602207
0.760493,0.1129868757655427,0.0169392391562206
0.762158,0.1114333020626107,0.016706323993973
0.763815,0.109901343112213,0.0164766493626278
0.765463,0.1083901955969003,0.0162500948270787
0.767103,0.1069000725618068,0.0160257815450118
0.768734,0.1054306781521927,0.0158050501121802
0.770357,0.1039812418701108,0.0155868800628205
0.771971,0.1025519682330856,0.0153765624928773
0.773577,0.1011425735587619,0.0151652389496996
0.775174,0.0997516297605028,0.0149549821719315
0.776763,0.0983807207651725,0.0147494525015518
0.778343,0.0970286524792922,0.0145467474714775
0.779915,0.0956973694587657,0.0143471586137759
0.781478,0.0943821790710452,0.0141499823987278
0.783033,0.0930850636394675,0.0139555160205768
0.784579,0.091805774755861,0.0137637222374274
0.786117,0.0905440674259833,0.0135745643192078
0.787646,0.0892997000226026,0.0133880060406355
0.789167,0.0880724342392243,0.0132040116742807
0.79068,0.0868620350444535,0.0130225459837233
0.792183,0.0856682706369842,0.0128435742168053
0.793679,0.0844889669484521,0.0126667704324498
0.795166,0.0833278161474687,0.0124926881686379
0.796645,0.082182623302078,0.0123209983563775
0.798115,0.081053169098521,0.0121516681156711
0.799577,0.0799373965893483,0.0119843890644648
0.801031,0.0788387990395065,0.0118196849206684
0.802476,0.0777552997619128,0.011657244342819
0.803913,0.0766866912576293,0.0114970362222228
0.805341,0.0756327688794224,0.0113390298777197
0.806761,0.0745933307925713,0.0111831950498076
0.808173,0.0735681779362149,0.0110295018948473
0.809577,0.0725571139852302,0.0108779209793478
0.810972,0.0715599453126343,0.0107284232743291
0.812359,0.0705764809525033,0.0105809801497626
0.813738,0.0696081353314959,0.0104358036595819
0.815108,0.0686514951332031,0.0102923820719369
0.816471,0.0677080022554733,0.010150931559302
0.817825,0.066779013637645,0.010011655556986
0.819171,0.0658612546926039,0.0098740631317376
0.820509,0.0649576044012475,0.0097385859066603
0.821838,0.0640648774913957,0.0096047463387927
0.82316,0.0631858744192402,0.0094729642786428
0.824473,0.0623174967914549,0.0093427752083166
0.825778,0.0614610534719523,0.0092143753555505
0.827076,0.0606163804448602,0.0090877401307265
0.828365,0.0597846925259825,0.0089630516616831
0.829646,0.0589630581029289,0.0088398704346885
0.830919,0.0581527155858236,0.0087183821148929
0.832184,0.0573535097874732,0.0085985634362936
0.833442,0.0565652876534571,0.0084803914526375
0.834691,0.0557891828114331,0.0083640361198586
0.835932,0.0550224595735076,0.0082490872976537
0.837166,0.0542662735848112,0.0081357182428647
0.838392,0.0535217123983502,0.008024092003813
0.83961,0.052786151514297,0.0079138151097533
0.84082,0.052061898363972,0.007805233495828
0.842022,0.0513475823394026,0.0076981416774967
0.843216,0.0506419010118237,0.0075923443917947
0.844403,0.0499470680813282,0.0074881735214743
0.845582,0.0492617686160394,0.0073854319290769
0.846753,0.0485858718119111,0.0072841000041743
0.847917,0.0479181452908223,0.0071839929859474
0.849073,0.0472606836898339,0.0070854249069584
0.850222,0.046611169525991,0.0069880483251019
0.851362,0.0459705817808137,0.0068920100114254
0.852496,0.0453398417529484,0.0067974480890338
0.853622,0.0447167261501738,0.0067040292371021
0.85474,0.0441031896665051,0.0066120465076256
0.855851,0.0434970696504037,0.006521175671163
0.856954,0.0428992796774738,0.0064315536929638
0.85805,0.0423106794942483,0.0063433094681058
0.859139,0.0417301552082942,0.006256275999403
0.86022,0.0411566483363871,0.0061702945967388
0.861294,0.0405919579515165,0.0060856349810646
0.862361,0.0400350154091854,0.0060021369388637
0.863421,0.039485714405009,0.0059197845327506
0.864473,0.0389439500931531,0.0058385620440088
0.865518,0.0384096190663226,0.005758453969591
0.866556,0.0378826193360234,0.0056794450191591
0.867586,0.0373637106344225,0.005601649093419
0.86861,0.0368510613057916,0.0055247915865438
0.869626,0.0363462826840922,0.0054491140732399
0.870636,0.0358484184211085,0.0053744731756943
0.871638,0.0353573738053088,0.0053008546945473
0.872633,0.0348722524499704,0.0052281242415439
0.873621,0.0343945791644934,0.0051565104194393
0.874603,0.0339226678468585,0.0050857604441365
0.875577,0.033457231395238,0.0050159811948865
0.876545,0.0329981809711397,0.0049471593528285
0.877506,0.0325454289549813,0.0048792817818433
0.87846,0.0320988889293661,0.0048123355260462
0.879407,0.0316584756625885,0.0047463078073137
0.880348,0.031223386139054,0.0046810782357941
0.881282,0.0307949852208908,0.0046168514345985
0.882209,0.0303724621836809,0.0045535058581515
0.883129,0.0299550466314949,0.004490926007013
0.884043,0.0295440479837697,0.0044293081922046
0.884951,0.0291380175135241,0.0043684352174136
0.885852,0.0287382289255518,0.0043084980392439
0.886746,0.0283439256426452,0.0042493832299886
0.887634,0.0279543887225992,0.0041909830042621
0.888515,0.02757084013046,0.0041334805617328
0.889391,0.0271925540222905,0.0040767670822924
0.890259,0.0268194581941035,0.0040208317409616
0.891122,0.0264514814325882,0.0039656638612852
0.891978,0.0260885535015166,0.0039112529132947
0.892828,0.0257306051283381,0.0038575885114979
0.893671,0.0253775679909571,0.0038046604128969
0.894509,0.0250299510339782,0.0037525449195786
0.89534,0.0246865272311665,0.00370105807309
0.896165,0.0243483760151977,0.0036503617043352
0.896984,0.0240143037722244,0.0036002768641196
0.897797,0.0236853605415634,0.0035509609766306
0.898603,0.0233609231108632,0.0035023206085115
0.899404,0.0230409297605584,0.0034543465066303
0.900199,0.0227253196165059,0.0034070295446026
0.900988,0.0224140326384048,0.0033603607210551
0.901771,0.022106500581527,0.0033142548434976
0.902548,0.0218036900653917,0.0032688568296391
0.903319,0.0215045322225568,0.0032240064325385
0.904084,0.0212094789792032,0.0031797714059558
0.904844,0.0209184740181145,0.0031361433066909
0.905598,0.0206314617947758,0.0030931138073889
0.906346,0.0203483875267714,0.0030506746949503
0.907089,0.0200691971833286,0.0030088178689637
0.907826,0.0197938374750047,0.0029675353401595
0.908557,0.0195222558435154,0.002926819228885
0.909283,0.0192544004517033,0.0028866617636002
0.910003,0.0189906574446564,0.0028471208360201
0.910717,0.0187300958563142,0.0028080568736798
0.911427,0.0184735346709471,0.0027695926604896
0.91213,0.018220068273052,0.0027315924245957
0.912829,0.0179704933456484,0.002694175606456
0.913522,0.0177243370467292,0.0026572713165644
0.914209,0.0174815525485911,0.0026208725344092
0.914891,0.0172420936649671,0.0025849723356445
0.915568,0.0170055232710889,0.0025495051855704
0.91624,0.0167725849432935,0.0025145825627751
0.916907,0.0165424564505773,0.002480081196591
0.917568,0.016315485439152,0.0024460532068974
0.918224,0.0160912580675751,0.0024124365496815
0.918876,0.015870477730047,0.0023793366793378
0.919522,0.0156523661991122,0.0023466369223067
0.920163,0.0154372522238108,0.0023143865653622
0.920799,0.0152254451828594,0.0022826319912373
0.92143,0.0150161984787283,0.0022512612683997
0.922056,0.0148101685117363,0.0022203728058187
0.922677,0.0146066290479316,0.0021898577249143
0.923293,0.0144062185841999,0.002159811750534
0.923905,0.0142085578551155,0.0021301780223769
0.924511,0.0140136091329046,0.0021009508842128
0.925113,0.013821335207438,0.0020721247574179
0.92571,0.01363201326422,0.0020437411982482
0.926303,0.0134449750303528,0.0020157000177715
0.92689,0.0132608083951428,0.0019880893536366
0.927473,0.0130791644384389,0.0019608568949723
0.928052,0.012900008605085,0.0019339974611943
0.928625,0.0127235997815935,0.0019075498651337
0.929194,0.0125493144032834,0.001881420620612
0.929759,0.0123777013557824,0.001855692017761
0.930319,0.0122084351327473,0.0018303152559589
0.930874,0.0120412063789191,0.0018052439559898
0.931426,0.0118762682918145,0.0017805160777782
0.931972,0.0117135894943294,0.0017561269172003
0.932514,0.0115528730213624,0.0017320319525994
0.933052,0.011394361661072,0.0017082675833066
0.933586,0.0112377663960651,0.001684790479203
0.934115,0.0110835784607548,0.0016616742872247
0.93464,0.0109312543588952,0.0016388375252276
0.935161,0.0107812719263951,0.0016163518314146
0.935677,0.0106331024909635,0.0015941379460813
0.93619,0.0104869693812777,0.0015722293511508
0.936698,0.0103428446116567,0.0015506218509487
0.937202,0.0102007005810332,0.0015293113074626
0.937702,0.0100605100676673,0.0015082936395498
0.938198,0.0099222462239337,0.0014875648221559
0.93869,0.0097858825711801,0.0014671208855432
0.939178,0.009651392994656,0.0014469579145315
0.939662,0.009518751738512,0.0014270720477476
0.940142,0.0093881495685108,0.0014074918852112
0.940618,0.0092591261257472,0.0013881484089099
0.94109,0.0091318758810629,0.0013690707743369
0.941559,0.0090065818468228,0.0013502864191057
0.942023,0.0088828023747417,0.001331729130341
0.942484,0.0087609257571239,0.0013134571216728
0.942941,0.0086407213493894,0.0012954358143621
0.943394,0.0085221662079584,0.0012776617686573
0.943844,0.0084052377040489,0.001260131592002
0.94429,0.0082899135193574,0.0012428419383873
0.944732,0.008176171641799,0.0012257895077136
0.94517,0.0080641760436837,0.0012089988830674
0.945605,0.0079537145393407,0.0011924382531098
0.946036,0.0078445854847185,0.0011760773869241
0.946464,0.0077369537368582,0.001159941000238
0.946888,0.007630798751941,0.0011440260130773
0.947308,0.0075259269751519,0.0011283034072814
0.947725,0.0074223255673561,0.0011127712579793
0.948139,0.0073203188842474,0.0010974781932848
0.948549,0.0072195478636906,0.0010823703818185
0.948956,0.0071201640502684,0.0010674705434753
0.949006,0.0071080339535712,0.0010656519728886
0.949035,0.0070928170262463,0.0010633706179133
0.949199,0.0070530993278744,0.0010574160538376
0.9495,0.0069802342921732,0.0010464919685622
0.949799,0.0069079629560883,0.0010356568920297
0.950097,0.0068365973132667,0.0010249575990091
0.950392,0.0067659689435035,0.0010143688395756
0.950686,0.0066960702300864,0.0010038894718148
0.950978,0.0066268936349909,0.0009935183656098
0.951268,0.0065582806863352,0.00098323176251
0.951556,0.0064906770362358,0.0009730964756538
0.951843,0.0064236223426912,0.0009630434895631
0.952127,0.006357260386114,0.0009530943601114
0.95241,0.006291584009891,0.0009432480143636
0.952691,0.0062267295054381,0.0009335248854263
0.952971,0.0061624016338707,0.0009238807104413
0.953248,0.0060988787589355,0.0009143572223094
0.953524,0.0060360106864426,0.0009049319035896
0.953798,0.0059737906665992,0.0008956037423382
0.954071,0.0059122120191904,0.0008863717370428
0.954341,0.0058511334039852,0.0008772146976674
0.95461,0.0057906857873341,0.0008681522589732
0.954877,0.0057307306939688,0.0008591636604455
0.955143,0.0056713963583777,0.000850268127279
0.955407,0.0056126763534135,0.0008414646959017
0.955669,0.0055544364213764,0.0008327332381059
0.95593,0.0054969273859244,0.0008241113579224
0.956189,0.0054398885229629,0.0008155599670254
0.956446,0.0053834415237209,0.0008070973096297
0.956702,0.0053275802467248,0.0007987224649922
0.956956,0.0052721772164639,0.000790416321706
0.957208,0.0052174704734699,0.0007822145673274
0.957459,0.0051632125062239,0.000774080094389
0.957709,0.0051096364354653,0.0007660478528611
0.957956,0.0050564998652127,0.0007580815022089
0.958203,0.0050040310980948,0.0007502152700609
0.958447,0.0049519927479405,0.0007424135669641
0.95869,0.0049006083988477,0.0007347099131347
0.958932,0.0048496455709137,0.0007270694546779
0.959172,0.0047993232272278,0.0007195250190182
0.95941,0.004749523053304,0.0007120588681896
0.959648,0.0047002396308481,0.0007046701898696
0.959883,0.004651467597789,0.0006973581801647
0.960117,0.0046032016476949,0.0006901220435231
0.96035,0.0045555414232064,0.0006829767185871
0.960581,0.0045083746589597,0.0006759053742882
0.96081,0.0044615935126397,0.0006688918426709
0.961038,0.0044153994580092,0.0006619663291218
0.961265,0.0043697843001634,0.0006551276050429
0.96149,0.0043245408116848,0.0006483446024472
0.961714,0.0042797657612592,0.0006416318291074
0.961937,0.0042355518248761,0.0006350031792101
0.962158,0.0041917946593256,0.0006284430093936
0.962377,0.0041483940243407,0.0006219362914181
0.962595,0.0041054427470345,0.0006154969421271
0.962812,0.0040628426234011,0.0006091102385615
0.963027,0.0040206845399191,0.0006027898066208
0.963241,0.0039788722917842,0.0005965212230706
0.963454,0.0039374948611727,0.000590317828313
0.963665,0.0038964580059987,0.0005841654933688
0.963875,0.0038558488398865,0.0005780772785027
0.964084,0.0038156629054297,0.0005720525154506
0.964291,0.0037758088494649,0.0005660775083469
0.964497,0.0037363710634422,0.0005601649093419
0.964702,0.0036972600659421,0.0005543013031858
0.964905,0.0036585584683917,0.0005484990751643
0.965107,0.0036202619853386,0.0005427575827928
0.965308,0.003582366376189,0.0005370761903124
0.965508,0.0035447858220883,0.000531442031573
0.965706,0.0035075995040591,0.0005258669775664
0.965903,0.0034708032863964,0.0005203504082586
0.966099,0.0034343930767808,0.0005148917101202
0.966294,0.0033982865764818,0.0005094785447457
0.966487,0.0033625596714518,0.000504122289123
0.966679,0.0033272083709255,0.0004988223449477
0.96687,0.0032922287260934,0.0004935781202057
0.96706,0.0032576168296606,0.0004883890291068
0.967248,0.0032232945954551,0.0004832433648016
0.967436,0.0031894074181074,0.0004781629251706
0.967622,0.0031558038379121,0.000473125003044
0.967807,0.0031225543048654,0.0004681401604391
0.967991,0.0030896550887283,0.0004632078381103
0.968173,0.0030571024985636,0.0004583274827043
0.968355,0.0030248928823219,0.0004534985466978
0.968535,0.0029930226264317,0.0004487204883362
0.968715,0.002961488155394,0.0004439927715731
0.968893,0.0029302184598312,0.0004393047505274
0.96907,0.0028993456931707,0.0004346762379295
0.969246,0.0028687321460621,0.0004300865880929
0.969421,0.002838507198888,0.0004255551980071
0.969594,0.0028085360319257,0.0004210618552049
0.969767,0.0027789453107013,0.0004166255496586
0.969939,0.0027496030444853,0.0004122264930296
0.970109,0.0027206332409142,0.0004078832768138
0.970278,0.0026919066788895,0.0004035765279018
0.970447,0.0026635447639304,0.0003993244476742
0.970614,0.0026354816699618,0.0003951171673421
0.97078,0.002607654204459,0.0003909452129441
0.970945,0.0025801799731383,0.0003868262161861
0.97111,0.0025529364259675,0.0003827418040996
0.971273,0.0025259805373593,0.0003787005184131
0.971435,0.0024992517219308,0.0003746932760335
0.971596,0.0024728057390751,0.0003707284365308
0.971756,0.0024466395959823,0.0003668055512166
0.971915,0.0024206945923164,0.0003629158196081
0.972073,0.0023949695715021,0.0003590590683092
0.97223,0.0023695724944605,0.0003552514830568
0.972386,0.0023443907545027,0.0003514761816103
0.972541,0.0023194232167018,0.0003477329938189
0.972695,0.0022947215807956,0.0003440296706203
0.972848,0.0022702830149545,0.0003403657874603
0.973,0.0022460529996304,0.0003367331706492
0.973152,0.0022220815836257,0.0003331393236129
0.973302,0.0021983660069913,0.0003295838325736
0.973451,0.0021748534608063,0.0003260587803027
0.9736,0.0021515923922307,0.0003225714301042
0.973747,0.0021285801115946,0.0003191213787369
0.973894,0.0021057654703953,0.0003157009579055
0.97404,0.0020831953620892,0.0003123171979795
0.974185,0.0020608671657131,0.0003089697060183
0.974329,0.0020387313443313,0.0003056510553364
0.974472,0.0020168332843134,0.0003023680503574
0.974614,0.0019951244918912,0.0002991134207897
0.974755,0.0019736948140732,0.000295900636693
0.974896,0.0019524503555666,0.0002927156210799
0.975035,0.0019314345681868,0.0002895648883415
0.975174,0.0019106449905633,0.0002864480694638
0.975312,0.0018900356676388,0.0002833582747642
0.975449,0.0018696916995486,0.0002803082626408
0.975585,0.0018495241225285,0.0002772846954518
0.97572,0.0018295740846689,0.0002742937422089
0.975855,0.0018098392394666,0.0002713350511191
0.975988,0.0017903172657291,0.0002684082741842
0.976121,0.0017710058673013,0.0002655130671595
0.976253,0.0017518624342085,0.0002626430418647
0.976385,0.0017329658318547,0.0002598100219733
0.976515,0.0017142335870515,0.0002570016429248
0.976645,0.0016956647811791,0.0002542177669978
0.976773,0.001677335736716,0.0002514698366248
0.976901,0.0016591666132586,0.0002487458819582
0.977029,0.0016411943001595,0.0002460514335303
0.977155,0.0016234166655427,0.0002433861717256
0.977281,0.001605831600625,0.0002407497803908
0.977406,0.0015884004447729,0.0002381364634392
0.97753,0.0015711585025308,0.0002355515138052
0.977654,0.0015541037200024,0.0002329946235642
0.977776,0.0015372340655859,0.000230465488134
0.977898,0.0015205475297324,0.0002279638062387
0.978019,0.0015040421247068,0.0002254892798727
0.97814,0.0014876816288205,0.0002230364786012
0.97826,0.0014715329801576,0.0002206154379282
0.978379,0.001455559623606,0.0002182206774312
0.978497,0.0014397596563857,0.0002158519118415
0.978615,0.0014241311963715,0.0002135088589866
0.978731,0.0014086723818681,0.0002111912397572
0.978848,0.0013933813713889,0.0002088987780736
0.978963,0.0013782563434366,0.0002066312008529
0.979078,0.001363295496286,0.0002043882379764
0.979192,0.0013484970477694,0.0002021696222579
0.979305,0.0013338592350644,0.000199975089411
0.979418,0.0013193803144838,0.0001978043780184
0.97953,0.0013050585612682,0.0001956572295004
0.979641,0.0012908922693801,0.0001935333880841
0.979751,0.0012768503503967,0.0001914281929253
0.979861,0.0012629902560699,0.000189350257316
0.979971,0.0012492806118054,0.0001872948775087
0.980079,0.0012356913313095,0.0001852575429004
0.980187,0.0012222780143884,0.0001832465891355
0.980294,0.0012089824596311,0.0001812532905314
0.980401,0.0011958590650808,0.0001792858025614
0.980507,0.001182850887322,0.0001773355881445
0.980612,0.0011700111486105,0.0001754106264774
0.980717,0.0011572841363352,0.0001735025650037
0.980821,0.0011447219223784,0.0001716192104539
0.980924,0.0011322960701106,0.0001697562995462
0.981027,0.0011200050993381,0.0001679136103669
0.981129,0.0011078475459346,0.0001660909234109
0.98123,0.0010958219616666,0.0001642880215559
0.981331,0.001083951872648,0.0001625084318883
0.981432,0.0010721856737384,0.0001607444176526
0.981531,0.0010605716161297,0.0001590032127731
0.98163,0.0010490833635354,0.000157280868856
0.981729,0.0010377195532189,0.000155577181597
0.981826,0.0010264788372049,0.0001538919489047
0.981924,0.0010153598821196,0.0001522249708766
0.98202,0.0010043382430235,0.0001505725826742
0.982116,0.0009934591177948,0.000148941560462
0.982212,0.0009826752095019,0.0001473248133808
0.982306,0.0009720083595519,0.0001457256159419
0.982401,0.0009614794359144,0.0001441470967171
0.982494,0.0009510426641573,0.0001425823931034
0.982588,0.0009407408437167,0.0001410379216857
0.98268,0.0009305506139632,0.0001395101801876
0.982772,0.0009204707661318,0.0001379989873883
0.982863,0.0009105001045506,0.00013650416403
0.982954,0.0009006581846822,0.0001350286419105
0.983044,0.0008909226496305,0.0001335690692351
0.983134,0.0008812923494441,0.0001321252736004
0.983223,0.0008717862199902,0.0001307000939131
0.983312,0.0008623826291517,0.000129290287039
0.9834,0.0008530804708876,0.0001278956871579
0.983487,0.0008439175140304,0.0001265219566558
0.983574,0.0008348337537236,0.0001251600994734
0.983661,0.000825866785273,0.0001238157519812
0.983746,0.0008169773194211,0.0001224830238478
0.983832,0.0008081835380119,0.000121164640935
0.983916,0.0007994844111172,0.0001198604488337
0.984001,0.0007908789198945,0.0001185702947969
0.984084,0.0007823840713198,0.0001172967285475
0.984168,0.0007739626447543,0.000116034169886
0.98425,0.0007656318647497,0.0001147852011549
0.984332,0.000757408195372,0.0001135522906829
0.984414,0.0007492556041687,0.000112330036406
0.984495,0.0007412078325805,0.0001111234969148
0.984576,0.0007332633861102,0.0001099324481508
0.984656,0.0007253873873021,0.0001087516612098
0.984735,0.0007176125082258,0.0001075860343599
0.984815,0.0007099209622013,0.000106432900983
0.984893,0.0007023280275587,0.0001052945516399
0.984971,0.0006948003043287,0.0001041659789342
0.985049,0.0006873849195903,0.0001030542482604
0.985126,0.0006800330183976,0.0001019520351785
0.985203,0.0006727752402491,0.0001008639332289
0.985279,0.0006656102481461,9.978974196591956e-05
0.985354,0.0006585063996804,9.872471749051288e-05
0.98543,0.0006514933693677,9.767330867092926e-05
0.985504,0.0006445401859014,9.663087222125888e-05
0.985578,0.0006376465290486,9.559736013147064e-05
0.985652,0.0006308266030597,9.457490193383084e-05
0.985725,0.0006240652495503,9.35612250502016e-05
0.985798,0.000617376365878,9.25584130028387e-05
0.985871,0.0006107591752937,9.156634933977496e-05
0.985942,0.0006041989970171,9.058283308637904e-05
0.986014,0.0005977092817654,8.960988080356468e-05
0.986085,0.0005912756579118,8.864533786564761e-05
0.986155,0.0005849247525411,8.769319626333112e-05
0.986225,0.0005786287388179,8.67492841366696e-05
0.986295,0.0005724004941344,8.581553209243992e-05
0.986364,0.0005662392890382,8.48918307695388e-05
0.986433,0.0005601444019285,8.397807198399663e-05
0.986502,0.0005541023601464,8.307223588537808e-05
0.986569,0.0005481254913247,8.217617065929984e-05
0.986637,0.0005422255775316,8.129164269917062e-05
0.986704,0.0005363768185625,8.041478398197028e-05
0.986771,0.0005305911476935,7.954738357049797e-05
0.986837,0.0005248678844197,7.868933944199638e-05
0.986903,0.0005192063555767,7.78405506741774e-05
0.986968,0.0005136058952613,7.700091743336704e-05
0.987033,0.0005080541462391,7.616858709602213e-05
0.987098,0.0005025739801095,7.534698862225124e-05
0.987162,0.0004971414789869,7.453253619040792e-05
0.987226,0.0004917676997034,7.372688746493485e-05
0.987289,0.0004864408066714,7.292826802867401e-05
0.987352,0.0004811716152521,7.213829934420667e-05
0.987415,0.0004759485411678,7.135524467129781e-05
0.987477,0.000470771323042,7.057906482384906e-05
0.987539,0.0004656504210623,6.981132801598864e-05
0.9876,0.0004605746173947,6.905035244556738e-05
0.987661,0.0004555541423206,6.829767185871443e-05
0.987722,0.0004505883927329,6.75531958362947e-05
0.987782,0.0004456767720987,6.68168349447862e-05
0.987842,0.0004408085402789,6.608697899908246e-05
0.987902,0.0004360035245326,6.536660054517703e-05
0.987961,0.0004312409558627,6.465258584966262e-05
0.98802,0.0004265304098465,6.39463705039867e-05
0.988078,0.0004218713182282,6.324786931402278e-05
0.988136,0.0004172631189595,6.255699801624242e-05
0.988194,0.0004127052561313,6.1873673267543e-05
0.988252,0.0004081783821648,6.119499443667145e-05
0.988309,0.0004037011624918,6.052375988591281e-05
0.988365,0.0003992638589692,5.985850965159576e-05
0.988422,0.0003948662360765,5.919920842396137e-05
0.988478,0.0003905080581585,5.854582087309022e-05
0.988533,0.0003861979818837,5.789964482559812e-05
0.988589,0.0003819354763494,5.7260600687406775e-05
0.988644,0.0003777026222635,5.662600195911803e-05
0.988698,0.0003735252800218,5.599972568772936e-05
0.988753,0.0003693771278089,5.5377825649212745e-05
0.988807,0.0003652834534018,5.476409304231474e-05
0.98886,0.0003612268300711,5.415591521369006e-05
0.988914,0.0003572070321241,5.355325832702071e-05
0.988967,0.0003532319672207,5.295730791593555e-05
0.98902,0.0003493011375635,5.236798934955106e-05
0.989072,0.0003454140508945,5.1785228827491616e-05
0.989075,0.0003453186226497,5.177092201663007e-05
0.989079,0.0003450722216918,5.173398104693736e-05
0.989082,0.000344833936556,5.169825681900116e-05
0.989085,0.0003445878814443,5.166136769931928e-05
0.989088,0.0003443499307633,5.162569361358608e-05
0.989092,0.0003441042210123,5.158885627113872e-05
0.989095,0.0003438666043167,5.155323225722948e-05
0.989098,0.0003436212394418,5.151644661934268e-05
0.989101,0.0003433839562628,5.148087260697682e-05
0.989105,0.0003431389357798,5.144413860107852e-05
0.989108,0.0003429019856494,5.140861452007455e-05
0.989111,0.0003426573090748,5.137193207369441e-05
0.989115,0.0003424128070885,5.13352758019516e-05
0.989118,0.0003421763583768,5.129982689473876e-05
0.98917,0.0003383373940873,5.072428098491235e-05
0.989221,0.0003345415001225,5.015519227220225e-05
0.989272,0.0003307729602567,4.9590204545760285e-05
0.989323,0.0003270393417566,4.9030452306728567e-05
0.989374,0.0003233404214125,4.847590209101232e-05
0.989424,0.0003196833370494,4.792762401694111e-05
0.989474,0.000316060337847,4.73844560645876e-05
0.989524,0.0003124640085806,4.684528652727413e-05
0.989574,0.0003089157135297,4.631331838445582e-05
0.989623,0.0003053936481713,4.578528265442256e-05
0.989672,0.0003019117392176,4.526326726026625e-05
0.98972,0.0002984626563943,4.474617323127234e-05
0.989769,0.0002950461826181,4.423396802183031e-05
0.989817,0.0002916688168939,4.372762597693654e-05
0.989865,0.0002883301115554,4.322707998150174e-05
0.989912,0.0002850230610868,4.273127975329091e-05
0.98996,0.0002817474538374,4.224019356117547e-05
0.990007,0.0002785159042632,4.175571259192512e-05
0.990053,0.0002753150800506,4.127583803599727e-05
0.9901,0.0002721447746454,4.080053892631581e-05
0.990146,0.0002690171701866,4.033164163577685e-05
0.990192,0.0002659132634593,3.98662971608807e-05
0.990238,0.0002628451694533,3.9406321807387455e-05
0.990283,0.0002598124749634,3.895165362664127e-05
0.990328,0.0002568088582411,3.850134484831297e-05
0.990373,0.0002538341206473,3.805536569199432e-05
0.990418,0.0002508880638581,3.761368642455189e-05
0.990463,0.0002479761996771,3.717713338758277e-05
0.990507,0.0002450981312569,3.674564708488484e-05
0.990551,0.0002422423104287,3.631749618976632e-05
0.990595,0.0002394252778028,3.589516050662777e-05
0.990638,0.0002366301069419,3.547610238705792e-05
0.990681,0.0002338675683086,3.5061936562301096e-05
0.990725,0.0002311372809378,3.465260591725271e-05
0.990767,0.0002284336083733,3.4247265422090935e-05
0.99081,0.000225756363074,3.384588696023205e-05
0.990852,0.0002231104951296,3.344921265993649e-05
0.990894,0.0002204956367969,3.305718738836038e-05
0.990936,0.0002179064071047,3.266900441853155e-05
0.990978,0.000215347582143,3.228537979228763e-05
0.991019,0.0002128139045982,3.1905525321716886e-05
0.991061,0.0002103100371021,3.153014003874025e-05
0.991102,0.0002078308433867,3.115845390283962e-05
0.991142,0.0002053808751022,3.079114930737767e-05
0.991183,0.0002029551144632,3.042747397498065e-05
0.991223,0.0002005580045672,3.006809402454744e-05
0.991264,0.0001981846435967,2.9712274564892404e-05
0.991303,0.0001958348591613,2.9359989750869547e-05
0.991343,0.0001935084792937,2.9011213800760256e-05
0.991383,0.0001912097351766,2.8666581062702728e-05
0.991422,0.0001889295977868,2.832473788584301e-05
0.991461,0.0001866766505738,2.798697111967597e-05
0.9915,0.0001844420752333,2.7651958704749007e-05
0.991539,0.000182234248428,2.7320956488627616e-05
0.991577,0.0001800487041475,2.69932949172916e-05
0.991616,0.0001778852751998,2.66689489249417e-05
0.991654,0.0001757437948813,2.634789351902393e-05
0.991692,0.0001736240969866,2.6030103781640528e-05
0.991729,0.0001715260158173,2.571555487093115e-05
0.991767,0.0001694493861912,2.5404222022429717e-05
0.991804,0.000167397897886,2.5096658415659293e-05
0.991841,0.0001653674387511,2.479224754802916e-05
0.991878,0.0001633578466504,2.4490965111729745e-05
0.991915,0.0001613689599835,2.4192786879280133e-05
0.991952,0.0001594006176941,2.38976887047724e-05
0.991988,0.0001574562848013,2.3606190071442977e-05
0.992025,0.0001555320871441,2.3317710156599346e-05
0.992061,0.0001536278667295,2.30322252735956e-05
0.992097,0.0001517469601883,2.275023565740308e-05
0.992132,0.000149892533446,2.247221595048449e-05
0.992168,0.0001480607687625,2.219759378891881e-05
0.992203,0.0001462480216718,2.192582278639604e-05
0.992238,0.0001444607948169,2.165787783334916e-05
0.992273,0.0001426954088033,2.1393207306925725e-05
0.992308,0.0001409515967245,2.113177119192957e-05
0.992343,0.0001392290949359,2.087352996217161e-05
0.992378,0.0001375276430146,2.061844457449308e-05
0.992412,0.000135843855764,2.0366007512811785e-05
0.992446,0.0001341806835653,2.0116661104738263e-05
0.99248,0.000132537874023,1.9870367510584425e-05
0.992514,0.0001309121634332,1.9626637428711937e-05
0.992548,0.000129306393822,1.9385896941912742e-05
0.992581,0.0001277203205933,1.9148109379790277e-05
0.992615,0.0001261478926922,1.8912367554981105e-05
0.992648,0.0001245976926619,1.867995818110392e-05
0.992681,0.0001230608753604,1.844955517515178e-05
0.992714,0.0001215430135256,1.8221994014167188e-05
0.992747,0.0001200438733564,1.799723964616474e-05
0.992779,0.0001185577640228,1.7774438889489716e-05
0.992812,0.000117090052304,1.755439634341577e-05
0.992844,0.0001156405104428,1.733707786207215e-05
0.992876,0.0001142062837744,1.7122055467869206e-05
0.992908,0.0001127872479909,1.690931052430913e-05
0.99294,0.0001113832792849,1.6698824469902853e-05
0.992971,0.0001099967870947,1.6490958532919053e-05
0.993003,0.0001086250526607,1.6285305110971994e-05
0.993034,0.0001072679547198,1.608184602402987e-05
0.993066,0.0001059253725177,1.5880563168353196e-05
0.993097,0.0001045995942807,1.5681799599823827e-05
0.993128,0.0001032880313657,1.5485167223399494e-05
0.993158,0.0001019929139951,1.5291000398916834e-05
0.993189,0.0001007117169604,1.5098920541593022e-05
0.99322,9.944432402966702e-05,1.4908910225668682e-05
0.99325,9.819061948457394e-05,1.4720952102420063e-05
0.99328,9.695272051814736e-05,1.4535363586041844e-05
0.99331,9.572822361869123e-05,1.4351784336811684e-05
0.99334,9.451701555372762e-05,1.4170197378668189e-05
0.99337,9.332113238377592e-05,1.3990907962251843e-05
0.9934,9.21382586232934e-05,1.3813568944913124e-05
0.99343,9.097037814779891e-05,1.3638477753602285e-05
0.993459,8.981523281686951e-05,1.346529584297606e-05
0.993488,8.867271377720841e-05,1.3294006893509782e-05
0.993517,8.754472846100433e-05,1.3124896871603018e-05
0.993547,8.642910186155677e-05,1.2957639695501124e-05
0.993576,8.532965701951113e-05,1.2792808523807091e-05
0.993604,8.42461377805809e-05,1.2630364953310835e-05
0.993633,8.317637711026709e-05,1.2469984097467014e-05
0.993662,8.212209121100126e-05,1.2311923253092858e-05
0.99369,8.108116870643965e-05,1.2155865878036177e-05
0.993718,8.005528353128907e-05,1.2002062932242802e-05
0.993746,7.904237844028607e-05,1.185020598901113e-05
0.993774,7.804228920200553e-05,1.170027042640722e-05
0.993802,7.705662793697232e-05,1.1552497937059871e-05
0.99383,7.608166354624144e-05,1.1406329146468428e-05
0.993858,7.512076466047564e-05,1.1262269087097116e-05
0.993885,7.417029391565737e-05,1.1119772437390228e-05
0.993913,7.32318490686162e-05,1.0979078736539794e-05
0.99394,7.230527796083698e-05,1.0840165172609691e-05
0.993967,7.138878655251865e-05,1.0702762779234924e-05
0.993994,7.048391195178629e-05,1.0567102003022276e-05
0.994021,6.958890454987707e-05,1.0432920538805228e-05
0.994048,6.870526198608909e-05,1.0300442915938226e-05
0.994075,6.78312780583954e-05,1.0169413336886775e-05
0.994101,6.696686989348599e-05,1.003981937710332e-05
0.994128,6.611347731750485e-05,9.911876898468124e-06
0.994154,6.526945705115888e-05,9.785339536960792e-06
0.994181,6.443472806535219e-05,9.660195144522245e-06
0.994207,6.360920972863909e-05,9.536431632710054e-06
0.994233,6.27928218095179e-05,9.414036973042346e-06
0.994259,6.198548447864858e-05,9.292999197330307e-06
0.994284,6.118711831099644e-05,9.173306397998826e-06
0.99431,6.039903501106749e-05,9.055155228652212e-06
0.994336,5.9618356546665386e-05,8.938114208418494e-06
0.994361,5.8846413617684494e-05,8.822382838731858e-06
0.994386,5.808446586334633e-05,8.708149967454943e-06
0.994412,5.732974367232853e-05,8.595000368410497e-06
0.994437,5.658352508716469e-05,8.483125648526096e-06
0.994462,5.584573356334248e-05,8.372514332080893e-06
0.994487,5.511629297522372e-05,8.263155006152972e-06
0.994512,5.4395127617548416e-05,8.15503632084506e-06
0.994536,5.368216220687007e-05,8.048146989497602e-06
0.994561,5.2977321882926025e-05,7.942475788897375e-06
0.994586,5.227932842005703e-05,7.83783108466135e-06
0.99461,5.159053124829709e-05,7.734565108471686e-06
0.994634,5.090963695230942e-05,7.632483948675971e-06
0.994659,5.023541565211388e-05,7.531403218981932e-06
0.994683,4.9570123395393216e-05,7.431661150984753e-06
0.994707,4.891251566518297e-05,7.333071163983932e-06
0.994731,4.826363189806199e-05,7.235789092580687e-06
0.994755,4.762335636009264e-05,7.139797585690405e-06
0.994779,4.699373894451315e-05,7.045403967784243e-06
0.994802,4.637137780291043e-05,6.952098226318989e-06
0.994826,4.575936614342334e-05,6.860344101813773e-06
0.994849,4.515543184305506e-05,6.769800952627033e-06
0.994873,4.455946829643407e-05,6.6804527962486805e-06
0.994896,4.3971370305171634e-05,6.592283861106503e-06
0.994919,4.339203318627721e-05,6.505428375081819e-06
0.994943,4.282032902253055e-05,6.419717238361768e-06
0.994966,4.22561572472628e-05,6.335135373771749e-06
0.994989,4.1699418618803374e-05,6.251667902783785e-06
0.995011,4.115001520302334e-05,6.169300142899414e-06
0.995034,4.0607850356107455e-05,6.088017605066778e-06
0.995057,4.007282870755455e-05,6.0078059911322326e-06
0.99508,3.954576670784639e-05,5.928787705134682e-06
0.995102,3.902473835712648e-05,5.850673996969611e-06
0.995124,3.851234824289317e-05,5.773855352083135e-06
0.995147,3.800581062293899e-05,5.697914125919569e-06
0.995169,3.750679890712916e-05,5.623101199740425e-06
0.995191,3.701433915504365e-05,5.549270558270921e-06
0.995213,3.6528345340188026e-05,5.476409304231553e-06
0.995235,3.604873256558509e-05,5.404504709681686e-06
0.995257,3.557459790412606e-05,5.333421405817493e-06
0.995279,3.5107507718483014e-05,5.263394225151256e-06
0.995301,3.464575261359856e-05,5.194166891443283e-06
0.995322,3.4190070790206965e-05,5.125850077359568e-06
0.995344,3.374038236884896e-05,5.058431807197303e-06
0.995365,3.3295841846770455e-05,4.991785321336789e-06
0.995387,3.2856401735474414e-05,4.925903500199201e-06
0.995408,3.242350794602549e-05,4.8610031179288274e-06
0.995429,3.199484422222915e-05,4.79673691633887e-06
0.99545,3.1571847762703e-05,4.733320363384255e-06
0.995471,3.115444364185276e-05,4.670742226056753e-06
0.995492,3.0741142210144284e-05,4.608779172844762e-06
0.995513,3.0333323722551707e-05,4.547638134588183e-06
0.995534,2.9930226264317425e-05,4.487204883363042e-06
0.995555,2.9532485540555083e-05,4.427574725467782e-06
0.995575,2.913868844889626e-05,4.36853580550984e-06
0.995596,2.875014239339504e-05,4.310284132359667e-06
0.995616,2.8366124193125147e-05,4.2527112851538425e-06
0.995637,2.7986590935504363e-05,4.195810830344323e-06
0.995657,2.7611499973892464e-05,4.1395763742533605e-06
0.995677,2.724080892793468e-05,4.084001563126029e-06
0.995698,2.687633217100249e-05,4.029358411780023e-06
0.995718,2.651673204261305e-05,3.975446375234852e-06
0.995738,2.6163148124173883e-05,3.922436302023767e-06
0.995758,2.5814279024558416e-05,3.870133084746784e-06
0.995777,2.547006187462768e-05,3.818527297925677e-06
0.995797,2.513101329986681e-05,3.7676963951811178e-06
0.995817,2.4796478021406984e-05,3.71754213567408e-06
0.995837,2.4466959325895218e-05,3.6681399732380503e-06
0.995856,2.4141263702185696e-05,3.619310974075362e-06
0.995876,2.381990362495298e-05,3.571131969508472e-06
0.995895,2.3502821380915452e-05,3.523594307036167e-06
0.995915,2.318996002505057e-05,3.4766894493363045e-06
0.995934,2.288126337036797e-05,3.4304089727325032e-06
0.995953,2.257615613662848e-05,3.384666629955183e-06
0.995972,2.227460441803275e-05,3.3394573377727648e-06
0.995991,2.1977080552470896e-05,3.2948519101132464e-06
0.99601,2.1683031463554647e-05,3.250767428556756e-06
0.996029,2.139291669459892e-05,3.20727278884037e-06
0.996048,2.110619761140828e-05,3.1642872377495688e-06
0.996067,2.082284181848999e-05,3.121805918481025e-06
0.996085,2.054281712413534e-05,3.0798240047837536e-06
0.996104,2.026609154062837e-05,3.0383367009893217e-06
0.996123,1.9992633284429157e-05,2.997339242039996e-06
0.996141,1.9722410776330924e-05,2.9568268935122976e-06
0.99616,1.9455840623720043e-05,2.9168621140952925e-06
0.996178,1.919198961684537e-05,2.8773049949452266e-06
0.996196,1.8931280919995266e-05,2.8382189777761675e-06
0.996214,1.867368377165435e-05,2.799599450754556e-06
0.996233,1.8419167615055324e-05,2.7614418327433075e-06
0.996251,1.8167283776203955e-05,2.7236788575571306e-06
0.996269,1.79188444723935e-05,2.686432294586556e-06
0.996287,1.7672988709337908e-05,2.6495730616878937e-06
0.996305,1.7430506213812012e-05,2.6132195564239214e-06
0.996323,1.7190559030122056e-05,2.5772461506468888e-06
0.99634,1.695352456950375e-05,2.5417094266736443e-06
0.996358,1.671937350992023e-05,2.506604988480387e-06
0.996376,1.648807673617814e-05,2.4719284710536253e-06
0.996393,1.625960533973395e-05,2.437675540361376e-06
0.996411,1.603393061847927e-05,2.4038418933210598e-06
0.996428,1.5811024076505267e-05,2.370423257763547e-06
0.996446,1.5590857423847378e-05,2.337415392395809e-06
0.996463,1.537375656596076e-05,2.304867157675175e-06
0.996481,1.5159678812013468e-05,2.2727721532991057e-06
0.996498,1.4949614712770991e-05,2.2412788848013144e-06
0.996515,1.474246142228233e-05,2.2102220111085942e-06
0.996532,1.453884812943902e-05,2.179695861593588e-06
0.996549,1.433837716055811e-05,2.149640816149201e-06
0.996567,1.4140996018773826e-05,2.1200490043306668e-06
0.996584,1.3946653142455805e-05,2.090912695905925e-06
0.996601,1.3754981163825992e-05,2.062176814295269e-06
0.996617,1.3566255747125283e-05,2.0338826876836967e-06
0.996634,1.338011974021617e-05,2.005976771042896e-06
0.996651,1.3197145352073792e-05,1.978544851191969e-06
0.996668,1.3016673155792632e-05,1.951488065409179e-06
0.996684,1.283896455834561e-05,1.9248456043987725e-06
0.996701,1.266368210659869e-05,1.8985668764499975e-06
0.996718,1.2491080292324834e-05,1.8726900355250891e-06
0.996734,1.232111468478893e-05,1.8472084204713869e-06
0.99675,1.2153181951594186e-05,1.8220315783782727e-06
0.996767,1.1987814112659824e-05,1.797239270833859e-06
0.996783,1.1824696426999147e-05,1.7727843111822262e-06
0.996799,1.166352971108215e-05,1.748621845175058e-06
0.996816,1.1504824549721888e-05,1.7248284208025535e-06
0.996832,1.134801758209046e-05,1.7013195777792105e-06
0.996848,1.1193347841758024e-05,1.6781311525398611e-06
0.996864,1.1040531978450389e-05,1.6552206645924947e-06
0.99688,1.088980241572135e-05,1.632622959383989e-06
0.996896,1.0741130670597892e-05,1.610333766684785e-06
0.996911,1.059424470465975e-05,1.5883123019008815e-06
0.996927,1.0449126815229383e-05,1.5665559110080818e-06
0.996943,1.0305759420619745e-05,1.5450619581216264e-06
0.996959,1.0164359100407836e-05,1.5238629133245478e-06
0.996974,1.0024668036151823e-05,1.50292012391306e-06
0.99699,9.886669125896696e-06,1.4822310259246855e-06
0.997005,9.750345386833749e-06,1.4617930732597315e-06
0.997021,9.615901366976067e-06,1.4416369322029724e-06
0.997036,9.482874434987017e-06,1.4216932440541205e-06
0.997052,9.351472477127844e-06,1.401993175575485e-06
0.997067,9.221891325253971e-06,1.382566086306382e-06
0.997082,9.093686959482111e-06,1.363345407816363e-06
0.997098,8.967058436971483e-06,1.344360983189442e-06
0.997113,8.841989605080902e-06,1.3256103907863043e-06
0.997128,8.71866518166278e-06,1.307121323910807e-06
0.997143,8.596862884065116e-06,1.2888604574623094e-06
0.997158,8.477152578433742e-06,1.2709132270179628e-06
0.997173,8.359301702562633e-06,1.2532447663438845e-06
0.997188,8.243468827458882e-06,1.2358788487517356e-06
0.997203,8.129241021227193e-06,1.2187535665900817e-06
0.997218,8.016965229197836e-06,1.2019209346604869e-06
0.997232,7.9062401174156e-06,1.1853207840998698e-06
0.997247,7.797044268893064e-06,1.1689499040268168e-06
0.997262,7.689356562440256e-06,1.152805127906292e-06
0.997277,7.583330779213187e-06,1.1369095109451175e-06
0.997291,7.478594744541131e-06,1.1212072559038997e-06
0.997306,7.375475080523863e-06,1.10574733068106e-06
0.99732,7.273609813631615e-06,1.0904754674145346e-06
0.997335,7.173316613398793e-06,1.0754392918147087e-06
0.997349,7.0744063201778494e-06,1.060610444654105e-06
0.997363,6.977020515544146e-06,1.0460101521517125e-06
0.997378,6.8808168789010905e-06,1.0315870928560782e-06
0.997392,6.785939759742502e-06,1.0173629079585728e-06
0.997406,6.692524966502036e-06,1.0033579581561217e-06
0.99742,6.600244137075275e-06,9.89523014685006e-07
0.997434,6.5092357349494686e-06,9.758788362935843e-07
0.997449,6.419482215080359e-06,9.624227925905291e-07
0.997463,6.330820500138635e-06,9.49130434666432e-07
0.997477,6.2433833231632325e-06,9.360216621484232e-07
0.99749,6.157153771631839e-06,9.230939394742222e-07
0.997504,6.071975352597932e-06,9.103238048794905e-07
0.997518,5.987975296706838e-06,8.977303330604465e-07
0.997532,5.905001333169292e-06,8.852906952478118e-07
0.997546,5.823043038239773e-06,8.730033286909588e-07
0.997559,5.742222281090297e-06,8.608865042822092e-07
0.997573,5.662392890382534e-06,8.489183076953963e-07
0.997587,5.583673301996733e-06,8.371164950962647e-07
0.9976,5.505921307281681e-06,8.254597462532691e-07
0.997614,5.429251999958112e-06,8.139653162684249e-07
0.997627,5.353403764700443e-06,8.02593983200721e-07
0.997641,5.278615151429708e-06,7.913815109753464e-07
0.997654,5.20487135691742e-06,7.803256802598832e-07
0.997667,5.132039613800952e-06,7.694065862814417e-07
0.997681,5.059993978261445e-06,7.586053472676673e-07
0.997694,4.9890746246870586e-06,7.479729629056436e-07
0.997707,4.918922725461307e-06,7.374556369755606e-07
0.99772,4.849868910488293e-06,7.271029382346693e-07
0.997734,4.782004715119125e-06,7.169285898626668e-07
0.997747,4.715198713364476e-06,7.069128881882244e-07
0.99776,4.649647186111086e-06,6.970852600705578e-07
0.997773,4.5851125426967e-06,6.874100853987141e-07
0.997786,4.521577717971816e-06,6.778848057282092e-07
0.997799,4.459025952035701e-06,6.685069083781262e-07
0.997812,4.397440784473689e-06,6.592739255671707e-07
0.997824,4.336806048708423e-06,6.50183433566724e-07
0.997837,4.277007383594593e-06,6.412182871041578e-07
0.99785,4.218033260853475e-06,6.323767578347488e-07
0.997863,4.159872311165652e-06,6.236571412453015e-07
0.997875,4.10251332197918e-06,6.150577563255435e-07
0.997888,4.045852075088664e-06,6.065629784545149e-07
0.997901,3.990065270094151e-06,5.981992988221618e-07
0.997913,3.934866477899841e-06,5.899237753529201e-07
0.997926,3.8805206602297335e-06,5.817761316870928e-07
0.997938,3.826749199291071e-06,5.737145968367137e-07
0.997951,3.77363594464452e-06,5.657517417110434e-07
0.997963,3.721259873877088e-06,5.578994068023832e-07
0.997975,3.6695262603290513e-06,5.501433904830706e-07
0.997988,3.618345221842793e-06,5.424702174237369e-07
0.998,3.567795882885619e-06,5.34891750137313e-07
0.998012,3.517952732949219e-06,5.27419156251063e-07
0.998024,3.468805906366826e-06,5.200509566826949e-07
0.998036,3.420266919834981e-06,5.127738858220959e-07
0.998049,3.372407139138556e-06,5.055986429835855e-07
0.998061,3.3251404950822933e-06,4.985123244854886e-07
0.998073,3.278536326091508e-06,4.915253256958991e-07
0.998085,3.232510914943584e-06,4.846250955460327e-07
0.998097,3.187131627022801e-06,4.778217336013611e-07
0.998109,3.1423170364348446e-06,4.7110303231404214e-07
0.99812,3.098132588484405e-06,4.644788033870363e-07
0.998132,3.0545694226700617e-06,4.579477184346346e-07
0.998144,3.011549458791565e-06,4.514980715026913e-07
0.998156,2.9690670136669992e-06,4.451290105561849e-07
0.998168,2.927183847474577e-06,4.388497948158951e-07
0.998179,2.885891506481528e-06,4.326591568797426e-07
0.998191,2.845181656207726e-06,4.265558472242671e-07
0.998203,2.804981491914171e-06,4.205289508040162e-07
0.998214,2.7653493241159137e-06,4.145872096587137e-07
0.998226,2.726339903045622e-06,4.087388320628366e-07
0.998237,2.688004553001504e-06,4.029915126672434e-07
0.998249,2.650330289727115e-06,3.973433048438642e-07
0.99826,2.613364576189026e-06,3.918013243442761e-07
0.998272,2.577033119202166e-06,3.863544329719408e-07
0.998283,2.5412652626836e-06,3.809920378126079e-07
0.998294,2.506109253032114e-06,3.7572137207173234e-07
0.998306,2.4714965012928624e-06,3.705321527434483e-07
0.998317,2.43741792135387e-06,3.654230176179765e-07
0.998328,2.4038645891367685e-06,3.6039262877800137e-07
0.99834,2.3707731498486585e-06,3.554314879346344e-07
0.998351,2.3381910833218427e-06,3.505467133680119e-07
0.998362,2.3061098989661486e-06,3.4573703215031405e-07
0.998373,2.2744165139828325e-06,3.409854906614026e-07
0.998384,2.2432103495221176e-06,3.363069943372337e-07
0.998395,2.212432349689285e-06,3.31692689389114e-07
0.998406,2.1820766398453976e-06,3.2714169507832e-07
0.998417,2.152087871729565e-06,3.226457134727412e-07
0.998428,2.1225112459723845e-06,3.1821152114960333e-07
0.998439,2.093389299924102e-06,3.1384549540134775e-07
0.998449,2.064571842718789e-06,3.095251192853827e-07
0.99846,2.036151084703549e-06,3.052642171783161e-07
0.998471,2.008121564943835e-06,3.0106197036489065e-07
0.998482,1.980432296016141e-06,2.9691073469925094e-07
0.998492,1.953124824499089e-06,2.928167389351861e-07
0.998503,1.9261495341822904e-06,2.8877254450209024e-07
0.998514,1.8995030708601536e-06,2.847776485301207e-07
0.998524,1.873225236242579e-06,2.808380181785537e-07
0.998535,1.8472258608454849e-06,2.769401350414147e-07
0.998545,1.8216292871075009e-06,2.7310264080866386e-07
0.998556,1.7963046742717894e-06,2.6930591954828537e-07
0.998566,1.7712913427270052e-06,2.655558662588137e-07
0.998576,1.7466263188852165e-06,2.6185803202082494e-07
0.998587,1.7222650955266568e-06,2.582057442147165e-07
0.998597,1.6981654472521325e-06,2.545926723164365e-07
0.998607,1.674403025255063e-06,2.510301581181092e-07
0.998618,1.6509350961064856e-06,2.4751179493074264e-07
0.998628,1.6277960863937967e-06,2.440427440634951e-07
0.998638,1.604907475658708e-06,2.4061123355779815e-07
0.998648,1.5823042697473471e-06,2.372225115665499e-07
0.998658,1.5599834826476455e-06,2.3387613042028723e-07
0.998669,1.5379775638992948e-06,2.305769550248705e-07
0.998679,1.516316985896438e-06,2.273295538681697e-07
0.998689,1.4950647431238944e-06,2.2414337122093414e-07
0.998699,1.474178252247659e-06,2.2101202289671299e-07
0.998709,1.4536504932835378e-06,2.179344564441685e-07
0.998719,1.4334415867835216e-06,2.149046930493488e-07
0.998729,1.413578724286345e-06,2.1192680932712265e-07
0.998738,1.3940231949978884e-06,2.089950016707091e-07
0.998748,1.3747698529064204e-06,2.0610849857878665e-07
0.998758,1.3558136438624342e-06,2.032665423222289e-07
0.998768,1.3371496038476112e-06,2.004683886845531e-07
0.998778,1.3187424917603508e-06,1.9770875424286893e-07
0.998787,1.3006187182559069e-06,1.949915985402724e-07
0.998797,1.2827440238310322e-06,1.923117853172195e-07
0.998807,1.2651441160205815e-06,1.8967316870349282e-07
0.998816,1.2477856879981311e-06,1.870707552669223e-07
0.998826,1.2306370897443678e-06,1.8449979996750128e-07
0.998836,1.2137800638688111e-06,1.8197255783575385e-07
0.998845,1.1971263770619507e-06,1.794758007412479e-07
0.998855,1.1807011874042149e-06,1.770133004383274e-07
0.998864,1.1645013597971876e-06,1.7458458690619206e-07
0.998873,1.1485238021576149e-06,1.721891965729763e-07
0.998883,1.132765464827216e-06,1.698266722272507e-07
0.998892,1.117223339990585e-06,1.6749656293074874e-07
0.998901,1.1018944611010969e-06,1.651984239323347e-07
0.998911,1.0867759023146689e-06,1.629318165830695e-07
0.99892,1.071864777931308e-06,1.6069630825251297e-07
0.998929,1.0571582418443015e-06,1.584914722461188e-07
0.998939,1.0426294792896297e-06,1.563132884359234e-07
0.998948,1.0283240665377122e-06,1.541685897159015e-07
0.998957,1.0141915785140496e-06,1.5204981624878169e-07
0.998966,1.0002763483883417e-06,1.499636145601645e-07
0.998975,9.865520423775185e-07,1.4790603663179595e-07
0.998984,9.729936366401488e-07,1.458733308347177e-07
0.998993,9.596436634678864e-07,1.4387187370297673e-07
0.999002,9.464768587943588e-07,1.418978775925742e-07
0.999011,9.334907094535436e-07,1.399509657241609e-07
0.99902,9.206827367613542e-07,1.3803076648801658e-07
0.999029,9.080504960425232e-07,1.361369133730827e-07
0.999038,8.955915761639865e-07,1.3426904489702808e-07
0.999047,8.833239381258197e-07,1.3242985381219766e-07
0.999055,8.712243397912884e-07,1.3061585560670565e-07
0.999064,8.593102655077139e-07,1.2882967157208194e-07
0.999073,8.475981497421521e-07,1.2707376559951686e-07
0.999081,8.361034202385623e-07,1.253504506500759e-07
0.99909,8.24802559564931e-07,1.2365620093899758e-07
0.999099,8.136919135325756e-07,1.2199046862232506e-07
0.999107,8.027494191616352e-07,1.203499459699486e-07
0.999116,7.919905506641955e-07,1.1873695290952473e-07
0.999125,7.813758781618971e-07,1.1714557802759133e-07
0.999133,7.709389712986125e-07,1.1558085415846505e-07
0.999142,7.606589857441649e-07,1.1403965627464786e-07
0.99915,7.505333587918205e-07,1.1252160016954446e-07
0.999158,7.405425206516767e-07,1.1102375189751903e-07
0.999167,7.307015018922583e-07,1.0954836487422553e-07
0.999175,7.210078613844912e-07,1.0809507312027053e-07
0.999184,7.114264373720943e-07,1.0665860510835527e-07
0.999192,7.020046680114559e-07,1.052460728704891e-07
0.9992,6.9269172576506e-07,1.038498562312476e-07
0.999208,6.835023309781566e-07,1.0247216209693688e-07
0.999216,6.744503742590296e-07,1.0111507297788536e-07
0.999225,6.655182970439384e-07,9.97759564558724e-08
0.999233,6.566893907036905e-07,9.845230753672125e-08
0.999241,6.47992530907978e-07,9.7148455323891e-08
0.999249,6.393961250841589e-07,9.58596633898987e-08
0.999257,6.309282884897226e-07,9.459014683554608e-08
0.999265,6.225582605111816e-07,9.333529396248336e-08
0.999273,6.142992710922356e-07,9.209708823276187e-08
0.999281,6.061638044486026e-07,9.087740130726514e-08
0.999289,5.981360797812738e-07,8.967386729414376e-08
0.999297,5.902146702103961e-07,8.848627227245583e-08
0.999305,5.82411578120767e-07,8.731641566593469e-08
0.999312,5.747116489127691e-07,8.616202546392006e-08
0.99932,5.671135186937248e-07,8.5022897188634e-08
0.999328,5.596287273819703e-07,8.390076092984138e-08
0.999336,5.522554367084729e-07,8.279534109023233e-08
0.999343,5.449667430725571e-07,8.170260422324074e-08
0.999351,5.377990119529389e-07,8.062800232085128e-08
0.999359,5.307255551538297e-07,7.956753423047133e-08
0.999366,5.237571925387302e-07,7.852282208965945e-08
0.999374,5.168922254317573e-07,7.749361122922355e-08
0.999381,5.101289845367156e-07,7.647965138463112e-08
0.999389,5.034658293992732e-07,7.548069661538747e-08
0.999396,4.968897064394386e-07,7.449478990026847e-08
0.999404,4.904220631190536e-07,7.352514668959798e-08
0.999411,4.840497498249712e-07,7.256979556465129e-08
0.999419,4.777822375469375e-07,7.163015643689387e-08
0.999426,4.716284552998383e-07,7.070756796374218e-08
0.999433,4.655860935229591e-07,6.980168389080468e-08
0.99944,4.596317279558072e-07,6.890899240179632e-08
0.999448,4.5377440918091435e-07,6.803085037981298e-08
0.999455,4.480226804128665e-07,6.716853864224587e-08
0.999462,4.423540420187792e-07,6.631868399499596e-08
0.999469,4.367772403417545e-07,6.548259770892192e-08
0.999476,4.312806764518154e-07,6.465854084711136e-08
0.999484,4.258728950440201e-07,6.384779444890774e-08
0.999491,4.20552287920684e-07,6.305011740980342e-08
0.999498,4.152981533540426e-07,6.226240608155881e-08
0.999505,4.101285475575228e-07,6.148736749112685e-08
0.999512,4.050326188084181e-07,6.072337472454138e-08
0.999519,4.00018429092512e-07,5.997163645231218e-08
0.999525,3.950754104754783e-07,5.923056830665286e-08
0.999532,3.902024572670808e-07,5.8500004520062416e-08
0.999539,3.854073564678218e-07,5.77811125366663e-08
0.999546,3.8067994684663453e-07,5.707236896251242e-08
0.999553,3.760278399917479e-07,5.637491494352615e-08
0.999559,3.7144968979762185e-07,5.5688548668629615e-08
0.999566,3.6693572762907733e-07,5.501180560270233e-08
0.999573,3.6250166027405196e-07,5.4347040541692733e-08
0.999579,3.581294205222721e-07,5.3691544809981234e-08
0.999586,3.538343568147222e-07,5.304761947935829e-08
0.999593,3.495988537353164e-07,5.241262360817544e-08
0.999599,3.454458661694733e-07,5.1789998642983883e-08
0.999606,3.413500729493111e-07,5.1175948378998153e-08
0.999612,3.373261425307323e-07,5.0572671943161515e-08
0.999618,3.333726751059598e-07,4.9979959473231264e-08
0.999625,3.294883018378792e-07,4.939760575016181e-08
0.999631,3.2567168412102777e-07,4.882541008729894e-08
0.999637,3.219289254637114e-07,4.8264287535934134e-08
0.999644,3.1824383552673497e-07,4.771181080505997e-08
0.99965,3.146371503209117e-07,4.7171088682701145e-08
0.999656,3.110856656882529e-07,4.663864235081839e-08
0.999662,3.075955158509086e-07,4.6115391465392626e-08
0.999669,3.0416553318436725e-07,4.560116097360583e-08
0.999675,3.007945755235835e-07,4.5095779639583714e-08
0.999681,2.974815255652272e-07,4.45990799547675e-08
0.999687,2.942252902851217e-07,4.411089805058583e-08
0.999693,2.9103820286639705e-07,4.363308294478916e-08
0.999699,2.8790552552410413e-07,4.3163425116472073e-08
0.999705,2.848393591532364e-07,4.270373875823926e-08
0.99971,2.818318036346346e-07,4.225283946697077e-08
0.999716,2.788881105587256e-07,4.1811514572575024e-08
0.999722,2.7601329394979745e-07,4.13805157885219e-08
0.999728,2.731995627933352e-07,4.0958675068902354e-08
0.999734,2.704581045217033e-07,4.0547669658005366e-08
0.999739,2.677873145241958e-07,4.014725898909007e-08
0.999745,2.651917443636437e-07,3.975812544239859e-08
0.99975,2.6266366513928965e-07,3.937911028424819e-08
0.999756,2.602136053245563e-07,3.90117919663663e-08
0.999761,2.578457633904533e-07,3.86567999326984e-08
0.999767,2.5554065285858336e-07,3.831121272784565e-08
0.999772,2.533086381249966e-07,3.79765842046975e-08
0.999778,2.5114237675436146e-07,3.765181356931666e-08
0.999783,2.490462461276463e-07,3.7337557088216285e-08
0.999788,2.470187956692213e-07,3.703359728793099e-08
0.999793,2.450755579243825e-07,3.674226284156995e-08
0.999799,2.432036004175735e-07,3.6461614884156583e-08
0.999804,2.414181958172472e-07,3.61939431274969e-08
0.999809,2.397231633801059e-07,3.5939820162899125e-08
0.999814,2.381167794230929e-07,3.569898757203143e-08
0.999819,2.366137616778224e-07,3.5473651869360843e-08
0.999824,2.352122844892086e-07,3.52635393486892e-08
0.999828,2.3392142450649118e-07,3.507001080109204e-08
0.999833,2.327394480286253e-07,3.489280630632272e-08
0.999838,2.316541047477427e-07,3.4730089271473324e-08
0.999843,2.306587849772802e-07,3.45808687579e-08
0.999847,2.2974707980333e-07,3.4444183927233854e-08
0.999852,2.2891275911037015e-07,3.431910074695142e-08
0.999856,2.281444981780009e-07,3.4203921390236726e-08
0.999861,2.2741023134339186e-07,3.409383850289644e-08
0.999865,2.2669398661932686e-07,3.398645752972404e-08
0.999869,2.259539823479337e-07,3.387551447333166e-08
0.999874,2.251489883961454e-07,3.3754828022128674e-08
0.999878,2.2422808092784962e-07,3.3616763563398264e-08
0.999882,2.231515973871767e-07,3.345537480014902e-08
0.999886,2.2189626900242147e-07,3.326717322731166e-08
0.99989,2.204651763031669e-07,3.305262068461096e-08
0.999894,2.18876935743142e-07,3.2814508191442345e-08
0.999898,2.171450831440695e-07,3.2554865067758754e-08
0.999902,2.1528808762697925e-07,3.2276460244518075e-08
0.999906,2.1332905031545854e-07,3.1982757092616066e-08
0.99991,2.1128078412687567e-07,3.1675676552607916e-08
0.999914,2.0915584223752499e-07,3.1357100624094993e-08
0.999917,2.0696647360042118e-07,3.1028865696862634e-08
0.999921,2.047245852723631e-07,3.069275690287032e-08
0.999925,2.024370500203378e-07,3.034980462235278e-08
0.999929,2.0011516439583253e-07,3.0001702458979265e-08
0.999932,1.9776070425586457e-07,2.9648716653110424e-08
0.999936,1.9537995264251221e-07,2.9291789172135515e-08
0.99994,1.9298342062928266e-07,2.8932495859150478e-08
0.999943,1.905723985275357e-07,2.8571030160451308e-08
0.999947,1.8815250294344298e-07,2.8208234129901623e-08
0.999951,1.857248430445244e-07,2.7844274056316103e-08
0.999954,1.832947390655866e-07,2.7479947560918084e-08
0.999958,1.8086727690537573e-07,2.7116017132752084e-08
0.999961,1.784390900948445e-07,2.67519780634276e-08
0.999965,1.7601512970436374e-07,2.638857262822609e-08
0.999968,1.7360011158813097e-07,2.6026507838309415e-08
0.999972,1.7119457572412205e-07,2.5665864648352128e-08
0.999976,1.688029375289419e-07,2.5307305027256856e-08
0.999979,1.664217176192027e-07,2.4950307338265758e-08
0.999983,1.6405897731995388e-07,2.4596080152834565e-08
0.999986,1.6170743931960494e-07,2.424353244051877e-08
0.99999,1.5937859720609334e-07,2.3894387345121053e-08
0.999993,1.570652102496789e-07,2.3547559320627023e-08
0.999997,1.5477114659511265e-07,2.3203628287743208e-08
1.0,1.5536028168946173e-07,2.3291952707645506e-08
