E_nu_MeV,sigma_nc_cm2,sigma_nc_bar_cm2,sigma_cc_cm2,sigma_cc_bar_cm2
1.5,0.0,0.0,4.68e-48,0.0
1.6,0.0,0.0,1.147e-46,0.0
1.8,0.0,0.0,1.147e-45,0.0
2.0,0.0,0.0,3.67e-45,0.0
2.2,0.0,0.0,7.973e-45,0.0
2.4,4.346e-47,4.3129999999999995e-47,1.428e-44,0.0
2.6,4.322e-46,4.285e-46,2.2789999999999997e-44,0.0
2.8,1.478e-45,1.4639999999999998e-45,3.369e-44,0.0
3.0,3.402e-45,3.366e-45,4.712e-44,0.0
3.2,6.372e-45,6.297e-45,6.324e-44,0.0
3.4,1.052e-44,1.0379999999999999e-44,8.215999999999999e-44,0.0
3.6,1.594e-44,1.572e-44,1.0400000000000001e-43,0.0
3.8,2.274e-44,2.24e-44,1.289e-43,0.0
4.0,3.0979999999999996e-44,3.048e-44,1.569e-43,0.0
4.2,4.0719999999999997e-44,4.0019999999999996e-44,1.881e-43,1.1319999999999998e-45
4.4,5.202e-44,5.107e-44,2.2250000000000004e-43,4.6210000000000006e-45
4.6,6.492e-44,6.365999999999999e-44,2.604e-43,1.0249999999999999e-44
4.8,7.947e-44,7.783999999999999e-44,3.016e-43,1.811e-44
5.0,9.57e-44,9.364e-44,3.4630000000000003e-43,2.8359999999999997e-44
5.2,1.136e-43,1.111e-43,3.945e-43,4.1109999999999994e-44
5.4,1.3330000000000001e-43,1.302e-43,4.4630000000000006e-43,5.647e-44
5.6,1.5480000000000001e-43,1.509e-43,5.0170000000000004e-43,7.453e-44
5.8,1.7800000000000001e-43,1.734e-43,5.608e-43,9.537e-44
6.0,2.0310000000000002e-43,1.9760000000000002e-43,6.2360000000000006e-43,1.19e-43
6.2,2.3e-43,2.235e-43,6.902000000000001e-43,1.456e-43
6.4,2.5870000000000003e-43,2.512e-43,7.605e-43,1.752e-43
6.6,2.8940000000000005e-43,2.8060000000000002e-43,8.347000000000001e-43,2.0770000000000002e-43
6.8,3.219e-43,3.117e-43,9.127e-43,2.433e-43
7.0,3.562e-43,3.4460000000000005e-43,9.946e-43,2.82e-43
7.2,3.9250000000000005e-43,3.793000000000001e-43,1.0800000000000001e-42,3.2370000000000003e-43
7.4,4.308e-43,4.158000000000001e-43,1.17e-42,3.686e-43
7.6,4.709e-43,4.540000000000001e-43,1.2640000000000001e-42,4.1660000000000005e-43
7.8,5.1300000000000004e-43,4.940000000000001e-43,1.3620000000000001e-42,4.677e-43
8.0,5.571e-43,5.358e-43,1.464e-42,5.22e-43
8.2,6.0310000000000005e-43,5.794e-43,1.569e-42,5.7960000000000005e-43
8.4,6.511e-43,6.2480000000000006e-43,1.679e-42,6.403e-43
8.6,7.0100000000000005e-43,6.72e-43,1.793e-42,7.042000000000001e-43
8.8,7.53e-43,7.21e-43,1.9110000000000002e-42,7.713e-43
9.0,8.070000000000001e-43,7.718000000000001e-43,2.034e-42,8.416e-43
9.2,8.629e-43,8.243000000000002e-43,2.1600000000000002e-42,9.152e-43
9.4,9.209000000000001e-43,8.787000000000001e-43,2.291e-42,9.919e-43
9.6,9.809e-43,9.349e-43,2.425e-42,1.072e-42
9.8,1.043e-42,9.928000000000002e-43,2.565e-42,1.1550000000000001e-42
10.0,1.107e-42,1.053e-42,2.7080000000000004e-42,1.242e-42
10.2,1.173e-42,1.1140000000000001e-42,2.856e-42,1.331e-42
10.4,1.2410000000000002e-42,1.1770000000000001e-42,3.0070000000000005e-42,1.424e-42
10.6,1.311e-42,1.2430000000000001e-42,3.1640000000000003e-42,1.5200000000000002e-42
10.8,1.3830000000000001e-42,1.31e-42,3.324e-42,1.619e-42
11.0,1.458e-42,1.378e-42,3.489e-42,1.722e-42
11.2,1.534e-42,1.4490000000000003e-42,3.658e-42,1.8280000000000002e-42
11.4,1.612e-42,1.521e-42,3.832e-42,1.9370000000000002e-42
11.6,1.6930000000000002e-42,1.595e-42,4.01e-42,2.049e-42
11.8,1.775e-42,1.671e-42,4.1920000000000004e-42,2.164e-42
12.0,1.8600000000000003e-42,1.748e-42,4.3789999999999995e-42,2.282e-42
12.2,1.947e-42,1.8280000000000002e-42,4.57e-42,2.404e-42
12.4,2.035e-42,1.909e-42,4.766e-42,2.529e-42
12.6,2.126e-42,1.992e-42,4.9660000000000005e-42,2.6570000000000002e-42
12.8,2.219e-42,2.077e-42,5.171e-42,2.788e-42
13.0,2.314e-42,2.163e-42,5.38e-42,2.9220000000000004e-42
13.5,2.561e-42,2.3870000000000002e-42,5.923e-42,3.272e-42
14.0,2.822e-42,2.622e-42,6.495000000000001e-42,3.641e-42
14.5,3.0950000000000005e-42,2.868e-42,7.095e-42,4.029e-42
15.0,3.382e-42,3.1250000000000004e-42,7.724000000000001e-42,4.437e-42
15.5,3.682e-42,3.392e-42,8.383e-42,4.864e-42
16.0,3.9950000000000004e-42,3.671e-42,9.071e-42,5.3099999999999995e-42
16.5,4.3230000000000005e-42,3.96e-42,9.789e-42,5.775000000000001e-42
17.0,4.6630000000000006e-42,4.26e-42,1.054e-41,6.258e-42
17.5,5.0170000000000004e-42,4.57e-42,1.131e-41,6.761e-42
18.0,5.385e-42,4.891e-42,1.212e-41,7.282e-42
18.5,5.767000000000001e-42,5.2230000000000004e-42,1.2960000000000001e-41,7.821e-42
19.0,6.162e-42,5.565000000000001e-42,1.383e-41,8.378000000000001e-42
19.5,6.571e-42,5.918e-42,1.474e-41,8.954000000000001e-42
20.0,6.994e-42,6.281e-42,1.567e-41,9.547000000000001e-42
20.5,7.431e-42,6.654e-42,1.663e-41,1.016e-41
21.0,7.882e-42,7.038000000000001e-42,1.763e-41,1.0789999999999999e-41
21.5,8.347e-42,7.432000000000001e-42,1.8660000000000001e-41,1.143e-41
22.0,8.826e-42,7.836e-42,1.972e-41,1.21e-41
22.5,9.319000000000002e-42,8.25e-42,2.081e-41,1.278e-41
23.0,9.826e-42,8.673999999999999e-42,2.194e-41,1.348e-41
23.5,1.035e-41,9.109000000000001e-42,2.31e-41,1.419e-41
24.0,1.0880000000000001e-41,9.553000000000001e-42,2.429e-41,1.4930000000000001e-41
24.5,1.143e-41,1.0009999999999998e-41,2.552e-41,1.568e-41
25.0,1.1999999999999999e-41,1.047e-41,2.678e-41,1.645e-41
26.0,1.3169999999999998e-41,1.143e-41,2.941e-41,1.803e-41
27.0,1.44e-41,1.243e-41,3.217e-41,1.968e-41
28.0,1.569e-41,1.347e-41,3.5070000000000003e-41,2.1389999999999998e-41
29.0,1.704e-41,1.454e-41,3.811e-41,2.317e-41
30.0,1.844e-41,1.566e-41,4.13e-41,2.5009999999999997e-41
31.0,1.991e-41,1.6810000000000001e-41,4.4630000000000003e-41,2.691e-41
32.0,2.1429999999999999e-41,1.8e-41,4.811e-41,2.888e-41
33.0,2.3020000000000003e-41,1.922e-41,5.173e-41,3.0899999999999997e-41
34.0,2.466e-41,2.0480000000000002e-41,5.551000000000001e-41,3.298e-41
35.0,2.637e-41,2.178e-41,5.944e-41,3.512e-41
36.0,2.8140000000000003e-41,2.312e-41,6.352e-41,3.7320000000000003e-41
37.0,2.997e-41,2.449e-41,6.776e-41,3.958e-41
38.0,3.186e-41,2.589e-41,7.215e-41,4.189e-41
39.0,3.3820000000000004e-41,2.733e-41,7.67e-41,4.426e-41
40.0,3.5830000000000004e-41,2.881e-41,8.141e-41,4.668e-41
41.0,3.791e-41,3.031e-41,8.628e-41,4.916000000000001e-41
42.0,4.0049999999999997e-41,3.186e-41,9.132e-41,5.169e-41
43.0,4.2249999999999995e-41,3.343e-41,9.652e-41,5.427e-41
44.0,4.452e-41,3.504e-41,1.019e-40,5.69e-41
45.0,4.684e-41,3.668e-41,1.074e-40,5.958e-41
46.0,4.923e-41,3.835e-41,1.131e-40,6.231e-41
47.0,5.169e-41,4.0049999999999997e-41,1.1899999999999998e-40,6.51e-41
48.0,5.421000000000001e-41,4.1790000000000003e-41,1.25e-40,6.792e-41
49.0,5.679e-41,4.3550000000000006e-41,1.312e-40,7.08e-41
50.0,5.944e-41,4.535e-41,1.3759999999999998e-40,7.372e-41
51.0,6.214999999999999e-41,4.716999999999999e-41,1.4409999999999999e-40,7.669e-41
52.0,6.492e-41,4.903e-41,1.508e-40,7.97e-41
53.0,6.776e-41,5.091e-41,1.5769999999999999e-40,8.275000000000001e-41
54.0,7.066e-41,5.283000000000001e-41,1.6479999999999997e-40,8.585000000000001e-41
55.0,7.362e-41,5.477e-41,1.721e-40,8.898999999999999e-41
60.0,8.941000000000001e-41,6.488e-41,2.109e-40,1.0529999999999998e-40
65.0,1.068e-40,7.563e-41,2.543e-40,1.225e-40
70.0,1.258e-40,8.698e-41,3.0219999999999997e-40,1.4059999999999998e-40
75.0,1.463e-40,9.89e-41,3.5459999999999996e-40,1.594e-40
80.0,1.683e-40,1.1129999999999998e-40,4.115e-40,1.7889999999999999e-40
85.0,1.919e-40,1.241e-40,4.728999999999999e-40,1.989e-40
90.0,2.1689999999999997e-40,1.373e-40,5.388e-40,2.1949999999999997e-40
95.0,2.4329999999999995e-40,1.5089999999999998e-40,6.0899999999999996e-40,2.4049999999999995e-40
100.0,2.7109999999999998e-40,1.6469999999999999e-40,6.836e-40,2.618e-40
105.0,3.003e-40,1.7889999999999999e-40,7.626e-40,2.8349999999999996e-40
110.0,3.3079999999999998e-40,1.933e-40,8.456e-40,3.055e-40
115.0,3.624e-40,2.079e-40,9.324e-40,3.2779999999999996e-40
120.0,3.952999999999999e-40,2.2269999999999995e-40,1.0229999999999998e-39,3.5019999999999994e-40
125.0,4.291e-40,2.3749999999999997e-40,1.118e-39,3.727e-40
130.0,4.641e-40,2.5249999999999996e-40,1.216e-39,3.954e-40
135.0,5e-40,2.6749999999999995e-40,1.3169999999999999e-39,4.182e-40
140.0,5.367e-40,2.826e-40,1.4219999999999999e-39,4.4109999999999995e-40
145.0,5.744e-40,2.978e-40,1.53e-39,4.64e-40
150.0,6.129999999999999e-40,3.1289999999999996e-40,1.641e-39,4.871e-40
155.0,6.524e-40,3.281e-40,1.7549999999999997e-39,5.101e-40
160.0,6.924999999999999e-40,3.4319999999999996e-40,1.872e-39,5.3319999999999996e-40
165.0,7.331e-40,3.584e-40,1.991e-39,5.565e-40
170.0,7.743e-40,3.734999999999999e-40,2.113e-39,5.796e-40
