pull_index,E_MeV,f
0,1.022,0.8985057811795188
0,1.046,0.8959769747185056
0,1.07,0.8969734971583414
0,1.094,0.8985349984640927
0,1.118,0.900300703150986
0,1.142,0.9021342649787376
0,1.166,0.9039826303280762
0,1.19,0.9058319730269176
0,1.214,0.9076745405823085
0,1.238,0.9095770605598412
0,1.262,0.911518369461844
0,1.286,0.9134764978860412
0,1.31,0.9154285900306987
0,1.334,0.9173707262247112
0,1.358,0.91928425174463
0,1.382,0.9211914277300794
0,1.406,0.9230672886851412
0,1.43,0.9248962445879402
0,1.454,0.926729567816754
0,1.478,0.928527719461044
0,1.502,0.9302656440021516
0,1.526,0.9319860392569188
0,1.55,0.9336560643332584
0,1.574,0.9353188635048852
0,1.598,0.9368831978408408
0,1.622,0.9385104407377152
0,1.646,0.9400632553315728
0,1.67,0.9415560971155248
0,1.694,0.9430413512806524
0,1.718,0.9445097328662788
0,1.742,0.9458904013156486
0,1.766,0.9472997015447364
0,1.79,0.948623168929802
0,1.814,0.9499054445116037
0,1.838,0.951217446892621
0,1.862,0.9525512625027092
0,1.886,0.953687772080636
0,1.91,0.9548954678157924
0,1.934,0.9561057198627102
0,1.958,0.9572375149425992
0,1.982,0.95847670829104
0,2.006,0.9595036862570095
0,2.03,0.960584684386899
0,2.054,0.961641993879157
0,2.078,0.9626737051440244
0,2.102,0.9636804284196454
0,2.126,0.9646665712797567
0,2.15,0.965645302365594
0,2.174,0.9666013147033043
0,2.198,0.9675351249672524
0,2.222,0.9684478411918396
0,2.246,0.9693409929458758
0,2.27,0.9702142790732544
0,2.294,0.9710681874342724
0,2.318,0.9719034391062492
0,2.342,0.9727355506156942
0,2.366,0.9735529310845527
0,2.39,0.9743528887581194
0,2.414,0.9751359021421389
0,2.438,0.9758977404181172
0,2.462,0.9766414383581712
0,2.486,0.9773697706466123
0,2.51,0.9780833298560616
0,2.534,0.97877961683078
0,2.558,0.9794590107033
0,2.582,0.9801247248368418
0,2.606,0.9807772331329428
0,2.63,0.981426348366762
0,2.654,0.982081626923343
0,2.678,0.982724286048262
0,2.702,0.9833546324685528
0,2.726,0.9839689727408734
0,2.75,0.9845521378141624
0,2.774,0.9851244165825742
0,2.798,0.98568603947149
0,2.822,0.9862372378482884
0,2.846,0.9867816791930548
0,2.87,0.98731622641007
0,2.894,0.9878411327306372
0,2.918,0.988356632335698
0,2.942,0.9888858519687156
0,2.966,0.9894101753182521
0,2.99,0.9899254416961348
0,3.014,0.9904317375658273
0,3.038,0.9909167702039692
0,3.062,0.9913870623442594
0,3.086,0.9918494540166064
0,3.11,0.9923039441791052
0,3.134,0.9927507698552248
0,3.158,0.9931901556468508
0,3.182,0.9936222187579044
0,3.206,0.9940472387884516
0,3.23,0.9944645339493716
0,3.254,0.9948734571249908
0,3.278,0.9952757674012624
0,3.302,0.995671626681236
0,3.326,0.9960611772367484
0,3.35,0.996444598232652
0,3.374,0.9968220321091376
0,3.398,0.9971934549668808
0,3.422,0.9975591289379911
0,3.446,0.9979329644842928
0,3.47,0.9983010141986104
0,3.494,0.9986635116016515
0,3.518,0.9990204769274232
0,3.542,0.9993721693728536
0,3.566,0.9997185267502467
0,3.59,1.0000598201320643
0,3.614,1.0003960415137925
0,3.638,1.0007199055495712
0,3.662,1.0010353316777527
0,3.686,1.0013461387179212
0,3.71,1.0016524990697857
0,3.734,1.001954448787766
0,3.758,1.0022520673552715
0,3.782,1.0025455137899006
0,3.806,1.0028347367747084
0,3.83,1.0031233357228733
0,3.854,1.0034146992231503
0,3.878,1.0037019794405868
0,3.902,1.0039853207303011
0,3.926,1.0042647798412383
0,3.95,1.0045404866016026
0,3.974,1.0048124706786958
0,3.998,1.0050807681486125
0,4.022,1.0053454642920194
0,4.046,1.005597963118381
0,4.07,1.005847151594334
0,4.094,1.006093005646442
0,4.118,1.0063356915300334
0,4.142,1.0065751758372967
0,4.166,1.006811535396695
0,4.19,1.007044882191068
0,4.214,1.0072752497665325
0,4.238,1.0075020322701755
0,4.262,1.007725712803668
0,4.286,1.0079464928580997
0,4.31,1.0081645330670452
0,4.334,1.0083798592732367
0,4.358,1.0085924712355872
0,4.382,1.0088025201579731
0,4.406,1.0090099356543722
0,4.43,1.0092116493242609
0,4.454,1.0094044956326125
0,4.478,1.0095950393180704
0,4.502,1.009783241882026
0,4.526,1.00996922342265
0,4.55,1.0101529378755485
0,4.574,1.0103344649674235
0,4.598,1.0105138525632549
0,4.622,1.010691072679483
0,4.646,1.010886622812544
0,4.67,1.01107990803308
0,4.694,1.0112709676563367
0,4.718,1.0114598380353264
0,4.742,1.0116465529120835
0,4.766,1.0118311510318814
0,4.79,1.0120136609222532
0,4.814,1.0121941235241276
0,4.838,1.0123693994867298
0,4.862,1.012541152596639
0,4.886,1.0127109776272718
0,4.91,1.0128788929122534
0,4.934,1.0130450035964305
0,4.958,1.013209250232624
0,4.982,1.0133717382240073
0,5.006,1.0135324680802225
0,5.03,1.013690532511747
0,5.054,1.0138451865275806
0,5.078,1.0139981318904363
0,5.102,1.0141494888513214
0,5.126,1.0142991926913567
0,5.15,1.0144473648826584
0,5.174,1.0145939507268424
0,5.198,1.0147390141201822
0,5.222,1.014882531776623
0,5.246,1.0150246113058798
0,5.27,1.0151651926875975
0,5.294,1.0153043605754335
0,5.318,1.015442069927638
0,5.342,1.0155784081523944
0,5.366,1.015713322200507
0,5.39,1.0158469328350008
0,5.414,1.0159791615167189
0,5.438,1.016110079661647
0,5.462,1.0162396630071862
0,5.486,1.0163680049472716
0,5.51,1.0164950493867535
0,5.534,1.0166168871277526
0,5.558,1.0167335332278633
0,5.582,1.0168490985528664
0,5.606,1.0169634801848677
0,5.63,1.0170767512397811
0,5.654,1.0171889287766622
0,5.678,1.0173000674304349
0,5.702,1.0174101079955509
0,5.726,1.0175190893171897
0,5.75,1.0176270322479248
0,5.774,1.0177339902540294
0,5.798,1.0178399251709032
0,5.822,1.0179448485923213
0,5.846,1.0180487874139597
0,5.87,1.0181517847841282
0,5.894,1.0182538355078934
0,5.918,1.0183549161660768
0,5.942,1.018455064468528
0,5.966,1.0185543099885332
0,5.99,1.0186526818997386
0,6.014,1.0187501202113145
0,6.038,1.018849463912306
0,6.062,1.018949250148371
0,6.086,1.019048203872306
0,6.11,1.0191462605800448
0,6.134,1.0192434437522644
0,6.158,1.0193398038116286
0,6.182,1.019435271932019
0,6.206,1.019529958480044
0,6.23,1.0196238062546956
0,6.254,1.0197168311883618
0,6.278,1.01980908982489
0,6.302,1.0199005554377647
0,6.326,1.0199911938125772
0,6.35,1.0200811101791851
0,6.374,1.0201702383766231
0,6.398,1.020258624088515
0,6.422,1.0203462896978548
0,6.446,1.0204331724908595
0,6.47,1.0205193823433691
0,6.494,1.020604847947211
0,6.518,1.020689618080948
0,6.542,1.0207744406067467
0,6.566,1.020858665775318
0,6.59,1.020942253832304
0,6.614,1.0210251626969975
0,6.638,1.0211073644978343
0,6.662,1.0211889317245226
0,6.686,1.0212698563300997
0,6.71,1.0213501136744307
0,6.734,1.0214297254952964
0,6.758,1.0215087322388563
0,6.782,1.021587117751928
0,6.806,1.021664838376336
0,6.83,1.0217419986864162
0,6.854,1.021818555774224
0,6.878,1.0218944822244993
0,6.902,1.0219698478368957
0,6.926,1.0220446422692149
0,6.95,1.0221188436714306
0,6.974,1.0221924684673542
0,6.998,1.0222655596231924
0,7.022,1.02233805032935
0,7.046,1.0224071584559349
0,7.07,1.022475717006018
0,7.094,1.0225437698779989
0,7.118,1.0226112848310749
0,7.142,1.0226783418242047
0,7.166,1.0227448631077185
0,7.19,1.022810920048575
0,7.214,1.0228764522965188
0,7.238,1.0229415397889252
0,7.262,1.023006122840486
0,7.286,1.023070271032875
0,7.31,1.023133908427707
0,7.334,1.0231971120236245
0,7.358,1.0232598504247827
0,7.382,1.0233221643782398
0,7.406,1.0233839890389564
0,7.43,1.0234453900069298
0,7.454,1.0235063633569412
0,7.478,1.0235668793216417
0,7.502,1.0236270113822186
0,7.526,1.0236866865327252
0,7.55,1.0237459700709055
0,7.574,1.023804805604184
0,7.598,1.023863266994072
0,7.622,1.0239212973423246
0,7.646,1.0239789622316282
0,7.67,1.0240361877800952
0,7.694,1.0240930478063976
0,7.718,1.0241495104705167
0,7.742,1.024205615148896
0,7.766,1.0242612980643606
0,7.79,1.0243166223686124
0,7.814,1.0243715823391024
0,7.838,1.0244261502634235
0,7.862,1.0244803942268148
0,7.886,1.0245342453300623
0,7.91,1.0245877638410037
0,7.934,1.0246408967542948
0,7.958,1.024693712509822
0,7.982,1.0247461576670438
0,8.006,1.024798141815799
0,8.03,1.0248503414208596
0,8.054,1.0249025212817238
0,8.078,1.0249543655782951
0,8.102,1.0250058798388095
0,8.126,1.025056673562878
0,8.15,1.025107536293568
0,8.174,1.025158076593339
0,8.198,1.0252082994802796
0,8.222,1.0252582065156026
0,8.246,1.025307802085309
0,8.27,1.0253570882125709
0,8.294,1.025406068674011
0,8.318,1.025454745937274
0,8.342,1.0255027419801832
0,8.366,1.0255508232154174
0,8.39,1.0255986099532433
0,8.414,1.025646105500437
0,8.438,1.0256933119335785
0,8.462,1.0257402329552692
0,8.486,1.0257868701155006
0,8.51,1.0258332274976645
0,8.534,1.0258793061440117
0,8.558,1.0259251105042428
0,8.582,1.0259702705904854
0,8.606,1.0260155330985368
0,8.63,1.026060527193012
0,8.654,1.0261052569153943
0,8.678,1.02614972341788
0,8.702,1.0261939302211804
0,8.726,1.0262378788700963
0,8.75,1.0262815723822822
0,8.774,1.0263250126811738
0,8.798,1.02636791314824
0,8.822,1.0264107830687164
0,8.846,1.0264534789406357
0,8.87,1.026495931117248
0,8.894,1.026538141207337
0,8.918,1.0265801121913254
0,8.942,1.0266218452398714
0,8.966,1.0266633436608965
0,8.99,1.026704608201796
0,9.014,1.0267454308219477
0,9.038,1.0267849694597024
0,9.062,1.0268238687460731
0,9.086,1.0268622026155707
0,9.11,1.0269006750820495
0,9.134,1.0269387282855265
0,9.158,1.0269766411019994
0,9.182,1.0270141408868845
0,9.206,1.0270517815509317
0,9.23,1.0270890811311957
0,9.254,1.027126111265109
0,9.278,1.0271628729365974
0,9.302,1.0271996441266316
0,9.326,1.0272362169432052
0,9.35,1.0272723918612066
0,9.374,1.0273086465680026
0,9.398,1.027344438465273
0,9.422,1.0273802461554569
0,9.446,1.027415592946762
0,9.47,1.027451092510093
0,9.494,1.0274862051308693
0,9.518,1.0275212025407785
0,9.542,1.0275558188094829
0,9.566,1.027590587349002
0,9.59,1.0276250445881745
0,9.614,1.0276592590606084
0,9.638,1.027693496543818
0,9.662,1.0277272298236495
0,9.686,1.0277610539075517
0,9.71,1.0277945113612823
0,9.734,1.0278280590963906
0,9.758,1.0278611780450444
0,9.782,1.0278943258954931
0,9.806,1.027927048160846
0,9.83,1.0279599320910962
0,9.854,1.027992456161311
0,9.878,1.0280248849325853
0,9.902,1.0280572813750304
0,9.926,1.0280891983919085
0,9.95,1.0281211504002927
0,9.974,1.028152881447831
0,9.998,1.0281846485964168
0,10.022,1.0282159442836327
0,10.046,1.028248544637372
0,10.07,1.0282809874199883
0,10.094,1.0283132746918406
0,10.118,1.02834540760097
0,10.142,1.0283770735644258
0,10.166,1.028408902573133
0,10.19,1.0284405790300557
0,10.214,1.0284721064760818
0,10.238,1.0285034854724202
0,10.262,1.0285347168242764
0,10.286,1.028565492951906
0,10.31,1.0285964334721194
0,10.334,1.0286272302768191
0,10.358,1.0286578836891167
0,10.382,1.0286883956797723
0,10.406,1.0287187052197884
0,10.43,1.0287486937621524
0,10.454,1.0287787857986517
0,10.478,1.028808741483322
0,10.502,1.0288385602626604
0,10.526,1.0288682436887169
0,10.55,1.0288977930021994
0,10.574,1.0289270271186624
0,10.598,1.0289561900545308
0,10.622,1.0289853417160673
0,10.646,1.0290143627705417
0,10.67,1.0290432540804828
0,10.694,1.029072017545582
0,10.718,1.029100414188585
0,10.742,1.0291288636564586
0,10.766,1.0291572462812928
0,10.79,1.0291855042168163
0,10.814,1.0292136380894703
0,10.838,1.029241648372348
0,10.862,1.0292695362867663
0,10.886,1.0292970110148816
0,10.91,1.029324657620628
0,10.934,1.0293521848230551
0,10.958,1.0293795929181526
0,10.982,1.029406883211895
0,11.006,1.0294339983795189
0,11.03,1.0294599019694284
0,11.054,1.0294840849845492
0,11.078,1.029508167057888
0,11.102,1.0295321483196471
0,11.126,1.0295557441281926
0,11.15,1.0295795274757944
0,11.174,1.029603212358046
0,11.198,1.029626572535293
0,11.222,1.029650006568409
0,11.246,1.0296734013472957
0,11.27,1.0296967002313733
0,11.294,1.029719735484284
0,11.318,1.0297427330119804
0,11.342,1.029765749858871
0,11.366,1.0297886173880946
0,11.39,1.0298112254827432
0,11.414,1.0298339655029685
0,11.438,1.0298566145484056
0,11.462,1.0298791729640098
0,11.486,1.0299013646480082
0,11.51,1.029923744485179
0,11.534,1.029946035647055
0,11.558,1.0299680185706732
0,11.582,1.0299900796254216
0,11.606,1.0300121088756382
0,11.63,1.030034051665924
0,11.654,1.0300557450667815
0,11.678,1.0300774082328694
0,11.702,1.030099096134212
0,11.726,1.030120645458122
0,11.75,1.0301419493082995
0,11.774,1.030163386880902
0,11.798,1.0301847422679833
0,11.822,1.0302060155115542
0,11.846,1.0302269390531482
0,11.87,1.030248050636124
0,11.894,1.0302690820216889
0,11.918,1.0302898199640067
0,11.942,1.0303106393538348
0,11.966,1.0303314332813387
0,11.99,1.030352148929054
1,1.022,0.8966880476172802
1,1.046,0.8939430646038157
1,1.07,0.8950125225507157
1,1.094,0.8967253408977025
1,1.118,0.8986751974001637
1,1.142,0.9007067787008709
1,1.166,0.9027592620303344
1,1.19,0.9048166480441594
1,1.214,0.9068639514173676
1,1.238,0.9089591228998136
1,1.262,0.9110806300378296
1,1.286,0.9132086507904936
1,1.31,0.915321654802018
1,1.334,0.9174163317071574
1,1.358,0.9194756495577432
1,1.382,0.921519663710308
1,1.406,0.9235261041457812
1,1.43,0.9254813702381856
1,1.454,0.9274312934147456
1,1.478,0.929341009631358
1,1.502,0.9311884655832948
1,1.526,0.9330118980159948
1,1.55,0.93478230163317
1,1.574,0.9365382559639802
1,1.598,0.9381990653889742
1,1.622,0.9399083696904744
1,1.646,0.9415444553216592
1,1.67,0.9431202852564892
1,1.694,0.9446826892147446
1,1.718,0.9462236932372164
1,1.742,0.9476805595499722
1,1.766,0.9491568173591688
1,1.79,0.9505509932495608
1,1.814,0.9519029771099322
1,1.838,0.9532759423704956
1,1.862,0.9546630713372865
1,1.886,0.9558697910438478
1,1.91,0.9571348853257364
1,1.934,0.9583975353689884
1,1.958,0.959585862067929
1,1.982,0.9608651933696976
1,2.006,0.9619516328758492
1,2.03,0.9630818890478404
1,2.054,0.9641870670060392
1,2.078,0.9652655859721376
1,2.102,0.9663180503461334
1,2.126,0.9673485788112276
1,2.15,0.9683689169207312
1,2.174,0.9693656553414776
1,2.198,0.9703392751659248
1,2.222,0.9712909501898052
1,2.246,0.972222065812068
1,2.27,0.9731325124483716
1,2.294,0.9740227793533772
1,2.318,0.9748935947646552
1,2.342,0.9757588449551244
1,2.366,0.976608316672323
1,2.39,0.977439681704118
1,2.414,0.9782534470690752
1,2.438,0.9790459237025236
1,2.462,0.9798198731414416
1,2.486,0.9805778388803994
1,2.51,0.9813203965366316
1,2.534,0.9820454003980232
1,2.558,0.9827531911136403
1,2.582,0.9834467066976184
1,2.606,0.984126391832954
1,2.63,0.984801059652346
1,2.654,0.9854792176247488
1,2.678,0.986144259253141
1,2.702,0.9867964734676304
1,2.726,0.9874326522190416
1,2.75,0.9880393354485127
1,2.774,0.988634619578944
1,2.798,0.9892187379248057
1,2.822,0.9897919477726264
1,2.846,0.9903575421509364
1,2.87,0.9909127746681388
1,2.894,0.991457907631806
1,2.918,0.991993182662987
1,2.942,0.9925391958259888
1,2.966,0.9930794262194184
1,2.99,0.9936102191110868
1,3.014,0.9941316705653548
1,3.038,0.9946328985109312
1,3.062,0.9951197068599003
1,3.086,0.9955982227929288
1,3.11,0.9960684623370896
1,3.134,0.9965306559945134
1,3.158,0.9969850408128594
1,3.182,0.9974317525743884
1,3.206,0.997871052621879
1,3.23,0.9983023710500156
1,3.254,0.9987251474534812
1,3.278,0.9991409702222178
1,3.302,0.9995500086896432
1,3.326,0.9999524104717488
1,3.35,1.000348356063009
1,3.374,1.000737998825518
1,3.398,1.0011213181407694
1,3.422,1.001498584731336
1,3.446,1.0018821778408529
1,3.47,1.0022597139847114
1,3.494,1.0026314276007762
1,3.518,1.002997348008208
1,3.542,1.003357722117024
1,3.566,1.0037125083217655
1,3.59,1.0040619723559716
1,3.614,1.0044061126153567
1,3.638,1.004738485796484
1,3.662,1.005062565733595
1,3.686,1.005381783460476
1,3.71,1.0056962962853464
1,3.734,1.00600615389655
1,3.758,1.0063114384161127
1,3.782,1.0066123057494167
1,3.806,1.0069087234060394
1,3.83,1.0072039012039435
1,3.854,1.0075008641898842
1,3.878,1.0077935374555549
1,3.902,1.008082065093006
1,3.926,1.008366504468134
1,3.95,1.0086469879182474
1,3.974,1.0089235466026318
1,3.998,1.0091962306008362
1,4.022,1.009465118519706
1,4.046,1.0097225925697126
1,4.07,1.0099765516903223
1,4.094,1.0102269901573508
1,4.118,1.010474060628224
1,4.142,1.0107177468619626
1,4.166,1.0109581233738167
1,4.19,1.0111953010220958
1,4.214,1.01142931705779
1,4.238,1.0116596428160822
1,4.262,1.0118867159702358
1,4.286,1.0121107232242583
1,4.31,1.012331816783833
1,4.334,1.0125500256959996
1,4.358,1.0127653601732889
1,4.382,1.0129779590958854
1,4.406,1.013187771195179
1,4.43,1.01339207447667
1,4.454,1.0135880696569295
1,4.478,1.0137815891318116
1,4.502,1.013972610825587
1,4.526,1.014161243716593
1,4.55,1.0143474570305846
1,4.574,1.014531324619247
1,4.598,1.0147128981269955
1,4.622,1.0148921569168017
1,4.646,1.0150873109959837
1,4.67,1.0152800760797185
1,4.694,1.0154704935706
1,4.718,1.0156586016000018
1,4.742,1.0158444354230478
1,4.766,1.0160280360170737
1,4.79,1.0162094328872555
1,4.814,1.0163886696265931
1,4.838,1.0165629619340226
1,4.862,1.0167337950610773
1,4.886,1.016902587181589
1,4.91,1.0170693629961354
1,4.934,1.0172342170953186
1,4.958,1.0173971052463042
1,4.982,1.0175581226046146
1,5.006,1.0177172770879828
1,5.03,1.0178737655575296
1,5.054,1.0180269335599834
1,5.078,1.018178295022942
1,5.102,1.0183279626942072
1,5.126,1.0184758829344902
1,5.15,1.0186221642794155
1,5.174,1.0187667672397067
1,5.198,1.0189097504650928
1,5.222,1.0190510979523406
1,5.246,1.019190909034472
1,5.27,1.0193291350871243
1,5.294,1.0194658498950502
1,5.318,1.0196010243767262
1,5.342,1.0197347356015576
1,5.366,1.019866942529311
1,5.39,1.0199977543455931
1,5.414,1.0201271041228217
1,5.438,1.0202550597432407
1,5.462,1.0203816039405589
1,5.486,1.020506821245606
1,5.51,1.020630666859462
1,5.534,1.0207496741234408
1,5.558,1.0208638578525324
1,5.582,1.0209768727777708
1,5.606,1.021088629535723
1,5.63,1.0211991960219866
1,5.654,1.0213085906881425
1,5.678,1.0214168636591332
1,5.702,1.021523966315906
1,5.726,1.0216299363179016
1,5.75,1.0217347937891457
1,5.774,1.0218385903885712
1,5.798,1.0219412930840948
1,5.822,1.022042916892661
1,5.846,1.0221434862169292
1,5.87,1.0222430438844177
1,5.894,1.0223415861009355
1,5.918,1.0224390962466516
1,5.942,1.0225356084712844
1,5.966,1.0226311529861485
1,5.99,1.022725757073763
1,6.014,1.022819370469244
1,6.038,1.0229145143474336
1,6.062,1.0230098926247169
1,6.086,1.0231043776094062
1,6.11,1.0231979136992102
1,6.134,1.0232905242587955
1,6.158,1.0233822556304013
1,6.182,1.02347304957207
1,6.206,1.0235630052042166
1,6.23,1.02365207486228
1,6.254,1.0237402735185157
1,6.278,1.0238276546564684
1,6.302,1.0239141950487034
1,6.326,1.0239998677498403
1,6.35,1.0240847667185204
1,6.374,1.02416883626337
1,6.398,1.0242521178157389
1,6.422,1.0243346338308756
1,6.446,1.0244163298726048
1,6.47,1.024497305624483
1,6.494,1.0245774992908403
1,6.518,1.024656956010064
1,6.542,1.0247363407387098
1,6.566,1.0248150787475747
1,6.59,1.0248931367117338
1,6.614,1.024970478525583
1,6.638,1.0250470816312336
1,6.662,1.025123011221158
1,6.686,1.0251982625297993
1,6.71,1.0252728143192036
1,6.734,1.0253466884395122
1,6.758,1.0254199210889785
1,6.782,1.0254925005808024
1,6.806,1.0255643886454775
1,6.83,1.0256356803321107
1,6.854,1.0257063382675806
1,6.878,1.025776340159234
1,6.902,1.0258457487938453
1,6.926,1.0259145567253023
1,6.95,1.0259827456865929
1,6.974,1.0260503316867633
1,6.998,1.0261173541278856
1,7.022,1.0261837549577293
1,7.046,1.026247069169803
1,7.07,1.0263098095963357
1,7.094,1.0263720168277828
1,7.118,1.0264336629668456
1,7.142,1.0264948207408475
1,7.166,1.0265554216767316
1,7.19,1.0266155310450948
1,7.214,1.0266750955797224
1,7.238,1.026734188201451
1,7.262,1.026792756322896
1,7.286,1.0268508634347109
1,7.31,1.0269084427273911
1,7.334,1.0269655640273505
1,7.358,1.0270222001871072
1,7.382,1.0270783886675308
1,7.406,1.0271340728405676
1,7.43,1.027189311977739
1,7.454,1.0272441036119924
1,7.478,1.0272984222702644
1,7.502,1.027352334250777
1,7.526,1.0274057755536758
1,7.55,1.0274588053694798
1,7.574,1.027511374231703
1,7.598,1.0275635490600172
1,7.622,1.0276152797547693
1,7.646,1.027666626030496
1,7.67,1.0277175225580857
1,7.694,1.0277680363974078
1,7.718,1.0278181395538049
1,7.742,1.0278678683606028
1,7.766,1.0279171666712053
1,7.79,1.0279660916973214
1,7.814,1.028014638887476
1,7.838,1.0280627847420103
1,7.862,1.028110590257376
1,7.886,1.0281579952569926
1,7.91,1.0282050539418066
1,7.934,1.0282517200507204
1,7.958,1.0282980551527263
1,7.982,1.02834401243744
1,8.006,1.0283895128342644
1,8.03,1.0284351562017386
1,8.054,1.0284807356686156
1,8.078,1.0285259717811968
1,8.102,1.028570870667333
1,8.126,1.028615086444012
1,8.15,1.0286593199698693
1,8.174,1.0287032245826182
1,8.198,1.0287468058420235
1,8.222,1.0287900654290405
1,8.246,1.0288330081960635
1,8.27,1.028875636344609
1,8.294,1.028917954045096
1,8.318,1.028959963999813
1,8.342,1.0290013319784312
1,8.366,1.0290427376252491
1,8.39,1.0290838450965187
1,8.414,1.0291246580396975
1,8.438,1.029165178722501
1,8.462,1.0292054112381184
1,8.486,1.0292453572648694
1,8.51,1.0292850213246756
1,8.534,1.0293244045275338
1,8.558,1.0293635118077202
1,8.582,1.0294020154747232
1,8.606,1.0294405780355524
1,8.63,1.0294788710920226
1,8.654,1.0295168991226613
1,8.678,1.0295546633645964
1,8.702,1.029592167713066
1,8.726,1.029629413846782
1,8.75,1.0296664050975164
1,8.774,1.0297031435697923
1,8.798,1.0297393759247138
1,8.822,1.0297755537731836
1,8.846,1.02981155043414
1,8.87,1.0298473047870735
1,8.894,1.0298828185855953
1,8.918,1.0299180951225262
1,8.942,1.0299531356606826
1,8.966,1.0299879438609567
1,8.99,1.030022520512002
1,9.014,1.0300566821565564
1,9.038,1.0300896831019832
1,9.062,1.03012209538832
1,9.086,1.0301539846189247
1,9.11,1.0301859750358568
1,9.134,1.0302175729515828
1,9.158,1.0302490252733787
1,9.182,1.0302800915837167
1,9.206,1.0303112623963393
1,9.23,1.0303421115153606
1,9.254,1.0303727027923226
1,9.278,1.0304030372076058
1,9.302,1.0304333617934922
1,9.326,1.030463492091114
1,9.35,1.0304932523595474
1,9.374,1.0305230659157152
1,9.398,1.0305524524142873
1,9.422,1.030581836578704
1,9.446,1.0306107954411432
1,9.47,1.0306398740000675
1,9.494,1.0306685940178255
1,9.518,1.030697196786351
1,9.542,1.0307254470410392
1,9.566,1.0307538171804904
1,9.59,1.0307818973428542
1,9.614,1.0308097485353445
1,9.638,1.030837606377694
1,9.662,1.0308650042187253
1,9.686,1.0308924692737242
1,9.71,1.0309195971244185
1,9.734,1.0309467919733772
1,9.758,1.0309735950878292
1,9.782,1.03100041188732
1,9.806,1.0310268401352083
1,9.83,1.031053400466036
1,9.854,1.031079630505544
1,9.878,1.0311057656903058
1,9.902,1.0311318615926772
1,9.926,1.0311575228639207
1,9.95,1.0311832051031495
1,9.974,1.0312086818314723
1,9.998,1.0312341810653922
1,10.022,1.0312592537499323
1,10.046,1.031285472687015
1,10.07,1.031311543427871
1,10.094,1.0313374681967722
1,10.118,1.031363248250759
1,10.142,1.0313886070284617
1,10.166,1.031414102730868
1,10.19,1.0314394556766675
1,10.214,1.0314646697051555
1,10.238,1.0314897454298897
1,10.262,1.0315146837105678
1,10.286,1.031539212570583
1,10.31,1.031563880659334
1,10.334,1.0315884155753874
1,10.358,1.0316128176388797
1,10.382,1.0316370890121782
1,10.406,1.031661175647249
1,10.43,1.031684973219118
1,10.454,1.0317088569663613
1,10.478,1.031732615492308
1,10.502,1.0317562481704368
1,10.526,1.0317797566940947
1,10.55,1.0318031423835825
1,10.574,1.0318262448202011
1,10.598,1.031849280538965
1,10.622,1.031872302654065
1,10.646,1.0318952057100297
1,10.67,1.0319179906284242
1,10.694,1.0319406594597214
1,10.718,1.0319630003347868
1,10.742,1.0319853854286258
1,10.766,1.0320077087223107
1,10.79,1.0320299193150153
1,10.814,1.0320520178463046
1,10.838,1.0320740048529686
1,10.862,1.03209588160496
1,10.886,1.0321173909614807
1,10.91,1.032139050791281
1,10.934,1.0321606035668238
1,10.958,1.032182049574603
1,10.982,1.0322033902301149
1,11.006,1.032224574857039
1,11.03,1.032244686287909
1,11.054,1.0322632744100464
1,11.078,1.0322817731385348
1,11.102,1.0323001826195866
1,11.126,1.0323182511369215
1,11.15,1.0323364859950033
1,11.174,1.0323546341252563
1,11.198,1.0323724954779174
1,11.222,1.0323904228720011
1,11.246,1.0324083164172493
1,11.27,1.03242612599166
1,11.294,1.0324437033864655
1,11.318,1.0324612485280666
1,11.342,1.0324788121759632
1,11.366,1.032496245043817
1,11.39,1.0325134499168058
1,11.414,1.0325307731943032
1,11.438,1.0325480177830362
1,11.462,1.032565184038196
1,11.486,1.03258202774955
1,11.51,1.0325990401033325
1,11.534,1.032615976210829
1,11.558,1.032632641853471
1,11.582,1.0326493790776017
1,11.606,1.0326660907158347
1,11.63,1.032682728452285
1,11.654,1.032699148247031
1,11.678,1.0327155440856253
1,11.702,1.0327319648008606
1,11.726,1.0327482658505218
1,11.75,1.0327643528381218
1,11.774,1.0327805613242302
1,11.798,1.0327967004435872
1,11.822,1.03281277021053
1,11.846,1.032828534020524
1,11.87,1.0328444677833617
1,11.894,1.0328603342599936
1,11.918,1.0328759447584506
1,11.942,1.032891631179487
1,11.966,1.0329072989620265
1,11.99,1.032922901456776
2,1.022,0.8923581578130549
2,1.046,0.8899737286955044
2,1.07,0.8909315647777875
2,1.094,0.8924099102060852
2,1.118,0.8940744396990052
2,1.142,0.8957995760137643
2,1.166,0.8975366164926867
2,1.19,0.8992729234146049
2,1.214,0.901011424788662
2,1.238,0.9028448649733228
2,1.262,0.9047487817258268
2,1.286,0.9066936274580528
2,1.31,0.908650160360954
2,1.334,0.910612553620008
2,1.358,0.9125560034121154
2,1.382,0.9145101349751468
2,1.406,0.9164409623363544
2,1.43,0.9183266987249152
2,1.454,0.9202364490260228
2,1.478,0.9221158438998492
2,1.502,0.9239302934943304
2,1.526,0.9257372629071944
2,1.55,0.927491639855348
2,1.574,0.929251616569796
2,1.598,0.9308922616950008
2,1.622,0.932632724520112
2,1.646,0.9342854059912402
2,1.67,0.9358696880185998
2,1.694,0.9374563325007638
2,1.718,0.9390321551062448
2,1.742,0.9405002513499464
2,1.766,0.942018740581154
2,1.79,0.9434312595878236
2,1.814,0.9447981597296063
2,1.838,0.9462157261301
2,1.862,0.9476727624415237
2,1.886,0.948870468143419
2,1.91,0.9501742272874464
2,1.934,0.951490220541302
2,1.958,0.9527078279900728
2,1.982,0.9540799657876295
2,2.006,0.9551708551197716
2,2.03,0.9563430481293456
2,2.054,0.9574903319697124
2,2.078,0.9586098708758252
2,2.102,0.9597023651136312
2,2.126,0.960773437589067
2,2.15,0.9618409448516088
2,2.174,0.9628836556177344
2,2.198,0.9639022197246419
2,2.222,0.9648977892817748
2,2.246,0.965872389194156
2,2.27,0.9668253087566118
2,2.294,0.9677571003069237
2,2.318,0.968668576607686
2,2.342,0.9695807082348036
2,2.366,0.9704775233106296
2,2.39,0.971355226200875
2,2.414,0.9722143117899054
2,2.438,0.9730488734340104
2,2.462,0.9738629239952878
2,2.486,0.9746600986126446
2,2.51,0.9754411096231108
2,2.534,0.9762024043794436
2,2.558,0.9769444827867326
2,2.582,0.9776715713167285
2,2.606,0.978384268531025
2,2.63,0.979095785395623
2,2.654,0.9798191259927924
2,2.678,0.980528512531071
2,2.702,0.9812243298310036
2,2.726,0.9819014012026032
2,2.75,0.9825389943171204
2,2.774,0.9831646608584522
2,2.798,0.983778660610406
2,2.822,0.9843812127507086
2,2.846,0.9849772565398284
2,2.87,0.9855624351749996
2,2.894,0.986137024514115
2,2.918,0.986701281463198
2,2.942,0.9872866740699056
2,2.966,0.987867763577418
2,2.99,0.9884387950233988
2,3.014,0.988999850408812
2,3.038,0.9895340816869516
2,3.062,0.9900503723148188
2,3.086,0.9905579646001248
2,3.11,0.9910568258746464
2,3.134,0.9915472432804718
2,3.158,0.9920294548232892
2,3.182,0.992503562895706
2,3.206,0.9929699256438216
2,3.23,0.99342754765217
2,3.254,0.9938755197394636
2,3.278,0.9943161964127952
2,3.302,0.994749752668585
2,3.326,0.9951763446390504
2,3.35,0.9955961786775774
2,3.374,0.9960094010236192
2,3.398,0.9964159789512808
2,3.422,0.996816201977389
2,3.446,0.9972290159119652
2,3.47,0.9976353742434813
2,3.494,0.9980355475426226
2,3.518,0.9984295438473876
2,3.542,0.9988176876785748
2,3.566,0.9991998702165988
2,3.59,0.9995764172741658
2,3.614,0.9999473092076324
2,3.638,1.0003025529120997
2,3.662,1.0006475136348685
2,3.686,1.0009873338514756
2,3.71,1.0013222428013178
2,3.734,1.0016522590092738
2,3.758,1.0019774715033571
2,3.782,1.0022980721629111
2,3.806,1.0026139686878917
2,3.83,1.0029300519078244
2,3.854,1.003250920140789
2,3.878,1.003567215463782
2,3.902,1.0038791076269138
2,3.926,1.0041866631016354
2,3.95,1.004490029742518
2,3.974,1.0047892410224957
2,3.998,1.005084315026318
2,4.022,1.0053753647126848
2,4.046,1.0056506301581618
2,4.07,1.005922231040212
2,4.094,1.0061901077400206
2,4.118,1.0064544798680393
2,4.142,1.0067152791494487
2,4.166,1.0069726008240487
2,4.19,1.007226578743066
2,4.214,1.0074772469346711
2,4.238,1.0077237633547742
2,4.262,1.007966773410371
2,4.286,1.0082065397801176
2,4.31,1.0084432661056275
2,4.334,1.0086769784052867
2,4.358,1.0089076591843875
2,4.382,1.0091355082618656
2,4.406,1.0093604109373302
2,4.43,1.0095781770050831
2,4.454,1.009784467662722
2,4.478,1.0099882378398837
2,4.502,1.010189414737212
2,4.526,1.0103881598628546
2,4.55,1.0105843936576535
2,4.574,1.0107782211754963
2,4.598,1.0109696928830574
2,4.622,1.0111587647748967
2,4.646,1.0113733886620797
2,4.67,1.0115854599033116
2,4.694,1.0117950221297145
2,4.718,1.0120021160966786
2,4.742,1.0122067800114856
2,4.766,1.0124090565560273
2,4.79,1.012608978858588
2,4.814,1.0128065913593396
2,4.838,1.012997607304461
2,4.862,1.0131842839898837
2,4.886,1.0133687949790375
2,4.91,1.01355115166964
2,4.934,1.01373149704725
2,4.958,1.01390973614869
2,4.982,1.0140860116744923
2,5.006,1.014260312418552
2,5.03,1.0144313981478914
2,5.054,1.0145982417636854
2,5.078,1.0147631609176735
2,5.102,1.0149263103937292
2,5.126,1.015087596637026
2,5.15,1.0152471859181416
2,5.174,1.0154049885533696
2,5.198,1.0155610899342704
2,5.222,1.0157154514301532
2,5.246,1.015868214507059
2,5.27,1.0160192904406804
2,5.294,1.0161687989921997
2,5.318,1.0163166601978315
2,5.342,1.016462995957681
2,5.366,1.0166077244419187
2,5.39,1.0167510083075653
2,5.414,1.0168927370425875
2,5.438,1.017033001301977
2,5.462,1.017171761785146
2,5.486,1.017309144461702
2,5.51,1.0174450652153448
2,5.534,1.0175741883632003
2,5.558,1.0176965339182813
2,5.582,1.017817699042748
2,5.606,1.0179375413024336
2,5.63,1.0180561564145223
2,5.654,1.0181735630380242
2,5.678,1.0182898342358786
2,5.702,1.0184048834578752
2,5.726,1.0185187593172549
2,5.75,1.018631488740284
2,5.774,1.0187431383392913
2,5.798,1.0188536559789534
2,5.822,1.0189630501841584
2,5.846,1.0190713580752764
2,5.87,1.0191786315448452
2,5.894,1.0192848634032592
2,5.918,1.019390015426523
2,5.942,1.0194941391739998
2,5.966,1.0195972690032178
2,5.99,1.0196994434855184
2,6.014,1.0198005766895226
2,6.038,1.0199045373550837
2,6.062,1.0200093283779164
2,6.086,1.0201132055332407
2,6.11,1.0202160791742874
2,6.134,1.0203179779434364
2,6.158,1.0204189689196013
2,6.182,1.0205189543127624
2,6.206,1.0206180836652008
2,6.23,1.0207162745308398
2,6.254,1.0208135483344565
2,6.278,1.020909977273277
2,6.302,1.0210055252333952
2,6.326,1.0211001404752067
2,6.35,1.0211939665664354
2,6.374,1.0212869089340344
2,6.398,1.021379029376866
2,6.422,1.0214703547748487
2,6.446,1.0215607985669612
2,6.47,1.0216505076170632
2,6.494,1.0217393831374764
2,6.518,1.0218274893063637
2,6.542,1.0219158439564602
2,6.566,1.0220035592764825
2,6.59,1.022090578569658
2,6.614,1.0221768432908898
2,6.638,1.0222623125151993
2,6.662,1.022347084484696
2,6.686,1.0224311448939096
2,6.71,1.0225144600565046
2,6.734,1.0225970558901905
2,6.758,1.0226789879618878
2,6.782,1.0227602303787915
2,6.806,1.0228407237965824
2,6.83,1.0229206075166892
2,6.854,1.0229998227684656
2,6.878,1.0230783294154464
2,6.902,1.0231562219461887
2,6.926,1.0232334840236954
2,6.95,1.023310084755736
2,6.974,1.0233860448000125
2,6.998,1.023461421254091
2,7.022,1.0235361217532508
2,7.046,1.0236063507547808
2,7.07,1.0236759701619786
2,7.094,1.023745037627689
2,7.118,1.0238135088046312
2,7.142,1.0238814901812654
2,7.166,1.0239488757687452
2,7.19,1.0240157600208704
2,7.214,1.0240820610652728
2,7.238,1.0241478849209535
2,7.262,1.0242131504417484
2,7.286,1.0242779499680243
2,7.31,1.0243421798359258
2,7.334,1.0244059429215815
2,7.358,1.0244691959487235
2,7.382,1.0245319927724188
2,7.406,1.0245942441833238
2,7.43,1.0246560383107053
2,7.454,1.0247173686878972
2,7.478,1.0247781937947789
2,7.502,1.0248386123966595
2,7.526,1.024898524382122
2,7.55,1.0249580170693855
2,7.574,1.025017013342027
2,7.598,1.0250756119154012
2,7.622,1.0251337353140613
2,7.646,1.025191470700043
2,7.67,1.0252487177610772
2,7.694,1.025305574783714
2,7.718,1.0253619986219369
2,7.742,1.025418040961113
2,7.766,1.025473614821104
2,7.79,1.02552880464081
2,7.814,1.025583602300628
2,7.838,1.0256379686952073
2,7.862,1.025691996050961
2,7.886,1.0257455894305574
2,7.91,1.0257988301406364
2,7.934,1.0258516452154491
2,7.958,1.0259041268492193
2,7.982,1.0259562017751938
2,8.006,1.026007745401132
2,8.03,1.0260596796654813
2,8.054,1.0261116816749398
2,8.078,1.0261633207550682
2,8.102,1.0262146027157264
2,8.126,1.0262649955717755
2,8.15,1.0263155737891114
2,8.174,1.026365803985488
2,8.198,1.0264156914647773
2,8.222,1.026465238337246
2,8.246,1.0265144493071576
2,8.27,1.0265633268934369
2,8.294,1.0266118752221558
2,8.318,1.0266600972052295
2,8.342,1.0267074767843931
2,8.366,1.0267550579979694
2,8.39,1.0268023227464296
2,8.414,1.0268492746830784
2,8.438,1.026895916320254
2,8.462,1.0269422516606863
2,8.486,1.0269882827166112
2,8.51,1.0270340138267262
2,8.534,1.0270794465209472
2,8.558,1.0271245854609787
2,8.582,1.0271689266549633
2,8.606,1.027213486396244
2,8.63,1.0272577594365233
2,8.654,1.0273017500337396
2,8.678,1.0273454597776537
2,8.702,1.0273888924331769
2,8.726,1.0274320499386087
2,8.75,1.027474935582512
2,8.774,1.0275175516391928
2,8.798,1.0275595068341683
2,8.822,1.0276014947885987
2,8.846,1.0276433194843295
2,8.87,1.0276848853061955
2,8.894,1.027726194208204
2,8.918,1.0277672494018768
2,8.942,1.027808052426039
2,8.966,1.0278486067823374
2,8.99,1.0278889136084082
2,9.014,1.0279286882051373
2,9.038,1.0279667830652095
2,9.062,1.028004075154378
2,9.086,1.0280406653810854
2,9.11,1.0280775122511834
2,9.134,1.028113855005222
2,9.158,1.0281500743078158
2,9.182,1.0281857968034842
2,9.206,1.0282217779084104
2,9.23,1.0282573597970504
2,9.254,1.0282926396515033
2,9.278,1.0283276189550266
2,9.302,1.0283626751769106
2,9.326,1.0283975260532887
2,9.35,1.0284318980452043
2,9.374,1.0284664419546476
2,9.398,1.028500418266469
2,9.422,1.0285344777980632
2,9.446,1.028567972876448
2,9.47,1.0286017370123497
2,9.494,1.0286350355332157
2,9.518,1.0286682377754803
2,9.542,1.0287009811303092
2,9.566,1.0287339927811456
2,9.59,1.0287666399206246
2,9.614,1.0287990156226832
2,9.638,1.02883148179098
2,9.662,1.0288633198575978
2,9.686,1.0288953402567187
2,9.71,1.0289269185912526
2,9.734,1.0289586785914882
2,9.758,1.0289899113297485
2,9.782,1.0290212404888772
2,9.806,1.029052046572788
2,9.83,1.0290831287782347
2,9.854,1.029113777866855
2,9.878,1.0291443521970731
2,9.902,1.0291749381649993
2,9.926,1.0292049257233256
2,9.95,1.0292350158043555
2,9.974,1.0292648596170806
2,9.998,1.0292948067803318
2,10.022,1.0293241652147362
2,10.046,1.0293553549313892
2,10.07,1.029386383205286
2,10.094,1.029417252205187
2,10.118,1.0294479632298188
2,10.142,1.0294780901501497
2,10.166,1.0295084907407654
2,10.19,1.029538735720024
2,10.214,1.02956882862624
2,10.238,1.0295987701956817
2,10.262,1.029628561399579
2,10.286,1.0296577826443594
2,10.31,1.0296872782202662
2,10.334,1.0297166277215783
2,10.358,1.0297458316638215
2,10.382,1.0297748920792689
2,10.406,1.0298037259801744
2,10.43,1.0298321707409936
2,10.454,1.0298608061065726
2,10.478,1.0298893034688024
2,10.502,1.0299176625026003
2,10.526,1.0299458848385594
2,10.55,1.029973971829612
2,10.574,1.0300016771674094
2,10.598,1.0300293323733898
2,10.622,1.030057019059062
2,10.646,1.0300845743823694
2,10.67,1.030111999323592
2,10.694,1.030139295831811
2,10.718,1.0301661391238313
2,10.742,1.0301930996481643
2,10.766,1.0302200146470402
2,10.79,1.030246804814486
2,10.814,1.030273470907885
2,10.838,1.0303000135079303
2,10.862,1.0303264339328253
2,10.886,1.03035233549889
2,10.91,1.030378515494775
2,10.934,1.0304045765291308
2,10.958,1.030430519033794
2,10.982,1.0304563443699086
2,11.006,1.0304819743787728
2,11.03,1.0305059964845256
2,11.054,1.030527716528865
2,11.078,1.0305493408132862
2,11.102,1.030570869556833
2,11.126,1.030591914519452
2,11.15,1.0306132562279018
2,11.174,1.030634504895543
2,11.198,1.03065535194558
2,11.222,1.0306763403832042
2,11.246,1.0306973157109374
2,11.27,1.0307182007841595
2,11.294,1.030738766623051
2,11.318,1.0307593211130186
2,11.342,1.0307799414948036
2,11.366,1.0308003981055938
2,11.39,1.0308205404723123
2,11.414,1.03084090182597
2,11.438,1.0308611781364752
2,11.462,1.030881369812254
2,11.486,1.0309011004057609
2,11.51,1.0309211258077842
2,11.534,1.0309410686420637
2,11.558,1.0309606295884748
2,11.582,1.0309803349114297
2,11.606,1.0310000345970398
2,11.63,1.0310196540924843
2,11.654,1.0310389711315195
2,11.678,1.0310582842703513
2,11.702,1.0310776680650622
2,11.726,1.0310969000383916
2,11.75,1.03111583416483
2,11.774,1.0311349871535271
2,11.798,1.03115406443475
2,11.822,1.03117306611882
2,11.846,1.0311916273283697
2,11.87,1.0312104806948363
2,11.894,1.0312292604708124
2,11.918,1.0312476760743556
2,11.942,1.031266238024381
2,11.966,1.0312848005602693
2,11.99,1.0313032915406932
3,1.022,0.8922396239959344
3,1.046,0.8890123077733254
3,1.07,0.8901672954811767
3,1.094,0.8921368380391794
3,1.118,0.894417488464432
3,1.142,0.8968123982936986
3,1.166,0.8992435394635455
3,1.19,0.9016900754583296
3,1.214,0.904115104351561
3,1.238,0.9065389088031875
3,1.262,0.9089419771970312
3,1.286,0.9113146489228874
3,1.31,0.9136430696579994
3,1.334,0.9159265578941908
3,1.358,0.918156100757034
3,1.382,0.9203415396226508
3,1.406,0.9224729727556922
3,1.43,0.9245455377956124
3,1.454,0.9265802335480644
3,1.478,0.9285630254273004
3,1.502,0.930485231092608
3,1.526,0.9323646103759956
3,1.55,0.9341893339090142
3,1.574,0.935977082823024
3,1.598,0.937694421908234
3,1.622,0.9394044811093692
3,1.646,0.941055877189974
3,1.67,0.9426547218305316
3,1.694,0.9442223685608466
3,1.718,0.9457564541710188
3,1.742,0.9472307175841006
3,1.766,0.9486904679505656
3,1.79,0.9500928279369364
3,1.814,0.9514559033211414
3,1.838,0.9528075712468764
3,1.862,0.9541457202443812
3,1.886,0.9553869729029444
3,1.91,0.956635114031099
3,1.934,0.9578645549732766
3,1.958,0.9590447501651104
3,1.982,0.9602476379896788
3,2.006,0.9613513401657408
3,2.03,0.9624583614017588
3,2.054,0.9635396364895096
3,2.078,0.9645949418659998
3,2.102,0.9656247858694368
3,2.126,0.9666317268173964
3,2.15,0.9676209945804028
3,2.174,0.9685875644583116
3,2.198,0.9695317342523712
3,2.222,0.9704547425439188
3,2.246,0.9713572910117544
3,2.27,0.9722399450143449
3,2.294,0.9731031332794576
3,2.318,0.9739475091186856
3,2.342,0.9747794223433022
3,2.366,0.9755948167143002
3,2.39,0.9763929386228096
3,2.414,0.9771743226973888
3,2.438,0.9779376565239895
3,2.462,0.9786843776051976
3,2.486,0.9794158794091132
3,2.51,0.9801325983119296
3,2.534,0.9808339020208346
3,2.558,0.9815199529702948
3,2.582,0.9821923308865232
3,2.606,0.9828513165241278
3,2.63,0.9835010531085252
3,2.654,0.9841452518682444
3,2.678,0.9847771029770428
3,2.702,0.985396791801511
3,2.726,0.9860032239885836
3,2.75,0.986590692918356
3,2.774,0.98716722645419
3,2.798,0.9877330321690136
3,2.822,0.9882884169439976
3,2.846,0.9888349228756494
3,2.87,0.9893715268530924
3,2.894,0.9898984820169028
3,2.918,0.990416018023838
3,2.942,0.990933148254024
3,2.966,0.9914428606409328
3,2.99,0.9919437465757855
3,3.014,0.9924359178241386
3,3.038,0.9929148587607348
3,3.062,0.9933830872717376
3,3.086,0.9938434189750404
3,3.11,0.994295922131444
3,3.134,0.9947407682090548
3,3.158,0.9951781993903462
3,3.182,0.9956083917672164
3,3.206,0.9960315029872246
3,3.23,0.996447422696845
3,3.254,0.996855962300075
3,3.278,0.9972578967833952
3,3.302,0.9976533926918336
3,3.326,0.9980425907040572
3,3.35,0.9984256459689944
3,3.374,0.9988027232313856
3,3.398,0.9991738113598436
3,3.422,0.9995391679890921
3,3.446,0.9999041764732683
3,3.47,1.0002635533201387
3,3.494,1.0006174985948455
3,3.518,1.0009660640399989
3,3.542,1.0013094151382127
3,3.566,1.001647582213366
3,3.59,1.00198077075671
3,3.614,1.002308996665171
3,3.638,1.0026296041049294
3,3.662,1.002944045853281
3,3.686,1.003253936961674
3,3.71,1.003559356194178
3,3.734,1.0038603884092656
3,3.758,1.0041571086164656
3,3.782,1.0044496355757304
3,3.806,1.0047380012988876
3,3.83,1.0050236252941522
3,3.854,1.005307858025498
3,3.878,1.0055881218132845
3,3.902,1.0058645351368456
3,3.926,1.0061371448588612
3,3.95,1.0064060689147365
3,3.974,1.0066713346462548
3,3.998,1.0069330287091656
3,4.022,1.007191191265827
3,4.046,1.0074426190592307
3,4.07,1.0076907138907767
3,4.094,1.0079355293859686
3,4.118,1.0081771457816495
3,4.142,1.0084156036236696
3,4.166,1.0086509546789382
3,4.19,1.0088832861545307
3,4.214,1.0091126384616351
3,4.238,1.009338817006986
3,4.262,1.0095620383253003
3,4.286,1.0097824081005415
3,4.31,1.0100000242064562
3,4.334,1.0102149183883202
3,4.358,1.01042713112223
3,4.382,1.0106367354850787
3,4.406,1.0108437488043345
3,4.43,1.011047011084782
3,4.454,1.0112453634271503
3,4.478,1.011441311849446
3,4.502,1.0116348896977505
3,4.526,1.0118261485962223
3,4.55,1.0120151105623394
3,4.574,1.0122018150403385
3,4.598,1.012386315575163
3,4.622,1.0125686156288032
3,4.646,1.012756554981196
3,4.67,1.0129423034592773
3,4.694,1.0131259000460802
3,4.718,1.0133073798660523
3,4.742,1.0134867746753984
3,4.766,1.0136641236805917
3,4.79,1.0138394518858955
3,4.814,1.014012802266521
3,4.838,1.0141829887391045
3,4.862,1.014350675250562
3,4.886,1.0145164747989446
3,4.91,1.014680426962268
3,4.934,1.0148425734317894
3,4.958,1.0150029247632446
3,4.982,1.0151615242574097
3,5.006,1.0153184007010934
3,5.03,1.0154732151013572
3,5.054,1.0156257099315211
3,5.078,1.0157765431026498
3,5.102,1.0159257827745896
3,5.126,1.0160734172998838
3,5.15,1.0162194924637942
3,5.174,1.0163640232199187
3,5.198,1.0165070388099964
3,5.222,1.0166485471524465
3,5.246,1.0167886023443786
3,5.27,1.0169271983121024
3,5.294,1.0170643580915848
3,5.318,1.0172001084091276
3,5.342,1.0173344770594477
3,5.366,1.017467466755795
3,5.39,1.0175991289395832
3,5.414,1.0177294425322807
3,5.438,1.017858451062717
3,5.462,1.0179861606171037
3,5.486,1.0181126107634624
3,5.51,1.0182377986546187
3,5.534,1.018360245017473
3,5.558,1.0184799581510935
3,5.582,1.0185985272513218
3,5.606,1.018715918721346
3,5.63,1.018832170483356
3,5.654,1.0189473004781844
3,5.678,1.0190613337112202
3,5.702,1.0191742617960586
3,5.726,1.0192861104829003
3,5.75,1.0193968919293734
3,5.774,1.0195066419552548
3,5.798,1.0196153469056932
3,5.822,1.0197230289393868
3,5.846,1.019829697929416
3,5.87,1.0199353872806074
3,5.894,1.020040095910288
3,5.918,1.0201438302900792
3,5.942,1.0202466051589327
3,5.966,1.0203484464008927
3,5.99,1.0204493686274927
3,6.014,1.0205493593040091
3,6.038,1.0206495067002053
3,6.062,1.02074925963603
3,6.086,1.0208481458563388
3,6.11,1.0209461454121151
3,6.134,1.0210432757942312
3,6.158,1.0211395607720262
3,6.182,1.0212349839864223
3,6.206,1.0213295903333908
3,6.23,1.0214233690657175
3,6.254,1.0215163275759085
3,6.278,1.0216084995009906
3,6.302,1.02169987450203
3,6.326,1.021790452072889
3,6.35,1.0218802727010092
3,6.374,1.021969322003088
3,6.398,1.0220576191266222
3,6.422,1.022145181711939
3,6.446,1.0222319889277678
3,6.47,1.0223180901134423
3,6.494,1.0224034623489229
3,6.518,1.022488130244851
3,6.542,1.0225723834619584
3,6.566,1.0226559795830226
3,6.59,1.0227389098708328
3,6.614,1.0228211616037282
3,6.638,1.022902731576574
3,6.662,1.0229836493311115
3,6.686,1.02306392015985
3,6.71,1.0231435354421294
3,6.734,1.0232225127076031
3,6.758,1.0233008669009538
3,6.782,1.023378601466938
3,6.806,1.0234556998978537
3,6.83,1.0235322101920226
3,6.854,1.0236081171694165
3,6.878,1.0236834173741285
3,6.902,1.0237581394641853
3,6.926,1.0238322852477897
3,6.95,1.023905849495423
3,6.974,1.023978843018067
3,6.998,1.0240512861280584
3,7.022,1.0241231568914813
3,7.046,1.0241934032272664
3,7.07,1.0242631047692132
3,7.094,1.0243322838355349
3,7.118,1.024400929552401
3,7.142,1.024469078709398
3,7.166,1.024536702171652
3,7.19,1.0246038341995929
3,7.214,1.0246704513480818
3,7.238,1.0247365914035662
3,7.262,1.0248022315896623
3,7.286,1.0248674047134827
3,7.31,1.0249320826540331
3,7.334,1.024996300036105
3,7.358,1.0250600464614654
3,7.382,1.0251233418187655
3,7.406,1.0251861637615636
3,7.43,1.0252485407021104
3,7.454,1.025310474172479
3,7.478,1.0253719554635377
3,7.502,1.0254330162185747
3,7.526,1.0254936304523223
3,7.55,1.025553827366642
3,7.574,1.0256135864773903
3,7.598,1.0256729408796683
3,7.622,1.0257318691185455
3,7.646,1.0257904017554855
3,7.67,1.0258485101359751
3,7.694,1.0259062281831473
3,7.718,1.025963543560072
3,7.742,1.026020476264612
3,7.766,1.0260770025101835
3,7.79,1.0261331505210722
3,7.814,1.0261889192238445
3,7.838,1.026244301545851
3,7.862,1.0262993250849255
3,7.886,1.0263539663755663
3,7.91,1.0264082506507388
3,7.934,1.0264621597667036
3,7.958,1.0265157226417814
3,7.982,1.0265689202777115
3,8.006,1.0266217218054343
3,8.03,1.0266743850351678
3,8.054,1.0267268263274467
3,8.078,1.0267789264197045
3,8.102,1.0268306917508332
3,8.126,1.026881973534504
3,8.15,1.0269330762170874
3,8.174,1.0269838509194082
3,8.198,1.027034303430678
3,8.222,1.02708443468774
3,8.246,1.0271342496224112
3,8.27,1.0271837498545715
3,8.294,1.027232939489628
3,8.318,1.0272818208048915
3,8.342,1.027330252311886
3,8.366,1.0273785269324678
3,8.39,1.027426501990769
3,8.414,1.0274741810059411
3,8.438,1.0275215657788657
3,8.462,1.0275686604148684
3,8.486,1.0276154660013683
3,8.51,1.0276619872078392
3,8.534,1.0277082244339528
3,8.558,1.0277541828921024
3,8.582,1.0277997215867822
3,8.606,1.027845127799221
3,8.63,1.0278902604346
3,8.654,1.0279351241819237
3,8.678,1.0279797196731133
3,8.702,1.028024050888358
3,8.726,1.0280681190368772
3,8.75,1.0281119274142838
3,8.774,1.028155477786721
3,8.798,1.0281986629761963
3,8.822,1.028241677832442
3,8.846,1.02828446906844
3,8.87,1.028327012052806
3,8.894,1.0283693081645853
3,8.918,1.028411360725487
3,8.942,1.0284531705188056
3,8.966,1.0284947413485557
3,8.99,1.0285360734226072
3,9.014,1.028577090630045
3,9.038,1.028617473088569
3,9.062,1.0286574696398587
3,9.086,1.028697108247551
3,9.11,1.0287366587533628
3,9.134,1.0287759104910477
3,9.158,1.0288149683725114
3,9.182,1.0288537329419627
3,9.206,1.028892413702038
3,9.23,1.0289308299672189
3,9.254,1.0289690101677258
3,9.278,1.029006954599495
3,9.302,1.0290447720353113
3,9.326,1.0290823814621943
3,9.35,1.0291197108320207
3,9.374,1.0291569422427445
3,9.398,1.0291938699221357
3,9.422,1.029230678994113
3,9.446,1.02926718431429
3,9.47,1.0293036252848955
3,9.494,1.0293397952254963
3,9.518,1.0293757997385002
3,9.542,1.0294115383999147
3,9.566,1.0294472134751
3,9.59,1.0294826513601294
3,9.614,1.029517879023838
3,9.638,1.0295529981618994
3,9.662,1.0295878090179995
3,9.686,1.0296225385983218
3,9.71,1.029657015609672
3,9.734,1.0296914114232876
3,9.758,1.029725532488641
3,9.782,1.0297595528553318
3,9.806,1.029793300420753
3,9.83,1.029827000670244
3,9.854,1.0298604525783897
3,9.878,1.02989376146901
3,9.902,1.0299269500916592
3,9.926,1.0299598506111964
3,9.95,1.029992658567776
3,9.974,1.030025277045252
3,9.998,1.0300578051692868
3,10.022,1.030090051366737
3,10.046,1.0301226907877818
3,10.07,1.0301551687959531
3,10.094,1.030187487643345
3,10.118,1.0302196485116173
3,10.142,1.0302515332344686
3,10.166,1.0302833826383933
3,10.19,1.0303150754106956
3,10.214,1.0303466157475207
3,10.238,1.0303780040855957
3,10.262,1.0304092411077477
3,10.286,1.0304402112078963
3,10.31,1.030471149786951
3,10.334,1.0305019412444438
3,10.358,1.0305325856083585
3,10.382,1.0305630852129826
3,10.406,1.030593416566178
3,10.43,1.0306235371647423
3,10.454,1.0306536054622044
3,10.478,1.0306835343263552
3,10.502,1.0307133227152083
3,10.526,1.0307429724040251
3,10.55,1.0307724846444326
3,10.574,1.0308017899358557
3,10.598,1.0308309830442128
3,10.622,1.0308600868759803
3,10.646,1.030889056737598
3,10.67,1.030917893465122
3,10.694,1.0309465992329137
3,10.718,1.0309750816630554
3,10.742,1.0310035030185711
3,10.766,1.0310318173058617
3,10.79,1.0310600037362707
3,10.814,1.0310880627739327
3,10.838,1.0311159949300277
3,10.862,1.0311438013779115
3,10.886,1.0311713727874887
3,10.91,1.0311989310798155
3,10.934,1.0312263668756625
3,10.958,1.0312536802626828
3,10.982,1.0312808727427285
3,11.006,1.0313079227097446
3,11.03,1.0313344375832163
3,11.054,1.0313602257404837
3,11.078,1.0313859033003534
3,11.102,1.031411470323056
3,11.126,1.031436819645293
3,11.15,1.031462169293704
3,11.174,1.0314874109441523
3,11.198,1.031512459470988
3,11.222,1.031537466312435
3,11.246,1.031562389427614
3,11.27,1.0315872072767465
3,11.294,1.0316118572055757
3,11.318,1.0316364248083076
3,11.342,1.0316609328595865
3,11.366,1.0316853171364675
3,11.39,1.031709536845566
3,11.414,1.0317337405803817
3,11.438,1.0317578444889923
3,11.462,1.0317818488631858
3,11.486,1.0318056495022323
3,11.51,1.031829457381162
3,11.534,1.0318531678798295
3,11.558,1.0318766980483072
3,11.582,1.0319001949373263
3,11.606,1.0319236173451216
3,11.63,1.0319469447316985
3,11.654,1.0319701158926136
3,11.678,1.031993214119701
3,11.702,1.0320162610616246
3,11.726,1.0320391946585077
3,11.75,1.032061975211182
3,11.774,1.0320847465252965
3,11.798,1.0321074275592867
3,11.822,1.0321300182140456
3,11.846,1.032152417698436
3,11.87,1.0321748302035558
3,11.894,1.0321971545474582
3,11.918,1.0322193098821566
3,11.942,1.0322414390983616
3,11.966,1.032263501840461
3,11.99,1.0322854784673834
