isotope,E_MeV,C
U235,1.8,0.0599999999999999
U235,1.81,0.0598647126183374
U235,1.82,0.0597278765400077
U235,1.83,0.059589491765011
U235,1.84,0.0594495582933471
U235,1.85,0.0593080761250162
U235,1.86,0.0591650452600181
U235,1.87,0.0590204656983529
U235,1.88,0.0588743374400207
U235,1.89,0.0587266604850213
U235,1.9,0.0585774348333549
U235,1.91,0.0584266604850213
U235,1.92,0.0582743374400207
U235,1.93,0.0581204656983529
U235,1.94,0.0579650452600181
U235,1.95,0.0578080761250162
U235,1.96,0.0576495582933471
U235,1.97,0.057489491765011
U235,1.98,0.0573278765400077
U235,1.99,0.0571647126183374
U235,2.0,0.057
U235,2.01,0.0568337386849954
U235,2.02,0.0566659286733238
U235,2.03,0.056496569964985
U235,2.04,0.0563256625599792
U235,2.05,0.0561532064583063
U235,2.06,0.0559792016599662
U235,2.07,0.0558036481649591
U235,2.08,0.0556265459732849
U235,2.09,0.0554478950849435
U235,2.1,0.0552676954999351
U235,2.11,0.0550859472182596
U235,2.12,0.0549026502399169
U235,2.13,0.0547178045649072
U235,2.14,0.0545314101932304
U235,2.15,0.0543434671248865
U235,2.16,0.0541539753598754
U235,2.17,0.0539629348981973
U235,2.18,0.0537703457398521
U235,2.19,0.0535762078848398
U235,2.2,0.0533805213331604
U235,2.21,0.0531832860848138
U235,2.22,0.0529845021398002
U235,2.23,0.0527841694981195
U235,2.24,0.0525822881597717
U235,2.25,0.0523788581247568
U235,2.26,0.0521694157437426
U235,2.27,0.0519494973673972
U235,2.28,0.0517191029957203
U235,2.29,0.0514782326287122
U235,2.3,0.0512268862663726
U235,2.31,0.0509650639087018
U235,2.32,0.0506927655556996
U235,2.33,0.050409991207366
U235,2.34,0.0501167408637011
U235,2.35,0.0498130145247049
U235,2.36,0.0494988121903773
U235,2.37,0.0491741338607184
U235,2.38,0.0488389795357281
U235,2.39,0.0484933492154065
U235,2.4,0.0481372428997535
U235,2.41,0.0477706605887692
U235,2.42,0.0473936022824536
U235,2.43,0.0470060679808066
U235,2.44,0.0466080576838282
U235,2.45,0.0461995713915185
U235,2.46,0.0457806091038775
U235,2.47,0.0453511708209051
U235,2.48,0.0449112565426014
U235,2.49,0.0444608662689663
U235,2.5,0.0439999999999999
U235,2.51,0.0435286577357022
U235,2.52,0.0430468394760731
U235,2.53,0.0425545452211126
U235,2.54,0.0420517749708208
U235,2.55,0.0415385287251977
U235,2.56,0.0410148064842432
U235,2.57,0.0404806082479574
U235,2.58,0.0399359340163402
U235,2.59,0.0393807837893917
U235,2.6,0.0388151575671118
U235,2.61,0.0382390553495006
U235,2.62,0.0376524771365581
U235,2.63,0.0370554229282842
U235,2.64,0.0364478927246789
U235,2.65,0.0358298865257423
U235,2.66,0.0352014043314744
U235,2.67,0.0345624461418751
U235,2.68,0.0339130119569445
U235,2.69,0.0332531017766826
U235,2.7,0.0325827156010892
U235,2.71,0.0319018534301646
U235,2.72,0.0312105152639086
U235,2.73,0.0305087011023212
U235,2.74,0.0297964109454025
U235,2.75,0.0290736447931525
U235,2.76,0.0283522429775644
U235,2.77,0.0276440458306315
U235,2.78,0.0269490533523537
U235,2.79,0.026267265542731
U235,2.8,0.0255986824017636
U235,2.81,0.0249433039294513
U235,2.82,0.0243011301257942
U235,2.83,0.0236721609907923
U235,2.84,0.0230563965244455
U235,2.85,0.0224538367267539
U235,2.86,0.0218644815977174
U235,2.87,0.0212883311373362
U235,2.88,0.0207253853456101
U235,2.89,0.0201756442225391
U235,2.9,0.0196391077681233
U235,2.91,0.0191157759823628
U235,2.92,0.0186056488652573
U235,2.93,0.0181087264168071
U235,2.94,0.0176250086370119
U235,2.95,0.017154495525872
U235,2.96,0.0166971870833873
U235,2.97,0.0162530833095577
U235,2.98,0.0158221842043832
U235,2.99,0.015404489767864
U235,3.0,0.0149999999999999
U235,3.01,0.014608714900791
U235,3.02,0.0142306344702372
U235,3.03,0.0138657587083386
U235,3.04,0.0135140876150952
U235,3.05,0.013175621190507
U235,3.06,0.0128503594345739
U235,3.07,0.012538302347296
U235,3.08,0.0122394499286732
U235,3.09,0.0119538021787057
U235,3.1,0.0116813590973932
U235,3.11,0.011422120684736
U235,3.12,0.0111760869407339
U235,3.13,0.010943257865387
U235,3.14,0.0107236334586953
U235,3.15,0.0105172137206587
U235,3.16,0.0103239986512773
U235,3.17,0.0101439882505511
U235,3.18,0.00997718251848
U235,3.19,0.0098235814550641
U235,3.2,0.0096831850603034
U235,3.21,0.0095559933341978
U235,3.22,0.0094420062767474
U235,3.23,0.0093412238879522
U235,3.24,0.0092536461678122
U235,3.25,0.0091792731163273
U235,3.26,0.0091107263908701
U235,3.27,0.0090406276488133
U235,3.28,0.0089689768901569
U235,3.29,0.0088957741149007
U235,3.3,0.0088210193230449
U235,3.31,0.0087447125145895
U235,3.32,0.0086668536895344
U235,3.33,0.0085874428478796
U235,3.34,0.0085064799896251
U235,3.35,0.008423965114771
U235,3.36,0.0083398982233173
U235,3.37,0.0082542793152638
U235,3.38,0.0081671083906108
U235,3.39,0.008078385449358
U235,3.4,0.0079881104915056
U235,3.41,0.0078962835170535
U235,3.42,0.0078029045260017
U235,3.43,0.0077079735183503
U235,3.44,0.0076114904940993
U235,3.45,0.0075134554532485
U235,3.46,0.0074138683957981
U235,3.47,0.0073127293217481
U235,3.48,0.0072100382310984
U235,3.49,0.007105795123849
U235,3.5,0.0069999999999999
U235,3.51,0.0068926528595512
U235,3.52,0.0067837537025029
U235,3.53,0.0066733025288548
U235,3.54,0.0065612993386071
U235,3.55,0.0064477441317598
U235,3.56,0.0063326369083127
U235,3.57,0.006215977668266
U235,3.58,0.0060977664116197
U235,3.59,0.0059780031383737
U235,3.6,0.005856687848528
U235,3.61,0.0057338205420827
U235,3.62,0.0056094012190377
U235,3.63,0.005483429879393
U235,3.64,0.0053559065231487
U235,3.65,0.0052268311503047
U235,3.66,0.005096203760861
U235,3.67,0.0049640243548177
U235,3.68,0.0048302929321747
U235,3.69,0.0046950094929321
U235,3.7,0.0045581740370898
U235,3.71,0.0044197865646478
U235,3.72,0.0042798470756062
U235,3.73,0.0041383555699649
U235,3.74,0.003995312047724
U235,3.75,0.0038507165088833
U235,3.76,0.0037065986772143
U235,3.77,0.0035649882764881
U235,3.78,0.0034258853067046
U235,3.79,0.003289289767864
U235,3.8,0.0031552016599662
U235,3.81,0.0030236209830112
U235,3.82,0.002894547736999
U235,3.83,0.0027679819219296
U235,3.84,0.0026439235378031
U235,3.85,0.0025223725846193
U235,3.86,0.0024033290623783
U235,3.87,0.0022867929710802
U235,3.88,0.0021727643107249
U235,3.89,0.0020612430813123
U235,3.9,0.0019522292828426
U235,3.91,0.0018457229153157
U235,3.92,0.0017417239787316
U235,3.93,0.0016402324730903
U235,3.94,0.0015412483983918
U235,3.95,0.0014447717546362
U235,3.96,0.0013508025418233
U235,3.97,0.0012593407599532
U235,3.98,0.001170386409026
U235,3.99,0.0010839394890416
U235,4.0,0.0009999999999999
U235,4.01,0.0009185679419011
U235,4.02,0.0008396433147451
U235,4.03,0.0007632261185319
U235,4.04,0.0006893163532615
U235,4.05,0.0006179140189339
U235,4.06,0.0005490191155491
U235,4.07,0.0004826316431072
U235,4.08,0.000418751601608
U235,4.09,0.0003573789910517
U235,4.1,0.0002985138114381
U235,4.11,0.0002421560627674
U235,4.12,0.0001883057450395
U235,4.13,0.0001369628582544
U235,4.14,8.81274024121273e-05
U235,4.15,4.179937751263468e-05
U235,4.16,0.0
U235,4.17,0.0
U235,4.18,0.0
U235,4.19,0.0
U235,4.2,0.0
U235,4.21,0.0
U235,4.22,0.0
U235,4.23,0.0
U235,4.24,0.0
U235,4.25,0.0
U235,4.26,0.0
U235,4.27,0.0
U235,4.28,0.0
U235,4.29,0.0
U235,4.3,0.0
U235,4.31,0.0
U235,4.32,0.0
U235,4.33,0.0
U235,4.34,0.0
U235,4.35,0.0
U235,4.36,0.0
U235,4.37,0.0
U235,4.38,0.0
U235,4.39,0.0
U235,4.4,0.0
U235,4.41,0.0
U235,4.42,0.0
U235,4.43,0.0
U235,4.44,0.0
U235,4.45,0.0
U235,4.46,0.0
U235,4.47,0.0
U235,4.48,0.0
U235,4.49,0.0
Pu239,1.8,0.0219999999999999
Pu239,1.81,0.0219493790688626
Pu239,1.82,0.0218988234988976
Pu239,1.83,0.021848333290105
Pu239,1.84,0.0217979084424847
Pu239,1.85,0.0217475489560368
Pu239,1.86,0.0216972548307612
Pu239,1.87,0.021647026066658
Pu239,1.88,0.0215968626637271
Pu239,1.89,0.0215467646219686
Pu239,1.9,0.0214967319413824
Pu239,1.91,0.0214467646219686
Pu239,1.92,0.0213968626637271
Pu239,1.93,0.021347026066658
Pu239,1.94,0.0212972548307612
Pu239,1.95,0.0212475489560368
Pu239,1.96,0.0211979084424847
Pu239,1.97,0.021148333290105
Pu239,1.98,0.0210988234988976
Pu239,1.99,0.0210493790688626
Pu239,2.0,0.0209999999999999
Pu239,2.01,0.0209506862923096
Pu239,2.02,0.0209014379457917
Pu239,2.03,0.0208522549604461
Pu239,2.04,0.0208031373362728
Pu239,2.05,0.0207540850732719
Pu239,2.06,0.0207050981714433
Pu239,2.07,0.0206561766307871
Pu239,2.08,0.0206073204513033
Pu239,2.09,0.0205585296329918
Pu239,2.1,0.0205098041758526
Pu239,2.11,0.0204611440798858
Pu239,2.12,0.0204125493450914
Pu239,2.13,0.0203640199714693
Pu239,2.14,0.0203155559590195
Pu239,2.15,0.0202671573077421
Pu239,2.16,0.0202188240176371
Pu239,2.17,0.0201705560887044
Pu239,2.18,0.0201223535209441
Pu239,2.19,0.0200742163143561
Pu239,2.2,0.0200261444689404
Pu239,2.21,0.0199781379846971
Pu239,2.22,0.0199301968616262
Pu239,2.23,0.0198823210997276
Pu239,2.24,0.0198345106990014
Pu239,2.25,0.0197867656594475
Pu239,2.26,0.0197365029697834
Pu239,2.27,0.0196811396187264
Pu239,2.28,0.0196206756062767
Pu239,2.29,0.0195551109324341
Pu239,2.3,0.0194844455971988
Pu239,2.31,0.0194086796005706
Pu239,2.32,0.0193278129425496
Pu239,2.33,0.0192418456231357
Pu239,2.34,0.0191507776423291
Pu239,2.35,0.0190546090001296
Pu239,2.36,0.0189533396965374
Pu239,2.37,0.0188469697315523
Pu239,2.38,0.0187354991051744
Pu239,2.39,0.0186189278174037
Pu239,2.4,0.0184972558682401
Pu239,2.41,0.0183704832576838
Pu239,2.42,0.0182386099857346
Pu239,2.43,0.0181016360523926
Pu239,2.44,0.0179595614576578
Pu239,2.45,0.0178123862015302
Pu239,2.46,0.0176601102840098
Pu239,2.47,0.0175027337050966
Pu239,2.48,0.0173402564647905
Pu239,2.49,0.0171726785630916
Pu239,2.5,0.0169999999999999
Pu239,2.51,0.0168222207755154
Pu239,2.52,0.0166393408896381
Pu239,2.53,0.016451360342368
Pu239,2.54,0.016258279133705
Pu239,2.55,0.0160600972636493
Pu239,2.56,0.0158568147322007
Pu239,2.57,0.0156484315393593
Pu239,2.58,0.0154349476851251
Pu239,2.59,0.0152163631694981
Pu239,2.6,0.0149926779924782
Pu239,2.61,0.0147638921540656
Pu239,2.62,0.0145300056542601
Pu239,2.63,0.0142910184930618
Pu239,2.64,0.0140469306704707
Pu239,2.65,0.0137977421864868
Pu239,2.66,0.01354345304111
Pu239,2.67,0.0132840632343405
Pu239,2.68,0.0130195727661781
Pu239,2.69,0.0127499816366229
Pu239,2.7,0.0124752898456749
Pu239,2.71,0.0121954973933341
Pu239,2.72,0.0119106042796005
Pu239,2.73,0.0116206105044741
Pu239,2.74,0.0113255160679548
Pu239,2.75,0.0110253209700427
Pu239,2.76,0.0107250448450265
Pu239,2.77,0.0104297073271948
Pu239,2.78,0.0101393084165477
Pu239,2.79,0.0098538481130851
Pu239,2.8,0.0095733264168071
Pu239,2.81,0.0092977433277136
Pu239,2.82,0.0090270988458046
Pu239,2.83,0.0087613929710802
Pu239,2.84,0.0085006257035403
Pu239,2.85,0.008244797043185
Pu239,2.86,0.0079939069900142
Pu239,2.87,0.0077479555440279
Pu239,2.88,0.0075069427052262
Pu239,2.89,0.0072708684736091
Pu239,2.9,0.0070397328491764
Pu239,2.91,0.0068135358319283
Pu239,2.92,0.0065922774218648
Pu239,2.93,0.0063759576189858
Pu239,2.94,0.0061645764232913
Pu239,2.95,0.0059581338347814
Pu239,2.96,0.005756629853456
Pu239,2.97,0.0055600644793152
Pu239,2.98,0.0053684377123589
Pu239,2.99,0.0051817495525871
Pu239,3.0,0.0049999999999999
Pu239,3.01,0.0048231890545973
Pu239,3.02,0.0046513167163791
Pu239,3.03,0.0044843829853455
Pu239,3.04,0.0043223878614965
Pu239,3.05,0.004165331344832
Pu239,3.06,0.004013213435352
Pu239,3.07,0.0038660341330566
Pu239,3.08,0.0037237934379457
Pu239,3.09,0.0035864913500194
Pu239,3.1,0.0034541278692776
Pu239,3.11,0.0033267029957203
Pu239,3.12,0.0032042167293476
Pu239,3.13,0.0030866690701594
Pu239,3.14,0.0029740600181558
Pu239,3.15,0.0028663895733367
Pu239,3.16,0.0027636577357022
Pu239,3.17,0.0026658645052522
Pu239,3.18,0.0025730098819867
Pu239,3.19,0.0024850938659058
Pu239,3.2,0.0024021164570094
Pu239,3.21,0.0023240776552976
Pu239,3.22,0.0022509774607703
Pu239,3.23,0.0021828158734275
Pu239,3.24,0.0021195928932693
Pu239,3.25,0.0020613085202956
Pu239,3.26,0.002006027960057
Pu239,3.27,0.001951816418104
Pu239,3.28,0.0018986738944365
Pu239,3.29,0.0018466003890545
Pu239,3.3,0.0017955959019582
Pu239,3.31,0.0017456604331474
Pu239,3.32,0.0016967939826222
Pu239,3.33,0.0016489965503825
Pu239,3.34,0.0016022681364284
Pu239,3.35,0.0015566087407599
Pu239,3.36,0.0015120183633769
Pu239,3.37,0.0014684970042795
Pu239,3.38,0.0014260446634677
Pu239,3.39,0.0013846613409415
Pu239,3.4,0.0013443470367008
Pu239,3.41,0.0013051017507456
Pu239,3.42,0.0012669254830761
Pu239,3.43,0.0012298182336921
Pu239,3.44,0.0011937800025936
Pu239,3.45,0.0011588107897808
Pu239,3.46,0.0011249105952535
Pu239,3.47,0.0010920794190117
Pu239,3.48,0.0010603172610556
Pu239,3.49,0.001029624121385
Pu239,3.5,0.0009999999999999
Pu239,3.51,0.0009714448969005
Pu239,3.52,0.0009439588120866
Pu239,3.53,0.0009175417455582
Pu239,3.54,0.0008921936973155
Pu239,3.55,0.0008679146673583
Pu239,3.56,0.0008447046556866
Pu239,3.57,0.0008225636623006
Pu239,3.58,0.0008014916872001
Pu239,3.59,0.0007814887303851
Pu239,3.6,0.0007625547918557
Pu239,3.61,0.0007446898716119
Pu239,3.62,0.0007278939696537
Pu239,3.63,0.000712167085981
Pu239,3.64,0.0006975092205939
Pu239,3.65,0.0006839203734924
Pu239,3.66,0.0006714005446764
Pu239,3.67,0.000659949734146
Pu239,3.68,0.0006495679419011
Pu239,3.69,0.0006402551679418
Pu239,3.7,0.0006320114122681
Pu239,3.71,0.00062483667488
Pu239,3.72,0.0006187309557774
Pu239,3.73,0.0006136942549604
Pu239,3.74,0.0006097265724289
Pu239,3.75,0.0006068279081831
Pu239,3.76,0.000604387394631
Pu239,3.77,0.000601794164181
Pu239,3.78,0.000599048216833
Pu239,3.79,0.0005961495525872
Pu239,3.8,0.0005930981714433
Pu239,3.81,0.0005898940734016
Pu239,3.82,0.0005865372584619
Pu239,3.83,0.0005830277266243
Pu239,3.84,0.0005793654778887
Pu239,3.85,0.0005755505122552
Pu239,3.86,0.0005715828297237
Pu239,3.87,0.0005674624302943
Pu239,3.88,0.000563189313967
Pu239,3.89,0.0005587634807417
Pu239,3.9,0.0005541849306185
Pu239,3.91,0.0005494536635974
Pu239,3.92,0.0005445696796783
Pu239,3.93,0.0005395329788613
Pu239,3.94,0.0005343435611464
Pu239,3.95,0.0005290014265335
Pu239,3.96,0.0005235065750226
Pu239,3.97,0.0005178590066139
Pu239,3.98,0.0005120587213072
Pu239,3.99,0.0005061057191025
Pu239,4.0,0.0004999999999999
Pu239,4.01,0.0004937415639994
Pu239,4.02,0.000487330411101
Pu239,4.03,0.0004807665413046
Pu239,4.04,0.0004740499546102
Pu239,4.05,0.000467180651018
Pu239,4.06,0.0004601586305278
Pu239,4.07,0.0004529838931396
Pu239,4.08,0.0004456564388535
Pu239,4.09,0.0004381762676695
Pu239,4.1,0.0004305433795876
Pu239,4.11,0.0004227577746077
Pu239,4.12,0.0004148194527298
Pu239,4.13,0.000406728413954
Pu239,4.14,0.0003984846582803
Pu239,4.15,0.0003900881857087
Pu239,4.16,0.0003815389962391
Pu239,4.17,0.0003728370898716
Pu239,4.18,0.0003639824666061
Pu239,4.19,0.0003549751264427
Pu239,4.2,0.0003458150693814
Pu239,4.21,0.0003365022954221
Pu239,4.22,0.0003270368045649
Pu239,4.23,0.0003174185968097
Pu239,4.24,0.0003076476721566
Pu239,4.25,0.0002977240306056
Pu239,4.26,0.0002876476721566
Pu239,4.27,0.0002774185968097
Pu239,4.28,0.0002670368045649
Pu239,4.29,0.0002565022954221
Pu239,4.3,0.0002458150693814
Pu239,4.31,0.0002349751264427
Pu239,4.32,0.0002239824666061
Pu239,4.33,0.0002128370898716
Pu239,4.34,0.0002015389962391
Pu239,4.35,0.0001900881857087
Pu239,4.36,0.0001784846582803
Pu239,4.37,0.000166728413954
Pu239,4.38,0.0001548194527298
Pu239,4.39,0.0001427577746077
Pu239,4.4,0.0001305433795875
Pu239,4.41,0.0001181762676695
Pu239,4.42,0.0001056564388535
Pu239,4.43,9.298389313966756e-05
Pu239,4.44,8.015863052781461e-05
Pu239,4.45,6.718065101802365e-05
Pu239,4.46,5.40499546102935e-05
Pu239,4.47,4.076654130462652e-05
Pu239,4.48,2.733041110102153e-05
Pu239,4.49,1.374156399947854e-05
Pu241,1.8,0.02
Pu241,1.81,0.0199521387628063
Pu241,1.82,0.0199040523926857
Pu241,1.83,0.0198557408896381
Pu241,1.84,0.0198072042536635
Pu241,1.85,0.019758442484762
Pu241,1.86,0.0197094555829334
Pu241,1.87,0.0196602435481779
Pu241,1.88,0.0196108063804953
Pu241,1.89,0.0195611440798858
Pu241,1.9,0.0195112566463493
Pu241,1.91,0.0194611440798858
Pu241,1.92,0.0194108063804953
Pu241,1.93,0.0193602435481779
Pu241,1.94,0.0193094555829334
Pu241,1.95,0.019258442484762
Pu241,1.96,0.0192072042536635
Pu241,1.97,0.0191557408896381
Pu241,1.98,0.0191040523926857
Pu241,1.99,0.0190521387628063
Pu241,2.0,0.0189999999999999
Pu241,2.01,0.0189476361042666
Pu241,2.02,0.0188950470756062
Pu241,2.03,0.0188422329140189
Pu241,2.04,0.0187891936195046
Pu241,2.05,0.0187359291920632
Pu241,2.06,0.0186824396316949
Pu241,2.07,0.0186287249383996
Pu241,2.08,0.0185747851121774
Pu241,2.09,0.0185206201530281
Pu241,2.1,0.0184662300609518
Pu241,2.11,0.0184116148359486
Pu241,2.12,0.0183567744780184
Pu241,2.13,0.0183017089871612
Pu241,2.14,0.0182464183633769
Pu241,2.15,0.0181909026066657
Pu241,2.16,0.0181351617170276
Pu241,2.17,0.0180791956944624
Pu241,2.18,0.0180230045389702
Pu241,2.19,0.0179665882505511
Pu241,2.2,0.017909946829205
Pu241,2.21,0.0178530802749319
Pu241,2.22,0.0177959885877318
Pu241,2.23,0.0177386717676047
Pu241,2.24,0.0176811298145506
Pu241,2.25,0.0176233627285695
Pu241,2.26,0.017563600881857
Pu241,2.27,0.0175000746466087
Pu241,2.28,0.0174327840228245
Pu241,2.29,0.0173617290105044
Pu241,2.3,0.0172869096096485
Pu241,2.31,0.0172083258202567
Pu241,2.32,0.0171259776423291
Pu241,2.33,0.0170398650758656
Pu241,2.34,0.0169499881208662
Pu241,2.35,0.016856346777331
Pu241,2.36,0.01675894104526
Pu241,2.37,0.016657770924653
Pu241,2.38,0.0165528364155103
Pu241,2.39,0.0164441375178316
Pu241,2.4,0.0163316742316171
Pu241,2.41,0.0162154465568668
Pu241,2.42,0.0160954544935805
Pu241,2.43,0.0159716980417585
Pu241,2.44,0.0158441772014005
Pu241,2.45,0.0157128919725068
Pu241,2.46,0.0155778423550771
Pu241,2.47,0.0154390283491116
Pu241,2.48,0.0152964499546102
Pu241,2.49,0.015150107171573
Pu241,2.5,0.0149999999999999
Pu241,2.51,0.014846128439891
Pu241,2.52,0.0146884924912462
Pu241,2.53,0.0145270921540656
Pu241,2.54,0.014361927428349
Pu241,2.55,0.0141929983140967
Pu241,2.56,0.0140203048113085
Pu241,2.57,0.0138438469199844
Pu241,2.58,0.0136636246401244
Pu241,2.59,0.0134796379717286
Pu241,2.6,0.013291886914797
Pu241,2.61,0.0131003714693295
Pu241,2.62,0.0129050916353261
Pu241,2.63,0.0127060474127869
Pu241,2.64,0.0125032388017118
Pu241,2.65,0.0122966658021008
Pu241,2.66,0.012086328413954
Pu241,2.67,0.0118722266372714
Pu241,2.68,0.0116543604720528
Pu241,2.69,0.0114327299182985
Pu241,2.7,0.0112073349760082
Pu241,2.71,0.0109781756451821
Pu241,2.72,0.0107452519258202
Pu241,2.73,0.0105085638179224
Pu241,2.74,0.0102681113214887
Pu241,2.75,0.0100238944365192
Pu241,2.76,0.0097796010893528
Pu241,2.77,0.0095389192063285
Pu241,2.78,0.0093018487874464
Pu241,2.79,0.0090683898327065
Pu241,2.8,0.0088385423421086
Pu241,2.81,0.0086123063156529
Pu241,2.82,0.0083896817533393
Pu241,2.83,0.0081706686551679
Pu241,2.84,0.0079552670211386
Pu241,2.85,0.0077434768512514
Pu241,2.86,0.0075352981455063
Pu241,2.87,0.0073307309039034
Pu241,2.88,0.0071297751264427
Pu241,2.89,0.006932430813124
Pu241,2.9,0.0067386979639475
Pu241,2.91,0.0065485765789132
Pu241,2.92,0.0063620666580209
Pu241,2.93,0.0061791682012708
Pu241,2.94,0.0059998812086629
Pu241,2.95,0.0058242056801971
Pu241,2.96,0.0056521416158734
Pu241,2.97,0.0054836890156918
Pu241,2.98,0.0053188478796524
Pu241,2.99,0.0051576182077551
Pu241,3.0,0.0049999999999999
Pu241,3.01,0.0048459932563869
Pu241,3.02,0.004695597976916
Pu241,3.03,0.0045488141615873
Pu241,3.04,0.0044056418104007
Pu241,3.05,0.0042660809233562
Pu241,3.06,0.0041301315004538
Pu241,3.07,0.0039977935416936
Pu241,3.08,0.0038690670470755
Pu241,3.09,0.0037439520165996
Pu241,3.1,0.0036224484502658
Pu241,3.11,0.0035045563480741
Pu241,3.12,0.0033902757100246
Pu241,3.13,0.0032796065361172
Pu241,3.14,0.0031725488263519
Pu241,3.15,0.0030691025807288
Pu241,3.16,0.0029692677992478
Pu241,3.17,0.0028730444819089
Pu241,3.18,0.0027804326287122
Pu241,3.19,0.0026914322396576
Pu241,3.2,0.0026060433147451
Pu241,3.21,0.0025242658539748
Pu241,3.22,0.0024460998573466
Pu241,3.23,0.0023715453248605
Pu241,3.24,0.0023006022565166
Pu241,3.25,0.0022332706523148
Pu241,3.26,0.0021683925820256
Pu241,3.27,0.0021048101154195
Pu241,3.28,0.0020425232524964
Pu241,3.29,0.0019815319932563
Pu241,3.3,0.0019218363376993
Pu241,3.31,0.0018634362858254
Pu241,3.32,0.0018063318376345
Pu241,3.33,0.0017505229931266
Pu241,3.34,0.0016960097523018
Pu241,3.35,0.0016427921151601
Pu241,3.36,0.0015908700817014
Pu241,3.37,0.0015402436519258
Pu241,3.38,0.0014909128258332
Pu241,3.39,0.0014428776034236
Pu241,3.4,0.0013961379846971
Pu241,3.41,0.0013506939696537
Pu241,3.42,0.0013065455582933
Pu241,3.43,0.0012636927506159
Pu241,3.44,0.0012221355466217
Pu241,3.45,0.0011818739463104
Pu241,3.46,0.0011429079496822
Pu241,3.47,0.0011052375567371
Pu241,3.48,0.001068862767475
Pu241,3.49,0.0010337835818959
Pu241,3.5,0.0009999999999999
Pu241,3.51,0.000967512021787
Pu241,3.52,0.0009363196472571
Pu241,3.53,0.0009064228764103
Pu241,3.54,0.0008778217092465
Pu241,3.55,0.0008505161457657
Pu241,3.56,0.000824506185968
Pu241,3.57,0.0007997918298534
Pu241,3.58,0.0007763730774218
Pu241,3.59,0.0007542499286733
Pu241,3.6,0.0007334223836078
Pu241,3.61,0.0007138904422253
Pu241,3.62,0.0006956541045259
Pu241,3.63,0.0006787133705096
Pu241,3.64,0.0006630682401763
Pu241,3.65,0.0006487187135261
Pu241,3.66,0.0006356647905589
Pu241,3.67,0.0006239064712748
Pu241,3.68,0.0006134437556737
Pu241,3.69,0.0006042766437556
Pu241,3.7,0.0005964051355206
Pu241,3.71,0.0005898292309687
Pu241,3.72,0.0005845489300998
Pu241,3.73,0.000580564232914
Pu241,3.74,0.0005778751394112
Pu241,3.75,0.0005764816495914
Pu241,3.76,0.000575643418493
Pu241,3.77,0.0005746201011541
Pu241,3.78,0.0005734116975748
Pu241,3.79,0.0005720182077551
Pu241,3.8,0.0005704396316949
Pu241,3.81,0.0005686759693943
Pu241,3.82,0.0005667272208533
Pu241,3.83,0.0005645933860718
Pu241,3.84,0.0005622744650499
Pu241,3.85,0.0005597704577875
Pu241,3.86,0.0005570813642847
Pu241,3.87,0.0005542071845415
Pu241,3.88,0.0005511479185579
Pu241,3.89,0.0005479035663338
Pu241,3.9,0.0005444741278692
Pu241,3.91,0.0005408596031643
Pu241,3.92,0.0005370599922189
Pu241,3.93,0.000533075295033
Pu241,3.94,0.0005289055116067
Pu241,3.95,0.00052455064194
Pu241,3.96,0.0005200106860329
Pu241,3.97,0.0005152856438853
Pu241,3.98,0.0005103755154973
Pu241,3.99,0.0005052803008688
Pu241,4.0,0.0004999999999999
Pu241,4.01,0.0004945346128906
Pu241,4.02,0.0004888841395409
Pu241,4.03,0.0004830485799507
Pu241,4.04,0.00047702793412
Pu241,4.05,0.000470822202049
Pu241,4.06,0.0004644313837375
Pu241,4.07,0.0004578554791855
Pu241,4.08,0.0004510944883932
Pu241,4.09,0.0004441484113603
Pu241,4.1,0.0004370172480871
Pu241,4.11,0.0004297009985734
Pu241,4.12,0.0004221996628193
Pu241,4.13,0.0004145132408247
Pu241,4.14,0.0004066417325898
Pu241,4.15,0.0003985851381143
Pu241,4.16,0.0003903434573985
Pu241,4.17,0.0003819166904422
Pu241,4.18,0.0003733048372454
Pu241,4.19,0.0003645078978083
Pu241,4.2,0.0003555258721307
Pu241,4.21,0.0003463587602126
Pu241,4.22,0.0003370065620542
Pu241,4.23,0.0003274692776552
Pu241,4.24,0.0003177469070159
Pu241,4.25,0.0003078394501361
Pu241,4.26,0.0002977469070159
Pu241,4.27,0.0002874692776552
Pu241,4.28,0.0002770065620542
Pu241,4.29,0.0002663587602126
Pu241,4.3,0.0002555258721307
Pu241,4.31,0.0002445078978083
Pu241,4.32,0.0002333048372454
Pu241,4.33,0.0002219166904422
Pu241,4.34,0.0002103434573985
Pu241,4.35,0.0001985851381143
Pu241,4.36,0.0001866417325898
Pu241,4.37,0.0001745132408247
Pu241,4.38,0.0001621996628193
Pu241,4.39,0.0001497009985734
Pu241,4.4,0.0001370172480871
Pu241,4.41,0.0001241484113603
Pu241,4.42,0.0001110944883932
Pu241,4.43,9.785547918557588e-05
Pu241,4.44,8.44313837375149e-05
Pu241,4.45,7.08222020490182e-05
Pu241,4.46,5.702793412008453e-05
Pu241,4.47,4.3048579950716335e-05
Pu241,4.48,2.8884139540912435e-05
Pu241,4.49,1.4534612890672784e-05
