reactor,E_MeV,C
R1,1.75,0.0131699999999999
R1,1.76,0.0132455091946187
R1,1.77,0.0133158535127051
R1,1.78,0.0133809380556046
R1,1.79,0.0134406679246624
R1,1.8,0.0134949482212238
R1,1.81,0.0135436840466342
R1,1.82,0.0135867805022388
R1,1.83,0.0136241426893831
R1,1.84,0.0136556757094122
R1,1.85,0.0136812846636715
R1,1.86,0.0137008746535064
R1,1.87,0.0137143507802621
R1,1.88,0.0137216181452839
R1,1.89,0.0137225818499172
R1,1.9,0.0137171469955073
R1,1.91,0.0137052186833995
R1,1.92,0.0136867020149391
R1,1.93,0.0136615020914714
R1,1.94,0.0136295240143417
R1,1.95,0.0135906728848954
R1,1.96,0.0135448538044777
R1,1.97,0.013491971874434
R1,1.98,0.0134319321961096
R1,1.99,0.0133646398708498
R1,2.0,0.01329
R1,2.01,0.0132028935764741
R1,2.02,0.0130993025519656
R1,2.03,0.0129807834659888
R1,2.04,0.0128488928580582
R1,2.05,0.0127051872676878
R1,2.06,0.0125512232343921
R1,2.07,0.0123885572976855
R1,2.08,0.0122187459970821
R1,2.09,0.0120433458720963
R1,2.1,0.0118639134622425
R1,2.11,0.0116820053070349
R1,2.12,0.0114991779459878
R1,2.13,0.0113169879186157
R1,2.14,0.0111369917644327
R1,2.15,0.0109607460229532
R1,2.16,0.0107898072336915
R1,2.17,0.010625731936162
R1,2.18,0.0104700766698789
R1,2.19,0.0103243979743565
R1,2.2,0.0101902523891093
R1,2.21,0.0100691964536514
R1,2.22,0.0099627867074972
R1,2.23,0.009872579690161
R1,2.24,0.0098001319411572
R1,2.25,0.0097469999999999
R1,2.26,0.0097053917566505
R1,2.27,0.009666339018102
R1,2.28,0.0096296341994167
R1,2.29,0.0095950697156571
R1,2.3,0.0095624379818856
R1,2.31,0.0095315314131644
R1,2.32,0.0095021424245561
R1,2.33,0.0094740634311229
R1,2.34,0.0094470868479272
R1,2.35,0.0094210050900315
R1,2.36,0.009395610572498
R1,2.37,0.0093706957103892
R1,2.38,0.0093460529187675
R1,2.39,0.0093214746126952
R1,2.4,0.0092967532072346
R1,2.41,0.0092716811174482
R1,2.42,0.0092460507583984
R1,2.43,0.0092196545451474
R1,2.44,0.0091922848927578
R1,2.45,0.0091637342162918
R1,2.46,0.0091337949308119
R1,2.47,0.0091022594513803
R1,2.48,0.0090689201930596
R1,2.49,0.009033569570912
R1,2.5,0.0089959999999999
R1,2.51,0.0089569991183487
R1,2.52,0.0089174653824402
R1,2.53,0.0088773574350214
R1,2.54,0.0088366339188397
R1,2.55,0.008795253476642
R1,2.56,0.0087531747511758
R1,2.57,0.008710356385188
R1,2.58,0.0086667570214258
R1,2.59,0.0086223353026365
R1,2.6,0.0085770498715671
R1,2.61,0.008530859370965
R1,2.62,0.0084837224435771
R1,2.63,0.0084355977321507
R1,2.64,0.008386443879433
R1,2.65,0.0083362195281712
R1,2.66,0.0082848833211123
R1,2.67,0.0082323939010036
R1,2.68,0.0081787099105922
R1,2.69,0.0081237899926253
R1,2.7,0.0080675927898501
R1,2.71,0.0080100769450137
R1,2.72,0.0079512011008634
R1,2.73,0.0078909239001462
R1,2.74,0.0078292039856093
R1,2.75,0.0077659999999999
R1,2.76,0.0076885129692753
R1,2.77,0.0075854308269119
R1,2.78,0.0074589425769357
R1,2.79,0.0073112372233727
R1,2.8,0.0071445037702489
R1,2.81,0.0069609312215901
R1,2.82,0.0067627085814225
R1,2.83,0.0065520248537719
R1,2.84,0.0063310690426644
R1,2.85,0.006102030152126
R1,2.86,0.0058670971861826
R1,2.87,0.0056284591488601
R1,2.88,0.0053883050441847
R1,2.89,0.0051488238761822
R1,2.9,0.0049122046488787
R1,2.91,0.0046806363663
R1,2.92,0.0044563080324723
R1,2.93,0.0042414086514214
R1,2.94,0.0040381272271734
R1,2.95,0.0038486527637542
R1,2.96,0.0036751742651898
R1,2.97,0.0035198807355062
R1,2.98,0.0033849611787294
R1,2.99,0.0032726045988853
R1,3.0,0.0031849999999999
R1,3.01,0.0031156078682151
R1,3.02,0.0030558855451557
R1,3.03,0.0030050173180728
R1,3.04,0.002962187474217
R1,3.05,0.0029265803008394
R1,3.06,0.0028973800851907
R1,3.07,0.0028737711145218
R1,3.08,0.0028549376760835
R1,3.09,0.0028400640571268
R1,3.1,0.0028283345449024
R1,3.11,0.0028189334266612
R1,3.12,0.0028110449896541
R1,3.13,0.0028038535211319
R1,3.14,0.0027965433083455
R1,3.15,0.0027882986385457
R1,3.16,0.0027783037989834
R1,3.17,0.0027657430769094
R1,3.18,0.0027498007595746
R1,3.19,0.0027296611342298
R1,3.2,0.0027045084881259
R1,3.21,0.0026735271085138
R1,3.22,0.0026359012826443
R1,3.23,0.0025908152977683
R1,3.24,0.0025374534411365
R1,3.25,0.0024749999999999
R1,3.26,0.0024051054570412
R1,3.27,0.0023302816519132
R1,3.28,0.0022510049073224
R1,3.29,0.0021677515459752
R1,3.3,0.0020809978905781
R1,3.31,0.0019912202638373
R1,3.32,0.0018988949884594
R1,3.33,0.0018044983871507
R1,3.34,0.0017085067826177
R1,3.35,0.0016113964975666
R1,3.36,0.001513643854704
R1,3.37,0.0014157251767363
R1,3.38,0.0013181167863698
R1,3.39,0.0012212950063109
R1,3.4,0.0011257361592661
R1,3.41,0.0010319165679418
R1,3.42,0.0009403125550443
R1,3.43,0.00085140044328
R1,3.44,0.0007656565553555
R1,3.45,0.000683557213977
R1,3.46,0.000605578741851
R1,3.47,0.0005321974616839
R1,3.48,0.0004638896961821
R1,3.49,0.000401131768052
R1,3.5,0.0003443999999999
R1,3.51,0.0002925912364546
R1,3.52,0.0002442585794934
R1,3.53,0.000199362738296
R1,3.54,0.0001578644220423
R1,3.55,0.0001197243399119
R1,3.56,8.490320108462353e-05
R1,3.57,5.336171474013209e-05
R1,3.58,2.5060590058194604e-05
R1,3.59,0.0
R1,3.6,0.0
R1,3.61,0.0
R1,3.62,0.0
R1,3.63,0.0
R1,3.64,0.0
R1,3.65,0.0
R1,3.66,0.0
R1,3.67,0.0
R1,3.68,0.0
R1,3.69,0.0
R1,3.7,0.0
R1,3.71,0.0
R1,3.72,0.0
R1,3.73,0.0
R1,3.74,0.0
R1,3.75,0.0
R2,1.75,0.01334
R2,1.76,0.0134166657503012
R2,1.77,0.0134880395094882
R2,1.78,0.0135540260399854
R2,1.79,0.0136145301042177
R2,1.8,0.0136694564646098
R2,1.81,0.0137187098835862
R2,1.82,0.0137621951235716
R2,1.83,0.0137998169469909
R2,1.84,0.0138314801162686
R2,1.85,0.0138570893938294
R2,1.86,0.013876549542098
R2,1.87,0.013889765323499
R2,1.88,0.0138966415004573
R2,1.89,0.0138970828353974
R2,1.9,0.0138909940907441
R2,1.91,0.0138782800289219
R2,1.92,0.0138588454123557
R2,1.93,0.01383259500347
R2,1.94,0.0137994335646896
R2,1.95,0.0137592658584392
R2,1.96,0.0137119966471433
R2,1.97,0.0136575306932268
R2,1.98,0.0135957727591143
R2,1.99,0.0135266276072304
R2,2.0,0.01345
R2,2.01,0.013360594539927
R2,2.02,0.013254247071656
R2,2.03,0.0131325592208224
R2,2.04,0.0129971326130615
R2,2.05,0.0128495688740086
R2,2.06,0.0126914696292989
R2,2.07,0.0125244365045678
R2,2.08,0.0123500711254507
R2,2.09,0.0121699751175827
R2,2.1,0.0119857501065993
R2,2.11,0.0117989977181357
R2,2.12,0.0116113195778272
R2,2.13,0.0114243173113092
R2,2.14,0.0112395925442169
R2,2.15,0.0110587469021857
R2,2.16,0.0108833820108509
R2,2.17,0.0107150994958477
R2,2.18,0.0105555009828116
R2,2.19,0.0104061880973777
R2,2.2,0.0102687624651814
R2,2.21,0.0101448257118581
R2,2.22,0.0100359794630429
R2,2.23,0.0099438253443713
R2,2.24,0.0098699649814786
R2,2.25,0.0098159999999999
R2,2.26,0.0097738566189307
R2,2.27,0.0097342555905313
R2,2.28,0.0096969903403345
R2,2.29,0.0096618542938734
R2,2.3,0.009628640876681
R2,2.31,0.0095971435142901
R2,2.32,0.0095671556322338
R2,2.33,0.0095384706560449
R2,2.34,0.0095108820112566
R2,2.35,0.0094841831234016
R2,2.36,0.0094581674180131
R2,2.37,0.0094326283206238
R2,2.38,0.0094073592567669
R2,2.39,0.0093821536519752
R2,2.4,0.0093568049317818
R2,2.41,0.0093311065217195
R2,2.42,0.0093048518473213
R2,2.43,0.0092778343341203
R2,2.44,0.0092498474076493
R2,2.45,0.0092206844934413
R2,2.46,0.0091901390170292
R2,2.47,0.0091580044039461
R2,2.48,0.0091240740797249
R2,2.49,0.0090881414698985
R2,2.5,0.0090499999999999
R2,2.51,0.0090104447764319
R2,2.52,0.0089703806645419
R2,2.53,0.0089297657282803
R2,2.54,0.0088885580315976
R2,2.55,0.0088467156384439
R2,2.56,0.0088041966127697
R2,2.57,0.0087609590185253
R2,2.58,0.0087169609196609
R2,2.59,0.0086721603801271
R2,2.6,0.008626515463874
R2,2.61,0.008579984234852
R2,2.62,0.0085325247570115
R2,2.63,0.0084840950943028
R2,2.64,0.0084346533106762
R2,2.65,0.0083841574700821
R2,2.66,0.0083325656364707
R2,2.67,0.0082798358737925
R2,2.68,0.0082259262459978
R2,2.69,0.0081707948170369
R2,2.7,0.0081143996508601
R2,2.71,0.0080566988114178
R2,2.72,0.0079976503626603
R2,2.73,0.0079372123685379
R2,2.74,0.007875342893001
R2,2.75,0.0078119999999999
R2,2.76,0.0077342602052678
R2,2.77,0.0076306997748262
R2,2.78,0.0075035263980582
R2,2.79,0.007354947764347
R2,2.8,0.0071871715630757
R2,2.81,0.0070024054836273
R2,2.82,0.006802857215385
R2,2.83,0.0065907344477318
R2,2.84,0.0063682448700509
R2,2.85,0.0061375961717254
R2,2.86,0.0059009960421384
R2,2.87,0.005660652170673
R2,2.88,0.0054187722467123
R2,2.89,0.0051775639596394
R2,2.9,0.0049392349988373
R2,2.91,0.0047059930536893
R2,2.92,0.0044800458135784
R2,2.93,0.0042636009678878
R2,2.94,0.0040588662060004
R2,2.95,0.0038680492172995
R2,2.96,0.0036933576911681
R2,2.97,0.0035369993169893
R2,2.98,0.0034011817841463
R2,2.99,0.0032881127820222
R2,3.0,0.0031999999999999
R2,3.01,0.0031302388325703
R2,3.02,0.0030702058051249
R2,3.03,0.0030190803033989
R2,3.04,0.0029760417131272
R2,3.05,0.0029402694200448
R2,3.06,0.0029109428098866
R2,3.07,0.0028872412683876
R2,3.08,0.0028683441812829
R2,3.09,0.0028534309343072
R2,3.1,0.0028416809131957
R2,3.11,0.0028322735036833
R2,3.12,0.002824388091505
R2,3.13,0.0028172040623958
R2,3.14,0.0028099008020905
R2,3.15,0.0028016576963242
R2,3.16,0.0027916541308319
R2,3.17,0.0027790694913486
R2,3.18,0.0027630831636091
R2,3.19,0.0027428745333485
R2,3.2,0.0027176229863018
R2,3.21,0.0026865079082039
R2,3.22,0.0026487086847898
R2,3.23,0.0026034047017944
R2,3.24,0.0025497753449528
R2,3.25,0.0024869999999999
R2,3.26,0.0024167434180328
R2,3.27,0.002341536422984
R2,3.28,0.0022618575098423
R2,3.29,0.002178185173596
R2,3.3,0.0020909979092338
R2,3.31,0.0020007742117443
R2,3.32,0.0019079925761159
R2,3.33,0.0018131314973371
R2,3.34,0.0017166694703966
R2,3.35,0.0016190849902829
R2,3.36,0.0015208565519846
R2,3.37,0.00142246265049
R2,3.38,0.0013243817807879
R2,3.39,0.0012270924378668
R2,3.4,0.0011310731167151
R2,3.41,0.0010368023123215
R2,3.42,0.0009447585196744
R2,3.43,0.0008554202337625
R2,3.44,0.0007692659495742
R2,3.45,0.0006867741620981
R2,3.46,0.0006084233663228
R2,3.47,0.0005346920572368
R2,3.48,0.0004660587298286
R2,3.49,0.0004030018790868
R2,3.5,0.0003459999999999
R2,3.51,0.0002939445006085
R2,3.52,0.0002453815008706
R2,3.53,0.0002002715636508
R2,3.54,0.0001585752518138
R2,3.55,0.0001202531282242
R2,3.56,8.526575574689798e-05
R2,3.57,5.35736972463364e-05
R2,3.58,2.513751558727056e-05
R2,3.59,0.0
R2,3.6,0.0
R2,3.61,0.0
R2,3.62,0.0
R2,3.63,0.0
R2,3.64,0.0
R2,3.65,0.0
R2,3.66,0.0
R2,3.67,0.0
R2,3.68,0.0
R2,3.69,0.0
R2,3.7,0.0
R2,3.71,0.0
R2,3.72,0.0
R2,3.73,0.0
R2,3.74,0.0
R2,3.75,0.0
R3,1.75,0.01367
R3,1.76,0.0137536478967741
R3,1.77,0.0138328982709677
R3,1.78,0.013907611148387
R3,1.79,0.0139776465548387
R3,1.8,0.014042864516129
R3,1.81,0.0141031250580645
R3,1.82,0.0141582882064516
R3,1.83,0.0142082139870967
R3,1.84,0.0142527624258064
R3,1.85,0.014291793548387
R3,1.86,0.0143251673806451
R3,1.87,0.014352743948387
R3,1.88,0.0143743832774193
R3,1.89,0.0143899453935483
R3,1.9,0.0143992903225806
R3,1.91,0.0144022780903225
R3,1.92,0.0143987687225806
R3,1.93,0.0143886222451612
R3,1.94,0.0143716986838709
R3,1.95,0.0143478580645161
R3,1.96,0.0143169604129032
R3,1.97,0.0142788657548387
R3,1.98,0.014233434116129
R3,1.99,0.0141805255225806
R3,2.0,0.0141199999999999
R3,2.01,0.0140486403077516
R3,2.02,0.0139641309001446
R3,2.03,0.0138676843454024
R3,2.04,0.0137605132117485
R3,2.05,0.013643830067406
R3,2.06,0.0135188474805986
R3,2.07,0.0133867780195495
R3,2.08,0.0132488342524821
R3,2.09,0.0131062287476198
R3,2.1,0.012960174073186
R3,2.11,0.0128118827974041
R3,2.12,0.0126625674884974
R3,2.13,0.0125134407146894
R3,2.14,0.0123657150442034
R3,2.15,0.0122206030452629
R3,2.16,0.0120793172860911
R3,2.17,0.0119430703349115
R3,2.18,0.0118130747599475
R3,2.19,0.0116905431294225
R3,2.2,0.0115766880115598
R3,2.21,0.0114727219745828
R3,2.22,0.011379857586715
R3,2.23,0.0112993074161796
R3,2.24,0.0112322840312002
R3,2.25,0.0111799999999999
R3,2.26,0.011136999594498
R3,2.27,0.0110968638156636
R3,2.28,0.0110593603252956
R3,2.29,0.0110242567851928
R3,2.3,0.0109913208571541
R3,2.31,0.0109603202029781
R3,2.32,0.0109310224844638
R3,2.33,0.01090319536341
R3,2.34,0.0108766065016154
R3,2.35,0.010851023560879
R3,2.36,0.0108262142029994
R3,2.37,0.0108019460897756
R3,2.38,0.0107779868830064
R3,2.39,0.0107541042444905
R3,2.4,0.0107300658360268
R3,2.41,0.0107056393194141
R3,2.42,0.0106805923564512
R3,2.43,0.010654692608937
R3,2.44,0.0106277077386702
R3,2.45,0.0105994054074497
R3,2.46,0.0105695532770743
R3,2.47,0.0105379190093428
R3,2.48,0.0105042702660541
R3,2.49,0.0104683747090068
R3,2.5,0.0104299999999999
R3,2.51,0.0103897362690819
R3,2.52,0.0103483090166195
R3,2.53,0.0103056889598895
R3,2.54,0.0102618468161686
R3,2.55,0.0102167533027332
R3,2.56,0.0101703791368601
R3,2.57,0.0101226950358258
R3,2.58,0.0100736717169069
R3,2.59,0.0100232798973802
R3,2.6,0.0099714902945222
R3,2.61,0.0099182736256095
R3,2.62,0.0098636006079188
R3,2.63,0.0098074419587267
R3,2.64,0.0097497683953097
R3,2.65,0.0096905506349446
R3,2.66,0.0096297593949079
R3,2.67,0.0095673653924763
R3,2.68,0.0095033393449264
R3,2.69,0.0094376519695347
R3,2.7,0.009370273983578
R3,2.71,0.0093011761043328
R3,2.72,0.0092303290490758
R3,2.73,0.0091577035350836
R3,2.74,0.0090832702796327
R3,2.75,0.0090069999999999
R3,2.76,0.0089143332208046
R3,2.77,0.0087924050832599
R3,2.78,0.0086437282295332
R3,2.79,0.0084708153017916
R3,2.8,0.0082761789422024
R3,2.81,0.008062331792933
R3,2.82,0.0078317864961504
R3,2.83,0.007587055694022
R3,2.84,0.0073306520287151
R3,2.85,0.0070650881423969
R3,2.86,0.0067928766772346
R3,2.87,0.0065165302753956
R3,2.88,0.006238561579047
R3,2.89,0.0059614832303561
R3,2.9,0.0056878078714901
R3,2.91,0.0054200481446164
R3,2.92,0.0051607166919022
R3,2.93,0.0049123261555147
R3,2.94,0.0046773891776212
R3,2.95,0.0044584184003889
R3,2.96,0.0042579264659851
R3,2.97,0.0040784260165771
R3,2.98,0.003922429694332
R3,2.99,0.0037924501414172
R3,3.0,0.0036909999999999
R3,3.01,0.0036105810284196
R3,3.02,0.0035413884567097
R3,3.03,0.003482475134578
R3,3.04,0.0034328939117327
R3,3.05,0.0033916976378817
R3,3.06,0.003357939162733
R3,3.07,0.0033306713359947
R3,3.08,0.0033089470073747
R3,3.09,0.003291819026581
R3,3.1,0.0032783402433218
R3,3.11,0.0032675635073049
R3,3.12,0.0032585416682383
R3,3.13,0.0032503275758302
R3,3.14,0.0032419740797884
R3,3.15,0.003232534029821
R3,3.16,0.003221060275636
R3,3.17,0.0032066056669414
R3,3.18,0.0031882230534453
R3,3.19,0.0031649652848555
R3,3.2,0.0031358852108802
R3,3.21,0.0031000356812272
R3,3.22,0.0030564695456047
R3,3.23,0.0030042396537207
R3,3.24,0.0029423988552831
R3,3.25,0.0028699999999999
R3,3.26,0.0027889630773261
R3,3.27,0.0027022079146149
R3,3.28,0.002610287118422
R3,3.29,0.0025137532953031
R3,3.3,0.0024131590518139
R3,3.31,0.00230905699451
R3,3.32,0.0022019997299471
R3,3.33,0.0020925398646809
R3,3.34,0.0019812300052671
R3,3.35,0.0018686227582613
R3,3.36,0.0017552707302193
R3,3.37,0.0016417265276966
R3,3.38,0.001528542757249
R3,3.39,0.0014162720254322
R3,3.4,0.0013054669388018
R3,3.41,0.0011966801039135
R3,3.42,0.001090464127323
R3,3.43,0.0009873716155859
R3,3.44,0.0008879551752579
R3,3.45,0.0007927674128948
R3,3.46,0.0007023609350522
R3,3.47,0.0006172883482857
R3,3.48,0.000538102259151
R3,3.49,0.0004653552742039
R3,3.5,0.0003995999999999
R3,3.51,0.0003395528171059
R3,3.52,0.0002835315178037
R3,3.53,0.0002314908262213
R3,3.54,0.0001833854664871
R3,3.55,0.0001391701627291
R3,3.56,9.879963907569751e-05
R3,3.57,6.222861965488548e-05
R3,3.58,2.9411828594927324e-05
R3,3.59,3.0399002401183495e-07
R3,3.6,0.0
R3,3.61,0.0
R3,3.62,0.0
R3,3.63,0.0
R3,3.64,0.0
R3,3.65,0.0
R3,3.66,0.0
R3,3.67,0.0
R3,3.68,0.0
R3,3.69,0.0
R3,3.7,0.0
R3,3.71,0.0
R3,3.72,0.0
R3,3.73,0.0
R3,3.74,0.0
R3,3.75,0.0
R4,1.75,0.01321
R4,1.76,0.0132895281698324
R4,1.77,0.0133648233176908
R4,1.78,0.0134357514011173
R4,1.79,0.0135021783776536
R4,1.8,0.0135639702048417
R4,1.81,0.0136209928402234
R4,1.82,0.0136731122413407
R4,1.83,0.0137201943657355
R4,1.84,0.0137621051709497
R4,1.85,0.0137987106145251
R4,1.86,0.0138298766540037
R4,1.87,0.0138554692469273
R4,1.88,0.0138753543508379
R4,1.89,0.0138893979232774
R4,1.9,0.0138974659217877
R4,1.91,0.0138994243039106
R4,1.92,0.013895139027188
R4,1.93,0.013884476049162
R4,1.94,0.0138673013273743
R4,1.95,0.0138434808193668
R4,1.96,0.0138128804826815
R4,1.97,0.0137753662748603
R4,1.98,0.013730804153445
R4,1.99,0.0136790600759776
R4,2.0,0.01362
R4,2.01,0.0135504999737854
R4,2.02,0.0134683067039802
R4,2.03,0.0133745921356854
R4,2.04,0.0132705282140022
R4,2.05,0.0131572868840317
R4,2.06,0.0130360400908749
R4,2.07,0.012907959779633
R4,2.08,0.0127742178954071
R4,2.09,0.0126359863832984
R4,2.1,0.0124944371884079
R4,2.11,0.0123507422558368
R4,2.12,0.0122060735306862
R4,2.13,0.0120616029580571
R4,2.14,0.0119185024830508
R4,2.15,0.0117779440507683
R4,2.16,0.0116410996063108
R4,2.17,0.0115091410947793
R4,2.18,0.011383240461275
R4,2.19,0.011264569650899
R4,2.2,0.0111543006087525
R4,2.21,0.0110536052799364
R4,2.22,0.010963655609552
R4,2.23,0.0108856235427004
R4,2.24,0.0108206810244827
R4,2.25,0.0107699999999999
R4,2.26,0.0107282490299363
R4,2.27,0.0106891709992395
R4,2.28,0.0106525493394057
R4,2.29,0.0106181674819314
R4,2.3,0.0105858088583128
R4,2.31,0.0105552569000462
R4,2.32,0.0105262950386281
R4,2.33,0.0104987067055547
R4,2.34,0.0104722753323224
R4,2.35,0.0104467843504276
R4,2.36,0.0104220171913664
R4,2.37,0.0103977572866354
R4,2.38,0.0103737880677307
R4,2.39,0.0103498929661488
R4,2.4,0.010325855413386
R4,2.41,0.0103014588409385
R4,2.42,0.0102764866803028
R4,2.43,0.0102507223629752
R4,2.44,0.010223949320452
R4,2.45,0.0101959509842295
R4,2.46,0.0101665107858042
R4,2.47,0.0101354121566722
R4,2.48,0.0101024385283299
R4,2.49,0.0100673733322737
R4,2.5,0.0100299999999999
R4,2.51,0.0099908752877407
R4,2.52,0.0099506814483925
R4,2.53,0.0099093901584478
R4,2.54,0.0098669730943995
R4,2.55,0.0098234019327403
R4,2.56,0.0097786483499627
R4,2.57,0.0097326840225596
R4,2.58,0.0096854806270236
R4,2.59,0.0096370098398474
R4,2.6,0.0095872433375238
R4,2.61,0.0095361527965453
R4,2.62,0.0094837098934046
R4,2.63,0.0094298863045946
R4,2.64,0.0093746537066078
R4,2.65,0.0093179837759371
R4,2.66,0.0092598481890749
R4,2.67,0.0092002186225141
R4,2.68,0.0091390667527474
R4,2.69,0.0090763642562674
R4,2.7,0.0090120828095669
R4,2.71,0.0089461940891385
R4,2.72,0.0088786697714749
R4,2.73,0.0088094815330688
R4,2.74,0.0087386010504129
R4,2.75,0.0086659999999999
R4,2.76,0.008577627501802
R4,2.77,0.0084610633837554
R4,2.78,0.008318725384299
R4,2.79,0.0081530312418718
R4,2.8,0.0079663986949127
R4,2.81,0.0077612454818607
R4,2.82,0.0075399893411547
R4,2.83,0.0073050480112336
R4,2.84,0.0070588392305364
R4,2.85,0.006803780737502
R4,2.86,0.0065422902705694
R4,2.87,0.0062767855681774
R4,2.88,0.0060096843687651
R4,2.89,0.0057434044107713
R4,2.9,0.0054803634326349
R4,2.91,0.0052229791727951
R4,2.92,0.0049736693696906
R4,2.93,0.0047348517617603
R4,2.94,0.0045089440874433
R4,2.95,0.0042983640851786
R4,2.96,0.0041055294934049
R4,2.97,0.0039328580505612
R4,2.98,0.0037827674950866
R4,2.99,0.0036576755654198
R4,3.0,0.0035599999999999
R4,3.01,0.0034825490943618
R4,3.02,0.0034159110340766
R4,3.03,0.0033591733926379
R4,3.04,0.0033114237435392
R4,3.05,0.003271749660274
R4,3.06,0.0032392387163358
R4,3.07,0.003212978485218
R4,3.08,0.0031920565404143
R4,3.09,0.0031755604554181
R4,3.1,0.0031625778037229
R4,3.11,0.0031521961588223
R4,3.12,0.0031435030942096
R4,3.13,0.0031355861833785
R4,3.14,0.0031275329998224
R4,3.15,0.0031184311170348
R4,3.16,0.0031073681085093
R4,3.17,0.0030934315477394
R4,3.18,0.0030757090082185
R4,3.19,0.0030532880634401
R4,3.2,0.0030252562868978
R4,3.21,0.0029907012520851
R4,3.22,0.0029487105324954
R4,3.23,0.0028983717016224
R4,3.24,0.0028387723329594
R4,3.25,0.0027689999999999
R4,3.26,0.0026908942290236
R4,3.27,0.0026072588393125
R4,3.28,0.0025186278438645
R4,3.29,0.0024255352556774
R4,3.3,0.0023285150877488
R4,3.31,0.0022281013530765
R4,3.32,0.0021248280646582
R4,3.33,0.0020192292354918
R4,3.34,0.0019118388785748
R4,3.35,0.0018031910069052
R4,3.36,0.0016938196334806
R4,3.37,0.0015842587712987
R4,3.38,0.0014750424333574
R4,3.39,0.0013667046326543
R4,3.4,0.0012597793821872
R4,3.41,0.0011548006949538
R4,3.42,0.001052302583952
R4,3.43,0.0009528190621794
R4,3.44,0.0008568841426337
R4,3.45,0.0007650318383128
R4,3.46,0.0006777961622143
R4,3.47,0.000595711127336
R4,3.48,0.0005193107466757
R4,3.49,0.0004491290332311
R4,3.5,0.0003856999999999
R4,3.51,0.0003277805605373
R4,3.52,0.0002737425950371
R4,3.53,0.0002235425664547
R4,3.54,0.0001771369377458
R4,3.55,0.0001344821718659
R4,3.56,9.553473177087329e-05
R4,3.57,6.0251080416039065e-05
R4,3.58,2.8587680757090956e-05
R4,3.59,5.009957496281847e-07
R4,3.6,0.0
R4,3.61,0.0
R4,3.62,0.0
R4,3.63,0.0
R4,3.64,0.0
R4,3.65,0.0
R4,3.66,0.0
R4,3.67,0.0
R4,3.68,0.0
R4,3.69,0.0
R4,3.7,0.0
R4,3.71,0.0
R4,3.72,0.0
R4,3.73,0.0
R4,3.74,0.0
R4,3.75,0.0
R5,1.75,0.01265
R5,1.76,0.0127284401819242
R5,1.77,0.012804428697376
R5,1.78,0.0128777675008746
R5,1.79,0.0129482585469387
R5,1.8,0.0130157037900874
R5,1.81,0.0130799051848396
R5,1.82,0.0131406646857142
R5,1.83,0.0131977842472303
R5,1.84,0.0132510658239067
R5,1.85,0.0133003113702623
R5,1.86,0.0133453228408163
R5,1.87,0.0133859021900874
R5,1.88,0.0134218513725947
R5,1.89,0.0134529723428571
R5,1.9,0.0134790670553935
R5,1.91,0.013499937464723
R5,1.92,0.0135153855253644
R5,1.93,0.0135252131918367
R5,1.94,0.0135292224186588
R5,1.95,0.0135272151603498
R5,1.96,0.0135189933714285
R5,1.97,0.0135043590064139
R5,1.98,0.013483114019825
R5,1.99,0.0134550603661807
R5,2.0,0.01342
R5,2.01,0.0133780322277918
R5,2.02,0.0133297569237365
R5,2.03,0.0132757268938599
R5,2.04,0.0132164949441878
R5,2.05,0.013152613880746
R5,2.06,0.0130846365095602
R5,2.07,0.0130131156366564
R5,2.08,0.0129386040680602
R5,2.09,0.0128616546097975
R5,2.1,0.012782820067894
R5,2.11,0.0127026532483757
R5,2.12,0.0126217069572682
R5,2.13,0.0125405340005974
R5,2.14,0.0124596871843891
R5,2.15,0.0123797193146691
R5,2.16,0.0123011831974631
R5,2.17,0.012224631638797
R5,2.18,0.0121506174446966
R5,2.19,0.0120796934211877
R5,2.2,0.012012412374296
R5,2.21,0.0119493271100475
R5,2.22,0.0118909904344678
R5,2.23,0.0118379551535828
R5,2.24,0.0117907740734182
R5,2.25,0.0117499999999999
R5,2.26,0.0117136615173805
R5,2.27,0.0116793119444794
R5,2.28,0.0116467911896226
R5,2.29,0.0116159391611362
R5,2.3,0.0115865957673464
R5,2.31,0.0115586009165792
R5,2.32,0.0115317945171608
R5,2.33,0.0115060164774171
R5,2.34,0.0114811067056743
R5,2.35,0.0114569051102585
R5,2.36,0.0114332515994958
R5,2.37,0.0114099860817122
R5,2.38,0.0113869484652339
R5,2.39,0.0113639786583869
R5,2.4,0.0113409165694974
R5,2.41,0.0113176021068913
R5,2.42,0.0112938751788949
R5,2.43,0.0112695756938342
R5,2.44,0.0112445435600352
R5,2.45,0.0112186186858242
R5,2.46,0.011191640979527
R5,2.47,0.01116345034947
R5,2.48,0.011133886703979
R5,2.49,0.0111027899513803
R5,2.5,0.0110699999999999
R5,2.51,0.011035120934985
R5,2.52,0.010997879693755
R5,2.53,0.0109583004630447
R5,2.54,0.0109164074295888
R5,2.55,0.0108722247801221
R5,2.56,0.0108257767013793
R5,2.57,0.0107770873800951
R5,2.58,0.0107261810030043
R5,2.59,0.0106730817568415
R5,2.6,0.0106178138283416
R5,2.61,0.0105604014042392
R5,2.62,0.0105008686712692
R5,2.63,0.0104392398161661
R5,2.64,0.0103755390256648
R5,2.65,0.0103097904865
R5,2.66,0.0102420183854064
R5,2.67,0.0101722469091188
R5,2.68,0.0101005002443718
R5,2.69,0.0100268025779003
R5,2.7,0.0099511780964389
R5,2.71,0.0098736509867224
R5,2.72,0.0097942454354856
R5,2.73,0.009712985629463
R5,2.74,0.0096298957553896
R5,2.75,0.0095449999999999
R5,2.76,0.0094428357445742
R5,2.77,0.0093097075203986
R5,2.78,0.0091482902392167
R5,2.79,0.0089612588127725
R5,2.8,0.0087512881528095
R5,2.81,0.0085210531710716
R5,2.82,0.0082732287793025
R5,2.83,0.0080104898892459
R5,2.84,0.0077355114126457
R5,2.85,0.0074509682612455
R5,2.86,0.0071595353467891
R5,2.87,0.0068638875810203
R5,2.88,0.0065666998756828
R5,2.89,0.0062706471425204
R5,2.9,0.0059784042932767
R5,2.91,0.0056926462396957
R5,2.92,0.0054160478935209
R5,2.93,0.0051512841664962
R5,2.94,0.0049010299703653
R5,2.95,0.004667960216872
R5,2.96,0.0044547498177599
R5,2.97,0.004264073684773
R5,2.98,0.0040986067296548
R5,2.99,0.0039610238641492
R5,3.0,0.0038539999999999
R5,3.01,0.0037694150817791
R5,3.02,0.0036966985630707
R5,3.03,0.0036348496191364
R5,3.04,0.0035828674252378
R5,3.05,0.0035397511566367
R5,3.06,0.0035044999885946
R5,3.07,0.0034761130963731
R5,3.08,0.0034535896552341
R5,3.09,0.0034359288404389
R5,3.1,0.0034221298272494
R5,3.11,0.0034111917909272
R5,3.12,0.0034021139067339
R5,3.13,0.0033938953499311
R5,3.14,0.0033855352957806
R5,3.15,0.0033760329195438
R5,3.16,0.0033643873964826
R5,3.17,0.0033495979018585
R5,3.18,0.0033306636109332
R5,3.19,0.0033065836989683
R5,3.2,0.0032763573412255
R5,3.21,0.0032389837129664
R5,3.22,0.0031934619894526
R5,3.23,0.0031387913459459
R5,3.24,0.0030739709577078
R5,3.25,0.0029979999999999
R5,3.26,0.0029129738726177
R5,3.27,0.0028220373836356
R5,3.28,0.0027257638207336
R5,3.29,0.0026247264715921
R5,3.3,0.0025194986238914
R5,3.31,0.0024106535653116
R5,3.32,0.0022987645835331
R5,3.33,0.0021844049662359
R5,3.34,0.0020681480011005
R5,3.35,0.001950566975807
R5,3.36,0.0018322351780357
R5,3.37,0.0017137258954668
R5,3.38,0.0015956124157805
R5,3.39,0.0014784680266571
R5,3.4,0.0013628660157769
R5,3.41,0.00124937967082
R5,3.42,0.0011385822794668
R5,3.43,0.0010310471293974
R5,3.44,0.0009273475082921
R5,3.45,0.0008280567038312
R5,3.46,0.0007337480036948
R5,3.47,0.0006449946955633
R5,3.48,0.0005623700671168
R5,3.49,0.0004864474060356
R5,3.5,0.0004177999999999
R5,3.51,0.0003550973866419
R5,3.52,0.0002965955336137
R5,3.53,0.0002422473736264
R5,3.54,0.0001920058393908
R5,3.55,0.0001458238636177
R5,3.56,0.000103654379018
R5,3.57,6.545031830251349e-05
R5,3.58,3.1164614182103655e-05
R5,3.59,7.501993676340001e-07
R5,3.6,0.0
R5,3.61,0.0
R5,3.62,0.0
R5,3.63,0.0
R5,3.64,0.0
R5,3.65,0.0
R5,3.66,0.0
R5,3.67,0.0
R5,3.68,0.0
R5,3.69,0.0
R5,3.7,0.0
R5,3.71,0.0
R5,3.72,0.0
R5,3.73,0.0
R5,3.74,0.0
R5,3.75,0.0
R6,1.75,0.01115
R6,1.76,0.0112250967640275
R6,1.77,0.0112974789287724
R6,1.78,0.0113669843032275
R6,1.79,0.0114334506963862
R6,1.8,0.0114967159172413
R6,1.81,0.0115566177747862
R6,1.82,0.0116129940780137
R6,1.83,0.0116656826359172
R6,1.84,0.0117145212574896
R6,1.85,0.0117593477517241
R6,1.86,0.0117999999276137
R6,1.87,0.0118363155941517
R6,1.88,0.011868132560331
R6,1.89,0.0118952886351448
R6,1.9,0.0119176216275862
R6,1.91,0.0119349693466482
R6,1.92,0.0119471696013241
R6,1.93,0.0119540602006068
R6,1.94,0.0119554789534896
R6,1.95,0.0119512636689655
R6,1.96,0.0119412521560275
R6,1.97,0.0119252822236689
R6,1.98,0.0119031916808827
R6,1.99,0.011874818336662
R6,2.0,0.01184
R6,2.01,0.0117980193323653
R6,2.02,0.011748702050389
R6,2.03,0.0116927005458073
R6,2.04,0.0116306672103564
R6,2.05,0.0115632544357726
R6,2.06,0.0114911146137921
R6,2.07,0.0114149001361512
R6,2.08,0.011335263394586
R6,2.09,0.011252856780833
R6,2.1,0.0111683326866282
R6,2.11,0.011082343503708
R6,2.12,0.0109955416238086
R6,2.13,0.0109085794386662
R6,2.14,0.0108221093400171
R6,2.15,0.0107367837195975
R6,2.16,0.0106532549691437
R6,2.17,0.0105721754803919
R6,2.18,0.0104941976450784
R6,2.19,0.0104199738549394
R6,2.2,0.0103501565017112
R6,2.21,0.0102853979771299
R6,2.22,0.010226350672932
R6,2.23,0.0101736669808535
R6,2.24,0.0101279992926307
R6,2.25,0.0100899999999999
R6,2.26,0.0100572341008343
R6,2.27,0.0100267103607626
R6,2.28,0.009998246823155
R6,2.29,0.0099716615313814
R6,2.3,0.0099467725288116
R6,2.31,0.0099233978588158
R6,2.32,0.0099013555647639
R6,2.33,0.0098804636900259
R6,2.34,0.0098605402779716
R6,2.35,0.0098414033719712
R6,2.36,0.0098228710153945
R6,2.37,0.0098047612516116
R6,2.38,0.0097868921239923
R6,2.39,0.0097690816759068
R6,2.4,0.0097511479507249
R6,2.41,0.0097329089918166
R6,2.42,0.0097141828425519
R6,2.43,0.0096947875463008
R6,2.44,0.0096745411464332
R6,2.45,0.009653261686319
R6,2.46,0.0096307672093284
R6,2.47,0.0096068757588312
R6,2.48,0.0095814053781974
R6,2.49,0.009554174110797
R6,2.5,0.0095249999999999
R6,2.51,0.0094938353723298
R6,2.52,0.0094607595071223
R6,2.53,0.0094257808769657
R6,2.54,0.0093889079544482
R6,2.55,0.0093501492121581
R6,2.56,0.0093095131226837
R6,2.57,0.0092670081586131
R6,2.58,0.0092226427925345
R6,2.59,0.0091764254970364
R6,2.6,0.0091283647447068
R6,2.61,0.0090784690081341
R6,2.62,0.0090267467599065
R6,2.63,0.0089732064726122
R6,2.64,0.0089178566188394
R6,2.65,0.0088607056711765
R6,2.66,0.0088017621022116
R6,2.67,0.008741034384533
R6,2.68,0.0086785309907289
R6,2.69,0.0086142603933876
R6,2.7,0.0085482310650974
R6,2.71,0.0084804514784464
R6,2.72,0.0084109301060229
R6,2.73,0.0083396754204152
R6,2.74,0.0082666958942114
R6,2.75,0.0081919999999999
R6,2.76,0.0081022939464711
R6,2.77,0.0079858253688682
R6,2.78,0.0078449148796088
R6,2.79,0.0076818830911106
R6,2.8,0.007499050615791
R6,2.81,0.0072987380660677
R6,2.82,0.0070832660543583
R6,2.83,0.0068549551930803
R6,2.84,0.0066161260946513
R6,2.85,0.006369099371489
R6,2.86,0.0061161956360108
R6,2.87,0.0058597355006343
R6,2.88,0.0056020395777772
R6,2.89,0.005345428479857
R6,2.9,0.0050922228192914
R6,2.91,0.0048447432084978
R6,2.92,0.0046053102598938
R6,2.93,0.0043762445858971
R6,2.94,0.0041598667989253
R6,2.95,0.0039584975113958
R6,2.96,0.0037744573357263
R6,2.97,0.0036100668843344
R6,2.98,0.0034676467696377
R6,2.99,0.0033495176040537
R6,3.0,0.0032579999999999
R6,3.01,0.0031859121960286
R6,3.02,0.0031239562640115
R6,3.03,0.0030712785663454
R6,3.04,0.0030270254654275
R6,3.05,0.0029903433236546
R6,3.06,0.0029603785034237
R6,3.07,0.0029362773671318
R6,3.08,0.002917186277176
R6,3.09,0.002902251595953
R6,3.1,0.00289061968586
R6,3.11,0.002881436909294
R6,3.12,0.0028738496286518
R6,3.13,0.0028670042063304
R6,3.14,0.0028600470047269
R6,3.15,0.0028521243862382
R6,3.16,0.0028423827132613
R6,3.17,0.0028299683481931
R6,3.18,0.0028140276534307
R6,3.19,0.0027937069913709
R6,3.2,0.0027681527244109
R6,3.21,0.0027365112149475
R6,3.22,0.0026979288253777
R6,3.23,0.0026515519180986
R6,3.24,0.002596526855507
R6,3.25,0.0025319999999999
R6,3.26,0.0024598133131627
R6,3.27,0.0023826978484688
R6,3.28,0.0023011336061477
R6,3.29,0.0022156005864291
R6,3.3,0.0021265787895424
R6,3.31,0.0020345482157172
R6,3.32,0.001939988865183
R6,3.33,0.0018433807381694
R6,3.34,0.0017452038349058
R6,3.35,0.0016459381556219
R6,3.36,0.0015460637005471
R6,3.37,0.001446060469911
R6,3.38,0.0013464084639431
R6,3.39,0.001247587682873
R6,3.4,0.0011500781269302
R6,3.41,0.0010543597963442
R6,3.42,0.0009609126913445
R6,3.43,0.0008702168121607
R6,3.44,0.0007827521590224
R6,3.45,0.000698998732159
R6,3.46,0.0006194365318
R6,3.47,0.0005445455581751
R6,3.48,0.0004748058115138
R6,3.49,0.0004106972920456
R6,3.5,0.0003526999999999
R6,3.51,0.0002997091945016
R6,3.52,0.0002502733637171
R6,3.53,0.0002043523514394
R6,3.54,0.0001619060014611
R6,3.55,0.000122894157575
R6,3.56,8.727666357376792e-05
R6,3.57,5.501336325009493e-05
R6,3.58,2.6064100396745777e-05
R6,3.59,3.887188064468048e-07
R6,3.6,0.0
R6,3.61,0.0
R6,3.62,0.0
R6,3.63,0.0
R6,3.64,0.0
R6,3.65,0.0
R6,3.66,0.0
R6,3.67,0.0
R6,3.68,0.0
R6,3.69,0.0
R6,3.7,0.0
R6,3.71,0.0
R6,3.72,0.0
R6,3.73,0.0
R6,3.74,0.0
R6,3.75,0.0
