bin,N_h,energy_keV,width_keV,rate,rate_error,residual
1.0,92.0,212.185,2.35242,19.7054,0.183954,19.7054
2.0,93.0,214.537,2.35351,16.4255,0.167948,-7.63806
3.0,94.0,216.891,2.35459,11.7391,0.141982,-2.67957
4.0,95.0,219.245,2.35568,9.34528,0.126681,-4.48962
5.0,96.0,221.601,2.35676,6.94799,0.109231,2.53581
6.0,97.0,223.958,2.35784,5.40075,0.0963039,1.15585
7.0,98.0,226.315,2.35893,4.14201,0.0843378,5.64161
8.0,99.0,228.674,2.36001,3.43965,0.0768553,5.59786
9.0,100.0,231.034,2.36109,2.39213,0.0640928,2.08495
10.0,101.0,233.395,2.36218,1.93534,0.0576495,-0.142287
11.0,102.0,235.758,2.36326,1.59876,0.0523972,2.72377
12.0,103.0,238.121,2.36434,1.27935,0.0468718,-0.935022
13.0,104.0,240.485,2.36543,1.075,0.0429656,1.30002
14.0,105.0,242.851,2.36651,0.839735,0.0379741,-1.16186
15.0,106.0,245.217,2.36759,0.803673,0.0371498,-1.15331
16.0,107.0,247.585,2.36868,0.685183,0.034302,1.78189
17.0,108.0,249.953,2.36976,0.589017,0.0318039,0.351498
18.0,109.0,252.323,2.37084,0.566693,0.0311954,-0.492734
19.0,110.0,254.694,2.37193,0.520327,0.029892,1.02647
20.0,111.0,257.066,2.37301,0.49972,0.0292941,0.277978
21.0,112.0,259.439,2.37409,0.453354,0.027902,-1.36015
22.0,113.0,261.813,2.37518,0.427595,0.0270978,0.297882
23.0,114.0,264.188,2.37626,0.386381,0.0257588,-0.696328
24.0,115.0,266.565,2.37734,0.425878,0.0270433,1.15527
25.0,116.0,268.942,2.37843,0.36234,0.0249445,-0.180746
26.0,117.0,271.32,2.37951,0.364057,0.0250035,-0.302257
27.0,118.0,273.7,2.38059,0.302236,0.0227819,-1.87669
28.0,119.0,276.08,2.38168,0.34345,0.0242856,0.132921
29.0,120.0,278.462,2.38276,0.317691,0.0233571,-0.05405
30.0,121.0,280.845,2.38384,0.322843,0.0235457,-0.138859
31.0,122.0,283.229,2.38493,0.317691,0.0233571,-0.251734
32.0,123.0,285.614,2.38601,0.29365,0.022456,-0.631266
33.0,124.0,288.0,2.38709,0.307388,0.0229752,1.01764
34.0,125.0,290.387,2.38818,0.302236,0.0227819,1.09174
35.0,126.0,292.775,2.38926,0.326278,0.0236707,0.39322
36.0,127.0,295.164,2.39034,0.281629,0.0219915,-0.169545
37.0,128.0,297.555,2.39143,0.261022,0.0211717,-0.902926
38.0,129.0,299.946,2.39251,0.32456,0.0236083,1.65217
39.0,130.0,302.338,2.39359,0.276477,0.0217895,0.118008
40.0,131.0,304.732,2.39468,0.254153,0.0208913,-0.735782
41.0,132.0,307.127,2.39576,0.254153,0.0208913,-0.836866
42.0,133.0,309.522,2.39684,0.291933,0.0223902,0.628122
43.0,134.0,311.919,2.39793,0.264457,0.0213105,-0.439383
44.0,135.0,314.317,2.39901,0.245567,0.0205353,-1.20565
45.0,136.0,316.716,2.40009,0.303953,0.0228465,1.23605
46.0,137.0,319.116,2.40118,0.283346,0.0220585,-0.23825
47.0,138.0,321.518,2.40226,0.291933,0.0223902,0.736807
48.0,139.0,323.92,2.40334,0.259305,0.0211019,-1.2193
49.0,140.0,326.323,2.40443,0.285064,0.0221252,-0.220701
50.0,141.0,328.728,2.40551,0.333147,0.0239185,1.50912
51.0,142.0,331.133,2.4066,0.340016,0.0241639,1.13734
52.0,143.0,333.54,2.40768,0.271326,0.0215855,-2.08508
53.0,144.0,335.947,2.40876,0.364057,0.0250035,1.16497
54.0,145.0,338.356,2.40985,0.326278,0.0236707,-1.15649
55.0,146.0,340.766,2.41093,0.398402,0.0261564,1.31281
56.0,147.0,343.177,2.41201,0.374361,0.0253549,-0.900389
57.0,148.0,345.589,2.4131,0.398402,0.0261564,-0.992515
58.0,149.0,348.002,2.41418,0.453354,0.027902,-0.636994
59.0,150.0,350.416,2.41526,0.465375,0.0282695,-0.688117
60.0,151.0,352.831,2.41635,0.564975,0.0311481,0.508044
61.0,152.0,355.248,2.41743,0.53063,0.0301865,-1.90518
62.0,153.0,357.665,2.41851,0.576996,0.0314777,-2.38235
63.0,154.0,360.084,2.4196,0.719528,0.0351512,-0.0996084
64.0,155.0,362.503,2.42068,0.825997,0.0376622,0.332497
65.0,156.0,364.924,2.42176,0.963377,0.0406738,1.49879
66.0,157.0,367.346,2.42285,0.959943,0.0406013,-1.21654
67.0,158.0,369.769,2.42393,0.99944,0.0414281,-2.07965
68.0,159.0,372.193,2.42501,1.20036,0.0454017,-0.498696
69.0,160.0,374.618,2.4261,1.26561,0.0466195,-1.50904
70.0,161.0,377.044,2.42718,1.49229,0.0506225,-1.30175
71.0,162.0,379.471,2.42826,1.70008,0.054032,0.659219
72.0,163.0,381.899,2.42935,1.87695,0.0567732,-0.638413
73.0,164.0,384.328,2.43043,2.02807,0.0590145,-0.768994
74.0,165.0,386.759,2.43151,2.18606,0.06127,-0.942422
75.0,166.0,389.19,2.4326,2.40587,0.0642766,-0.130318
76.0,167.0,391.623,2.43368,2.78881,0.0692033,1.0621
77.0,168.0,394.057,2.43476,3.05671,0.0724509,1.58361
78.0,169.0,396.491,2.43585,3.30055,0.0752853,0.875784
79.0,170.0,398.927,2.43693,3.51006,0.0776379,0.373459
80.0,171.0,401.364,2.43801,3.65259,0.0791986,-1.41263
81.0,172.0,403.802,2.4391,3.89472,0.0817815,-1.31143
82.0,173.0,406.241,2.44018,4.34636,0.0863932,-0.249702
83.0,174.0,408.681,2.44126,4.44253,0.0873437,-0.381915
84.0,175.0,411.123,2.44235,4.77911,0.0905921,-0.715989
85.0,176.0,413.565,2.44343,5.11054,0.0936807,-0.493004
86.0,177.0,416.009,2.44451,5.30115,0.0954118,-0.2494
87.0,178.0,418.453,2.4456,5.50207,0.097203,-0.73065
88.0,179.0,420.899,2.44668,5.70814,0.0990066,0.223271
89.0,180.0,423.345,2.44776,6.16836,0.10292,-1.02027
90.0,181.0,425.793,2.44885,6.44312,0.105188,-0.07523
91.0,182.0,428.242,2.44993,6.40363,0.104865,1.80776
92.0,183.0,430.692,2.45101,6.55646,0.106109,-1.83031
93.0,184.0,433.143,2.4521,6.70243,0.107283,1.59254
94.0,185.0,435.595,2.45318,6.69212,0.107201,-0.662482
95.0,186.0,438.048,2.45426,6.82092,0.108228,-0.00272571
96.0,187.0,440.502,2.45535,6.8295,0.108296,-0.465683
97.0,188.0,442.958,2.45643,7.02527,0.109837,-0.385557
98.0,189.0,445.414,2.45752,7.21073,0.111277,0.700849
99.0,190.0,447.872,2.4586,7.13174,0.110666,0.340035
100.0,191.0,450.33,2.45968,6.44999,0.105244,-0.629576
101.0,192.0,452.79,2.46077,6.69899,0.107256,0.969797
102.0,193.0,455.251,2.46185,6.38645,0.104724,-1.18444
103.0,194.0,457.713,2.46293,6.64576,0.106829,1.14042
104.0,195.0,460.176,2.46402,6.49807,0.105635,1.21375
105.0,196.0,462.64,2.4651,6.24049,0.10352,-0.654653
106.0,197.0,465.105,2.46618,6.02755,0.101739,-0.280854
107.0,198.0,467.571,2.46727,5.50379,0.0972182,-0.595066
108.0,199.0,470.038,2.46835,5.51753,0.0973395,0.744666
109.0,200.0,472.506,2.46943,4.58506,0.0887338,-1.78406
110.0,201.0,474.976,2.47052,5.47116,0.0969296,1.89578
111.0,202.0,477.446,2.4716,5.02296,0.0928745,2.4632
112.0,203.0,479.918,2.47268,4.57647,0.0886507,0.0454561
113.0,204.0,482.391,2.47377,4.17807,0.0847041,-0.0821753
114.0,205.0,484.864,2.47485,3.81916,0.0809843,-0.432908
115.0,206.0,487.339,2.47593,3.60107,0.0786381,-0.912336
116.0,207.0,489.815,2.47702,3.29025,0.0751677,-0.74592
117.0,208.0,492.292,2.4781,3.19752,0.0741009,0.998705
118.0,209.0,494.77,2.47918,2.91761,0.0707832,-0.804129
119.0,210.0,497.25,2.48027,2.82488,0.0696493,0.919076
120.0,211.0,499.73,2.48135,2.4986,0.0655036,0.0530329
121.0,212.0,502.211,2.48243,2.30112,0.0628617,0.589721
122.0,213.0,504.694,2.48352,2.08474,0.0598333,0.47236
123.0,214.0,507.177,2.4846,1.94736,0.0578283,0.765947
124.0,215.0,509.662,2.48568,1.80483,0.0556718,0.858338
125.0,216.0,512.147,2.48677,1.6726,0.0535936,1.92159
126.0,217.0,514.634,2.48785,1.50259,0.0507969,0.900731
127.0,218.0,517.122,2.48893,1.34461,0.0480523,0.968447
128.0,219.0,519.611,2.49002,1.12308,0.043916,-0.937137
129.0,220.0,522.101,2.4911,1.05611,0.0425864,0.240327
130.0,221.0,524.592,2.49218,0.920446,0.0397572,-1.47517
131.0,222.0,527.084,2.49327,0.848322,0.0381678,-0.971602
132.0,223.0,529.578,2.49435,0.801956,0.0371101,0.395615
133.0,224.0,532.072,2.49543,0.702355,0.0347292,0.501792
134.0,225.0,534.567,2.49652,0.66801,0.0338695,0.524933
135.0,226.0,537.064,2.4976,0.56841,0.0312426,-0.594853
136.0,227.0,539.561,2.49868,0.542651,0.0305265,0.348303
137.0,228.0,542.06,2.49977,0.501437,0.0293444,0.622132
138.0,229.0,544.56,2.50085,0.441333,0.0275296,-0.479306
139.0,230.0,547.061,2.50193,0.434464,0.0273145,1.15761
140.0,231.0,549.563,2.50302,0.417292,0.0267693,1.08119
141.0,232.0,552.066,2.5041,0.353754,0.0246472,0.111758
142.0,233.0,554.57,2.50518,0.360623,0.0248853,0.947506
143.0,234.0,557.075,2.50627,0.300519,0.0227171,-0.338195
144.0,235.0,559.581,2.50735,0.314257,0.0232305,0.796626
145.0,236.0,562.089,2.50844,0.305671,0.022911,1.19114
146.0,237.0,564.597,2.50952,0.267891,0.0214484,-0.294823
147.0,238.0,567.107,2.5106,0.291933,0.0223902,1.51058
148.0,239.0,569.617,2.51169,0.266174,0.0213796,0.776805
149.0,240.0,572.129,2.51277,0.271326,0.0215855,1.53546
150.0,241.0,574.642,2.51385,0.249001,0.0206784,0.422834
151.0,242.0,577.155,2.51494,0.283346,0.0220585,2.29178
152.0,243.0,579.67,2.51602,0.249001,0.0206784,1.15794
153.0,244.0,582.186,2.5171,0.233546,0.0200264,0.626932
154.0,245.0,584.703,2.51819,0.240415,0.0203188,1.03525
155.0,246.0,587.222,2.51927,0.204353,0.018733,-0.724361
156.0,247.0,589.741,2.52035,0.242132,0.0203912,1.21545
157.0,248.0,592.261,2.52144,0.192332,0.0181737,-0.856325
158.0,249.0,594.783,2.52252,0.212939,0.0191225,0.0448592
159.0,250.0,597.305,2.5236,0.182029,0.0176802,-0.0303705
160.0,251.0,599.829,2.52469,0.223243,0.0195797,0.192533
161.0,252.0,602.354,2.52577,0.197484,0.0184155,-0.790375
162.0,253.0,604.879,2.52685,0.176877,0.0174282,-1.53226
163.0,254.0,607.406,2.52794,0.190615,0.0180924,-0.442969
164.0,255.0,609.934,2.52902,0.22496,0.0196548,1.49218
165.0,256.0,612.463,2.5301,0.20607,0.0188115,0.253803
166.0,257.0,614.993,2.53119,0.195767,0.0183352,-0.110441
167.0,258.0,617.524,2.53227,0.180311,0.0175966,-0.698628
168.0,259.0,620.057,2.53335,0.182029,0.0176802,-0.691592
169.0,260.0,622.59,2.53444,0.18718,0.0179286,-0.348673
170.0,261.0,625.124,2.53552,0.199201,0.0184954,0.212237
171.0,262.0,627.66,2.5366,0.195767,0.0183352,0.344635
172.0,263.0,630.197,2.53769,0.197484,0.0184155,0.558808
173.0,264.0,632.734,2.53877,0.157987,0.0164713,-1.92434
174.0,265.0,635.273,2.53985,0.154553,0.0162913,-1.87913
175.0,266.0,637.813,2.54094,0.154553,0.0162913,-1.88944
176.0,267.0,640.354,2.54202,0.199201,0.0184954,0.845203
177.0,268.0,642.896,2.5431,0.171725,0.0171725,-0.826896
178.0,269.0,645.439,2.54419,0.183746,0.0177634,0.280837
179.0,270.0,647.983,2.54527,0.190615,0.0180924,0.813243
180.0,271.0,650.528,2.54635,0.17516,0.0173434,0.118956
181.0,272.0,653.075,2.54744,0.147684,0.0159251,-1.41545
182.0,273.0,655.622,2.54852,0.212939,0.0191225,1.93919
183.0,274.0,658.171,2.5496,0.154553,0.0162913,-0.831082
184.0,275.0,660.72,2.55069,0.176877,0.0174282,0.839317
185.0,276.0,663.271,2.55177,0.15627,0.0163815,-0.469276
186.0,277.0,665.823,2.55285,0.164856,0.0168255,0.0882201
187.0,278.0,668.376,2.55394,0.149401,0.0160174,-0.675478
188.0,279.0,670.93,2.55502,0.140815,0.0155504,-0.880817
189.0,280.0,673.485,2.5561,0.142532,0.0156449,-0.61054
190.0,281.0,676.041,2.55719,0.157987,0.0164713,0.184457
191.0,282.0,678.598,2.55827,0.15627,0.0163815,0.705635
192.0,283.0,681.156,2.55936,0.144249,0.0157389,0.0157295
193.0,284.0,683.716,2.56044,0.139097,0.0154553,-0.332469
194.0,285.0,686.276,2.56152,0.10647,0.0135216,-2.40373
195.0,286.0,688.837,2.56261,0.109904,0.013738,-1.547
196.0,287.0,691.4,2.56369,0.13738,0.0153596,0.454154
197.0,288.0,693.964,2.56477,0.139097,0.0154553,0.444506
198.0,289.0,696.529,2.56586,0.142532,0.0156449,1.05929
199.0,290.0,699.094,2.56694,0.13738,0.0153596,1.1035
200.0,291.0,701.661,2.56802,0.101318,0.0131904,-1.1547
201.0,292.0,704.229,2.56911,0.116773,0.0141608,-0.0122562
202.0,293.0,706.798,2.57019,0.115056,0.0140563,0.2666
203.0,294.0,709.369,2.57127,0.11849,0.0142646,0.774464
204.0,295.0,711.94,2.57236,0.096166,0.0128507,-0.615815
205.0,296.0,714.512,2.57344,0.0789935,0.011647,-1.98776
206.0,297.0,717.086,2.57452,0.109904,0.013738,0.600013
207.0,298.0,719.66,2.57561,0.0910143,0.0125018,-0.247723
208.0,299.0,722.236,2.57669,0.0721245,0.0111291,-1.64513
209.0,300.0,724.813,2.57777,0.0807108,0.0117729,-0.414014
210.0,301.0,727.39,2.57886,0.0927315,0.0126192,0.403376
211.0,302.0,729.969,2.57994,0.0772763,0.0115197,-0.366881
212.0,303.0,732.549,2.58102,0.0789935,0.011647,-0.0429494
213.0,304.0,735.13,2.58211,0.0807108,0.0117729,0.426164
214.0,305.0,737.712,2.58319,0.075559,0.0113909,0.272471
215.0,306.0,740.295,2.58427,0.061821,0.0103035,-0.799139
216.0,307.0,742.88,2.58536,0.103035,0.0133018,2.6366
217.0,308.0,745.465,2.58644,0.0583865,0.0100132,-0.71628
218.0,309.0,748.052,2.58752,0.0635383,0.0104456,0.029918
219.0,310.0,750.639,2.58861,0.0515175,0.00940577,-0.918864
220.0,311.0,753.228,2.58969,0.0635383,0.0104456,0.439573
221.0,312.0,755.817,2.59077,0.0429313,0.00858625,-1.55681
222.0,313.0,758.408,2.59186,0.048083,0.00908683,-0.708416
223.0,314.0,761.0,2.59294,0.0515175,0.00940577,-0.0379047
224.0,315.0,763.593,2.59402,0.0463658,0.00892309,-0.431035
225.0,316.0,766.187,2.59511,0.0429313,0.00858625,-0.477684
226.0,317.0,768.782,2.59619,0.048083,0.00908683,0.126901
227.0,318.0,771.378,2.59727,0.0394968,0.00823564,-0.584903
228.0,319.0,773.976,2.59836,0.0498003,0.00924768,0.813816
229.0,320.0,776.574,2.59944,0.0532348,0.00956124,1.19419
230.0,321.0,779.173,2.60052,0.0429313,0.00858625,0.114954
231.0,322.0,781.774,2.60161,0.034345,0.00767978,-0.465393
232.0,323.0,784.375,2.60269,0.034345,0.00767978,-0.3848
233.0,324.0,786.978,2.60377,0.0326278,0.00748532,-0.515052
234.0,325.0,789.582,2.60486,0.0377795,0.00805462,0.411955
235.0,326.0,792.187,2.60594,0.027476,0.006869,-1.15173
236.0,327.0,794.793,2.60702,0.0463658,0.00892309,1.36212
237.0,328.0,797.4,2.60811,0.0291933,0.0070804,-0.502616
238.0,329.0,800.008,2.60919,0.048083,0.00908683,1.82983
239.0,330.0,802.617,2.61028,0.027476,0.006869,-0.581645
240.0,331.0,805.227,2.61136,0.0377795,0.00805462,0.796964
241.0,332.0,807.839,2.61244,0.0240415,0.00642536,-0.816044
242.0,333.0,810.451,2.61353,0.0360623,0.00786943,1.00533
243.0,334.0,813.065,2.61461,0.0257588,0.00665088,-0.357139
244.0,335.0,815.679,2.61569,0.0377795,0.00805462,1.11863
245.0,336.0,818.295,2.61678,0.0240415,0.00642536,-0.575944
246.0,337.0,820.912,2.61786,0.034345,0.00767978,0.872585
247.0,338.0,823.53,2.61894,0.034345,0.00767978,1.02483
248.0,339.0,826.149,2.62003,0.0326278,0.00748532,0.878932
249.0,340.0,828.769,2.62111,0.0257588,0.00665088,-0.0398689
250.0,341.0,831.39,2.62219,0.0257588,0.00665088,0.00690822
251.0,342.0,834.012,2.62328,0.0240415,0.00642536,-0.0524045
252.0,343.0,836.635,2.62436,0.027476,0.006869,0.463375
253.0,344.0,839.259,2.62544,0.0240415,0.00642536,0.0176494
254.0,345.0,841.885,2.62653,0.034345,0.00767978,1.25789
255.0,346.0,844.511,2.62761,0.0240415,0.00642536,-0.019128
256.0,347.0,847.139,2.62869,0.0188898,0.00569547,-0.770929
257.0,348.0,849.768,2.62978,0.0291933,0.0070804,0.860427
258.0,349.0,852.398,2.63086,0.027476,0.006869,0.604166
259.0,350.0,855.028,2.63194,0.0291933,0.0070804,0.963498
260.0,351.0,857.66,2.63303,0.0154553,0.00515175,-1.39359
261.0,352.0,860.293,2.63411,0.0240415,0.00642536,0.19532
262.0,353.0,862.927,2.63519,0.0103035,0.00420639,-2.77992
263.0,354.0,865.563,2.63628,0.0188898,0.00569547,-0.610533
264.0,355.0,868.199,2.63736,0.020607,0.00594873,-0.381887
265.0,356.0,870.836,2.63844,0.0171725,0.00543042,-0.767757
266.0,357.0,873.475,2.63953,0.0171725,0.00543042,-0.654939
267.0,358.0,876.114,2.64061,0.020607,0.00594873,-0.0454563
268.0,359.0,878.755,2.64169,0.0257588,0.00665088,0.717289
269.0,360.0,881.397,2.64278,0.027476,0.006869,0.889107
270.0,361.0,884.039,2.64386,0.0154553,0.00515175,-1.06248
271.0,362.0,886.683,2.64494,0.0223243,0.00619163,0.270378
272.0,363.0,889.328,2.64603,0.0188898,0.00569547,-0.427678
273.0,364.0,891.974,2.64711,0.0120208,0.00454342,-1.94906
274.0,365.0,894.621,2.64819,0.0171725,0.00543042,-0.524927
275.0,366.0,897.269,2.64928,0.013738,0.00485712,-1.45035
276.0,367.0,899.919,2.65036,0.0103035,0.00420639,-2.21024
277.0,368.0,902.569,2.65144,0.0154553,0.00515175,-0.721097
278.0,369.0,905.221,2.65253,0.0188898,0.00569547,-0.0955548
279.0,370.0,907.873,2.65361,0.0120208,0.00454342,-1.65013
280.0,371.0,910.527,2.65469,0.0154553,0.00515175,-0.731794
281.0,372.0,913.181,2.65578,0.020607,0.00594873,0.0811195
282.0,373.0,915.837,2.65686,0.0188898,0.00569547,-0.281604
283.0,374.0,918.494,2.65794,0.020607,0.00594873,0.33795
284.0,375.0,921.152,2.65903,0.013738,0.00485712,-0.850637
285.0,376.0,923.811,2.66011,0.027476,0.006869,1.15095
286.0,377.0,926.471,2.6612,0.0257588,0.00665088,0.99143
287.0,378.0,929.132,2.66228,0.00858625,0.00383989,-2.70317
288.0,379.0,931.795,2.66336,0.0240415,0.00642536,0.863872
289.0,380.0,934.458,2.66445,0.0188898,0.00569547,0.103075
290.0,381.0,937.122,2.66553,0.0223243,0.00619163,0.663758
291.0,382.0,939.788,2.66661,0.0120208,0.00454342,-1.27147
292.0,383.0,942.455,2.6677,0.0103035,0.00420639,-1.85834
293.0,384.0,945.122,2.66878,0.0154553,0.00515175,-0.58638
294.0,385.0,947.791,2.66986,0.0223243,0.00619163,0.655918
295.0,386.0,950.461,2.67095,0.0154553,0.00515175,-0.521817
296.0,387.0,953.132,2.67203,0.020607,0.00594873,0.399598
297.0,388.0,955.804,2.67311,0.0188898,0.00569547,0.137148
298.0,389.0,958.477,2.6742,0.013738,0.00485712,-0.821753
299.0,390.0,961.151,2.67528,0.013738,0.00485712,-0.831831
300.0,391.0,963.826,2.67636,0.00858625,0.00383989,-2.57088
301.0,392.0,966.503,2.67745,0.0171725,0.00543042,-0.135629
302.0,393.0,969.18,2.67853,0.00515175,0.00297436,-4.17574
303.0,394.0,971.859,2.67961,0.0103035,0.00420639,-1.70265
304.0,395.0,974.538,2.6807,0.0103035,0.00420639,-1.83032
305.0,396.0,977.219,2.68178,0.020607,0.00594873,0.483435
306.0,397.0,979.901,2.68286,0.0154553,0.00515175,-0.373205
307.0,398.0,982.584,2.68395,0.0154553,0.00515175,-0.444941
308.0,399.0,985.268,2.68503,0.020607,0.00594873,0.443079
309.0,400.0,987.953,2.68611,0.0103035,0.00420639,-1.17406
310.0,401.0,990.639,2.6872,0.0257588,0.00665088,0.905633
311.0,402.0,993.326,2.68828,0.0154553,0.00515175,-0.398059
312.0,403.0,996.014,2.68936,0.0171725,0.00543042,-0.13379
313.0,404.0,998.704,2.69045,0.00858625,0.00383989,-2.4405
314.0,405.0,1001.39,2.69153,0.013738,0.00485712,-0.795245
315.0,406.0,1004.09,2.69261,0.0188898,0.00569547,0.14609
316.0,407.0,1006.78,2.6937,0.0171725,0.00543042,-0.207297
317.0,408.0,1009.47,2.69478,0.013738,0.00485712,-0.777297
318.0,409.0,1012.17,2.69586,0.0188898,0.00569547,0.183611
319.0,410.0,1014.86,2.69695,0.0171725,0.00543042,-0.0671625
320.0,411.0,1017.56,2.69803,0.027476,0.006869,1.40176
321.0,412.0,1020.26,2.69911,0.0103035,0.00420639,-1.65764
322.0,413.0,1022.96,2.7002,0.0188898,0.00569547,0.203517
323.0,414.0,1025.66,2.70128,0.020607,0.00594873,0.419441
324.0,415.0,1028.36,2.70236,0.0240415,0.00642536,0.948892
325.0,416.0,1031.06,2.70345,0.0154553,0.00515175,-0.410892
326.0,417.0,1033.76,2.70453,0.0240415,0.00642536,0.973914
327.0,418.0,1036.47,2.70561,0.0240415,0.00642536,1.02679
328.0,419.0,1039.17,2.7067,0.0223243,0.00619163,0.656377
329.0,420.0,1041.88,2.70778,0.0188898,0.00569547,0.168561
330.0,421.0,1044.59,2.70886,0.0120208,0.00454342,-1.34044
331.0,422.0,1047.3,2.70995,0.0291933,0.0070804,1.63867
332.0,423.0,1050.01,2.71103,0.0120208,0.00454342,-1.25684
333.0,424.0,1052.72,2.71211,0.0188898,0.00569547,0.11002
334.0,425.0,1055.43,2.7132,0.0154553,0.00515175,-0.382854
335.0,426.0,1058.14,2.71428,0.013738,0.00485712,-0.954617
336.0,427.0,1060.86,2.71537,0.0223243,0.00619163,0.713094
337.0,428.0,1063.57,2.71645,0.013738,0.00485712,-0.867733
338.0,429.0,1066.29,2.71753,0.0188898,0.00569547,0.136677
339.0,430.0,1069.01,2.71862,0.0171725,0.00543042,-0.155453
340.0,431.0,1071.73,2.7197,0.0309105,0.00728568,1.79832
341.0,432.0,1074.45,2.72078,0.0257588,0.00665088,1.23324
342.0,433.0,1077.17,2.72187,0.0171725,0.00543042,-0.11614
343.0,434.0,1079.89,2.72295,0.0309105,0.00728568,1.73088
344.0,435.0,1082.61,2.72403,0.0171725,0.00543042,-0.121801
345.0,436.0,1085.34,2.72512,0.027476,0.006869,1.39521
346.0,437.0,1088.06,2.7262,0.020607,0.00594873,0.381836
347.0,438.0,1090.79,2.72728,0.0188898,0.00569547,0.206813
348.0,439.0,1093.51,2.72837,0.027476,0.006869,1.36529
349.0,440.0,1096.24,2.72945,0.0120208,0.00454342,-1.15138
350.0,441.0,1098.97,2.73053,0.013738,0.00485712,-1.06866
351.0,442.0,1101.7,2.73162,0.0257588,0.00665088,1.18584
352.0,443.0,1104.43,2.7327,0.0188898,0.00569547,0.200253
353.0,444.0,1107.17,2.73378,0.0103035,0.00420639,-1.82031
354.0,445.0,1109.9,2.73487,0.020607,0.00594873,0.364485
355.0,446.0,1112.64,2.73595,0.0223243,0.00619163,0.722229
356.0,447.0,1115.37,2.73703,0.0223243,0.00619163,0.66667
357.0,448.0,1118.11,2.73812,0.020607,0.00594873,0.487796
358.0,449.0,1120.85,2.7392,0.0120208,0.00454342,-1.37643
359.0,450.0,1123.59,2.74028,0.020607,0.00594873,0.33354
360.0,451.0,1126.33,2.74137,0.0120208,0.00454342,-1.33416
361.0,452.0,1129.07,2.74245,0.0171725,0.00543042,-0.228946
362.0,453.0,1131.81,2.74353,0.020607,0.00594873,0.339437
363.0,454.0,1134.55,2.74462,0.00858625,0.00383989,-2.46995
364.0,455.0,1137.3,2.7457,0.00858625,0.00383989,-2.40911
365.0,456.0,1140.04,2.74678,0.0240415,0.00642536,0.917022
366.0,457.0,1142.79,2.74787,0.0188898,0.00569547,0.0579311
367.0,458.0,1145.54,2.74895,0.0154553,0.00515175,-0.534904
368.0,459.0,1148.29,2.75003,0.0240415,0.00642536,0.883632
369.0,460.0,1151.04,2.75112,0.020607,0.00594873,0.385175
370.0,461.0,1153.79,2.7522,0.0188898,0.00569547,0.12639
371.0,462.0,1156.54,2.75328,0.0171725,0.00543042,-0.226154
372.0,463.0,1159.29,2.75437,0.0240415,0.00642536,0.915257
373.0,464.0,1162.05,2.75545,0.0103035,0.00420639,-1.9542
374.0,465.0,1164.8,2.75653,0.013738,0.00485712,-0.926101
375.0,466.0,1167.56,2.75762,0.013738,0.00485712,-0.813769
376.0,467.0,1170.32,2.7587,0.0240415,0.00642536,0.892451
377.0,468.0,1173.08,2.75978,0.0240415,0.00642536,1.01467
378.0,469.0,1175.84,2.76087,0.0188898,0.00569547,0.169466
379.0,470.0,1178.6,2.76195,0.0223243,0.00619163,0.669042
380.0,471.0,1181.36,2.76303,0.0103035,0.00420639,-1.93074
381.0,472.0,1184.12,2.76412,0.0223243,0.00619163,0.658331
382.0,473.0,1186.89,2.7652,0.0223243,0.00619163,0.643168
383.0,474.0,1189.65,2.76629,0.013738,0.00485712,-0.984435
384.0,475.0,1192.42,2.76737,0.0120208,0.00454342,-1.23165
385.0,476.0,1195.19,2.76845,0.0223243,0.00619163,0.701753
386.0,477.0,1197.95,2.76954,0.0171725,0.00543042,-0.114138
387.0,478.0,1200.72,2.77062,0.0188898,0.00569547,0.0728048
388.0,479.0,1203.49,2.7717,0.0154553,0.00515175,-0.494915
389.0,480.0,1206.27,2.77279,0.0257588,0.00665088,1.25
390.0,481.0,1209.04,2.77387,0.0326278,0.00748532,1.90086
391.0,482.0,1211.81,2.77495,0.0188898,0.00569547,0.120142
392.0,483.0,1214.59,2.77604,0.0188898,0.00569547,0.218368
393.0,484.0,1217.36,2.77712,0.0120208,0.00454342,-1.35149
394.0,485.0,1220.14,2.7782,0.0188898,0.00569547,0.221094
395.0,486.0,1222.92,2.77929,0.0188898,0.00569547,0.060871
396.0,487.0,1225.7,2.78037,0.0120208,0.00454342,-1.26978
397.0,488.0,1228.48,2.78145,0.0103035,0.00420639,-1.51196
398.0,489.0,1231.26,2.78254,0.0154553,0.00515175,-0.477549
399.0,490.0,1234.04,2.78362,0.013738,0.00485712,-0.736112
400.0,491.0,1236.83,2.7847,0.0188898,0.00569547,0.291979
401.0,492.0,1239.61,2.78579,0.0188898,0.00569547,0.174316
402.0,493.0,1242.4,2.78687,0.0223243,0.00619163,0.726404
403.0,494.0,1245.18,2.78795,0.0188898,0.00569547,0.306327
404.0,495.0,1247.97,2.78904,0.0309105,0.00728568,1.85631
405.0,496.0,1250.76,2.79012,0.020607,0.00594873,0.603274
406.0,497.0,1253.55,2.7912,0.020607,0.00594873,0.441376
407.0,498.0,1256.34,2.79229,0.0120208,0.00454342,-1.23768
408.0,499.0,1259.13,2.79337,0.0188898,0.00569547,0.414504
409.0,500.0,1261.93,2.79445,0.0120208,0.00454342,-0.519873
410.0,501.0,1264.72,2.79554,0.0188898,0.00569547,-0.154839
411.0,502.0,1267.52,2.79662,0.0171725,0.00543042,0.22077
412.0,503.0,1270.31,2.7977,0.0171725,0.00543042,0.0434096
413.0,504.0,1273.11,2.79879,0.0103035,0.00420639,-1.50342
414.0,505.0,1275.91,2.79987,0.013738,0.00485712,-0.617008
415.0,506.0,1278.71,2.80095,0.0188898,0.00569547,0.469013
416.0,507.0,1281.51,2.80204,0.0103035,0.00420639,-1.37732
417.0,508.0,1284.31,2.80312,0.013738,0.00485712,-0.609134
418.0,509.0,1287.12,2.8042,0.0171725,0.00543042,0.199479
419.0,510.0,1289.92,2.80529,0.013738,0.00485712,-0.516892
420.0,511.0,1292.73,2.80637,0.0240415,0.00642536,1.36838
421.0,512.0,1295.53,2.80745,0.0120208,0.00454342,-0.880862
422.0,513.0,1298.34,2.80854,0.0171725,0.00543042,0.227727
423.0,514.0,1301.15,2.80962,0.0103035,0.00420639,-1.4227
424.0,515.0,1303.96,2.8107,0.0171725,0.00543042,0.324634
425.0,516.0,1306.77,2.81179,0.0223243,0.00619163,1.03554
426.0,517.0,1309.58,2.81287,0.0120208,0.00454342,-0.926375
427.0,518.0,1312.39,2.81395,0.020607,0.00594873,0.811721
428.0,519.0,1315.21,2.81504,0.0154553,0.00515175,-0.0331779
429.0,520.0,1318.02,2.81612,0.006869,0.0034345,-2.48362
430.0,521.0,1320.84,2.81721,0.0171725,0.00543042,0.347126
431.0,522.0,1323.66,2.81829,0.013738,0.00485712,-0.33872
432.0,523.0,1326.47,2.81937,0.013738,0.00485712,-0.297952
433.0,524.0,1329.29,2.82046,0.0171725,0.00543042,0.311491
434.0,525.0,1332.11,2.82154,0.0120208,0.00454342,-0.607535
435.0,526.0,1334.93,2.82262,0.00858625,0.00383989,-1.83395
436.0,527.0,1337.76,2.82371,0.013738,0.00485712,-0.29473
437.0,528.0,1340.58,2.82479,0.0171725,0.00543042,0.502686
438.0,529.0,1343.41,2.82587,0.0120208,0.00454342,-0.693369
439.0,530.0,1346.23,2.82696,0.0188898,0.00569547,0.764429
440.0,531.0,1349.06,2.82804,0.013738,0.00485712,-0.0897894
441.0,532.0,1351.89,2.82912,0.0154553,0.00515175,0.15239
442.0,533.0,1354.72,2.83021,0.0154553,0.00515175,0.169019
443.0,534.0,1357.55,2.83129,0.0154553,0.00515175,0.208687
444.0,535.0,1360.38,2.83237,0.013738,0.00485712,-0.0920517
445.0,536.0,1363.21,2.83346,0.0188898,0.00569547,0.700662
446.0,537.0,1366.04,2.83454,0.00858625,0.00383989,-1.42004
447.0,538.0,1368.88,2.83562,0.020607,0.00594873,1.09256
448.0,539.0,1371.71,2.83671,0.0257588,0.00665088,1.81155
449.0,540.0,1374.55,2.83779,0.013738,0.00485712,-0.0473125
450.0,541.0,1377.39,2.83887,0.0120208,0.00454342,-0.467665
451.0,542.0,1380.23,2.83996,0.0240415,0.00642536,1.56423
452.0,543.0,1383.07,2.84104,0.0103035,0.00420639,-0.821504
453.0,544.0,1385.91,2.84212,0.00858625,0.00383989,-1.29433
454.0,545.0,1388.75,2.84321,0.013738,0.00485712,-0.0595155
455.0,546.0,1391.59,2.84429,0.006869,0.0034345,-1.77415
456.0,547.0,1394.44,2.84537,0.00515175,0.00297436,-2.63316
457.0,548.0,1397.28,2.84646,0.013738,0.00485712,0.185478
458.0,549.0,1400.13,2.84754,0.0120208,0.00454342,-0.376598
459.0,550.0,1402.98,2.84862,0.0120208,0.00454342,-0.216846
460.0,551.0,1405.83,2.84971,0.0154553,0.00515175,0.395384
461.0,552.0,1408.68,2.85079,0.013738,0.00485712,0.216109
462.0,553.0,1411.53,2.85187,0.0171725,0.00543042,0.733923
463.0,554.0,1414.38,2.85296,0.0223243,0.00619163,1.47444
464.0,555.0,1417.23,2.85404,0.0120208,0.00454342,-0.109427
465.0,556.0,1420.08,2.85512,0.0120208,0.00454342,-0.341576
466.0,557.0,1422.94,2.85621,0.00515175,0.00297436,-2.61217
467.0,558.0,1425.8,2.85729,0.0103035,0.00420639,-0.548569
468.0,559.0,1428.65,2.85837,0.0120208,0.00454342,-0.134159
469.0,560.0,1431.51,2.85946,0.00515175,0.00297436,-2.31224
470.0,561.0,1434.37,2.86054,0.0154553,0.00515175,0.507743
471.0,562.0,1437.23,2.86162,0.013738,0.00485712,0.245021
472.0,563.0,1440.09,2.86271,0.0120208,0.00454342,-0.0911963
473.0,564.0,1442.96,2.86379,0.0154553,0.00515175,0.567375
474.0,565.0,1445.82,2.86487,0.0223243,0.00619163,1.68054
475.0,566.0,1448.68,2.86596,0.0171725,0.00543042,0.859188
476.0,567.0,1451.55,2.86704,0.0154553,0.00515175,0.664041
477.0,568.0,1454.42,2.86813,0.013738,0.00485712,0.317656
478.0,569.0,1457.29,2.86921,0.0154553,0.00515175,0.631435
479.0,570.0,1460.16,2.87029,0.00515175,0.00297436,-2.29349
480.0,571.0,1463.03,2.87138,0.0034345,0.00242856,-3.63377
481.0,572.0,1465.9,2.87246,0.013738,0.00485712,0.299206
482.0,573.0,1468.77,2.87354,0.0120208,0.00454342,0.0906046
483.0,574.0,1471.64,2.87463,0.0154553,0.00515175,0.754203
484.0,575.0,1474.52,2.87571,0.013738,0.00485712,0.493286
485.0,576.0,1477.39,2.87679,0.006869,0.0034345,-1.34401
486.0,577.0,1480.27,2.87788,0.00171725,0.00171725,-5.43689
487.0,578.0,1483.15,2.87896,0.006869,0.0034345,-1.29846
488.0,579.0,1486.03,2.88004,0.013738,0.00485712,0.63889
489.0,580.0,1488.91,2.88113,0.013738,0.00485712,0.417759
490.0,581.0,1491.79,2.88221,0.00858625,0.00383989,-0.65299
491.0,582.0,1494.67,2.88329,0.00858625,0.00383989,-0.551888
492.0,583.0,1497.55,2.88438,0.0171725,0.00543042,1.10718
493.0,584.0,1500.44,2.88546,0.0103035,0.00420639,-0.0333012
494.0,585.0,1503.32,2.88654,0.006869,0.0034345,-0.9876
495.0,586.0,1506.21,2.88763,0.006869,0.0034345,-1.18199
496.0,587.0,1509.1,2.88871,0.0103035,0.00420639,-0.186689
497.0,588.0,1511.99,2.88979,0.006869,0.0034345,-1.14245
498.0,589.0,1514.88,2.89088,0.0188898,0.00569547,1.41513
499.0,590.0,1517.77,2.89196,0.00515175,0.00297436,-2.07669
500.0,591.0,1520.66,2.89304,0.0120208,0.00454342,0.385069
501.0,592.0,1523.55,2.89413,0.013738,0.00485712,0.747228
502.0,593.0,1526.45,2.89521,0.00515175,0.00297436,-1.82391
503.0,594.0,1529.34,2.89629,0.0103035,0.00420639,0.0629703
504.0,595.0,1532.24,2.89738,0.006869,0.0034345,-0.986641
505.0,596.0,1535.13,2.89846,0.0034345,0.00242856,-2.79621
506.0,597.0,1538.03,2.89954,0.0103035,0.00420639,0.133639
507.0,598.0,1540.93,2.90063,0.00858625,0.00383989,-0.284499
508.0,599.0,1543.83,2.90171,0.0120208,0.00454342,0.482227
509.0,600.0,1546.74,2.90279,0.00858625,0.00383989,-0.241849
510.0,601.0,1549.64,2.90388,0.00858625,0.00383989,-0.471657
511.0,602.0,1552.54,2.90496,0.0188898,0.00569547,1.59702
512.0,603.0,1555.45,2.90604,0.0154553,0.00515175,1.11637
513.0,604.0,1558.35,2.90713,0.0034345,0.00242856,-2.47037
514.0,605.0,1561.26,2.90821,0.013738,0.00485712,0.836605
515.0,606.0,1564.17,2.90929,0.0034345,0.00242856,-2.47135
516.0,607.0,1567.08,2.91038,0.0034345,0.00242856,-2.4287
517.0,608.0,1569.99,2.91146,0.006869,0.0034345,-0.679687
518.0,609.0,1572.9,2.91254,0.0103035,0.00420639,0.0483306
519.0,610.0,1575.81,2.91363,0.006869,0.0034345,-0.771556
520.0,611.0,1578.73,2.91471,0.0034345,0.00242856,-2.18794
521.0,612.0,1581.64,2.91579,0.0154553,0.00515175,1.34201
522.0,613.0,1584.56,2.91688,0.0103035,0.00420639,0.213462
523.0,614.0,1587.47,2.91796,0.006869,0.0034345,-0.640123
524.0,615.0,1590.39,2.91905,0.00515175,0.00297436,-1.27191
525.0,616.0,1593.31,2.92013,0.00515175,0.00297436,-1.36551
526.0,617.0,1596.23,2.92121,0.00858625,0.00383989,-0.168875
527.0,618.0,1599.15,2.9223,0.0103035,0.00420639,0.369879
528.0,619.0,1602.07,2.92338,0.013738,0.00485712,1.059
529.0,620.0,1605.0,2.92446,0.0034345,0.00242856,-2.32242
530.0,621.0,1607.92,2.92555,0.0034345,0.00242856,-2.27297
531.0,622.0,1610.85,2.92663,0.0034345,0.00242856,-1.90893
532.0,623.0,1613.77,2.92771,0.013738,0.00485712,1.07691
533.0,624.0,1616.7,2.9288,0.0103035,0.00420639,0.511697
534.0,625.0,1619.63,2.92988,0.006869,0.0034345,-0.25678
535.0,626.0,1622.56,2.93096,0.00858625,0.00383989,0.125437
536.0,627.0,1625.49,2.93205,0.00858625,0.00383989,0.0808423
537.0,628.0,1628.42,2.93313,0.0034345,0.00242856,-1.97237
538.0,629.0,1631.36,2.93421,0.006869,0.0034345,-0.478238
539.0,630.0,1634.29,2.9353,0.0120208,0.00454342,0.807432
540.0,631.0,1637.23,2.93638,0.006869,0.0034345,-0.330867
541.0,632.0,1640.16,2.93746,0.006869,0.0034345,-0.353475
542.0,633.0,1643.1,2.93855,0.00858625,0.00383989,0.26359
543.0,634.0,1646.04,2.93963,0.0171725,0.00543042,1.7332
544.0,635.0,1648.98,2.94071,0.0034345,0.00242856,-1.77257
545.0,636.0,1651.92,2.9418,0.0034345,0.00242856,-1.89524
546.0,637.0,1654.86,2.94288,0.0034345,0.00242856,-1.56319
547.0,638.0,1657.8,2.94396,0.006869,0.0034345,-0.191724
548.0,639.0,1660.75,2.94505,0.00171725,0.00171725,-3.73031
549.0,640.0,1663.69,2.94613,0.0034345,0.00242856,-1.72719
550.0,641.0,1666.64,2.94721,0.006869,0.0034345,-0.530572
551.0,642.0,1669.59,2.9483,0.0154553,0.00515175,1.65044
552.0,643.0,1672.53,2.94938,0.0034345,0.00242856,-1.74944
553.0,644.0,1675.48,2.95046,0.0154553,0.00515175,1.67365
554.0,645.0,1678.43,2.95155,0.0034345,0.00242856,-1.36192
555.0,646.0,1681.38,2.95263,0.00858625,0.00383989,0.351865
556.0,647.0,1684.34,2.95371,0.00171725,0.00171725,-3.07499
557.0,648.0,1687.29,2.9548,0.00515175,0.00297436,-0.50493
558.0,649.0,1690.25,2.95588,0.00858625,0.00383989,0.362761
559.0,650.0,1693.2,2.95696,0.0103035,0.00420639,0.672704
560.0,651.0,1696.16,2.95805,0.00858625,0.00383989,0.318036
561.0,652.0,1699.12,2.95913,0.0103035,0.00420639,0.876996
562.0,653.0,1702.08,2.96021,0.0120208,0.00454342,1.1694
563.0,654.0,1705.04,2.9613,0.00858625,0.00383989,0.189527
564.0,655.0,1708.0,2.96238,0.006869,0.0034345,0.110976
565.0,656.0,1710.96,2.96346,0.00858625,0.00383989,0.559056
566.0,657.0,1713.92,2.96455,0.00858625,0.00383989,0.330706
567.0,658.0,1716.89,2.96563,0.006869,0.0034345,0.0867692
568.0,659.0,1719.85,2.96671,0.00171725,0.00171725,-2.53968
569.0,660.0,1722.82,2.9678,0.00515175,0.00297436,-0.400973
570.0,661.0,1725.79,2.96888,0.006869,0.0034345,0.113777
571.0,662.0,1728.76,2.96997,0.00515175,0.00297436,-0.235983
572.0,663.0,1731.73,2.97105,0.006869,0.0034345,0.304668
573.0,664.0,1734.7,2.97213,0.00515175,0.00297436,-0.360795
574.0,665.0,1737.67,2.97322,0.0103035,0.00420639,1.0631
575.0,666.0,1740.64,2.9743,0.0034345,0.00242856,-1.24911
576.0,667.0,1743.62,2.97538,0.00515175,0.00297436,0.144488
577.0,668.0,1746.59,2.97647,0.006869,0.0034345,0.0859528
578.0,669.0,1749.57,2.97755,0.00171725,0.00171725,-2.58261
579.0,670.0,1752.55,2.97863,0.00515175,0.00297436,-0.488298
580.0,671.0,1755.53,2.97972,0.006869,0.0034345,0.00564591
581.0,672.0,1758.51,2.9808,0.00858625,0.00383989,0.683858
582.0,673.0,1761.49,2.98188,0.0103035,0.00420639,0.960968
583.0,674.0,1764.47,2.98297,0.006869,0.0034345,0.282433
584.0,675.0,1767.45,2.98405,0.00515175,0.00297436,-0.239328
585.0,676.0,1770.44,2.98513,0.006869,0.0034345,0.432222
586.0,677.0,1773.42,2.98622,0.0171725,0.00543042,2.08933
587.0,678.0,1776.41,2.9873,0.0223243,0.00619163,2.71124
588.0,679.0,1779.39,2.98838,0.0034345,0.00242856,-0.974462
589.0,680.0,1782.38,2.98947,0.00515175,0.00297436,-0.091648
590.0,681.0,1785.37,2.99055,0.00515175,0.00297436,-0.127798
591.0,682.0,1788.36,2.99163,0.006869,0.0034345,0.43497
592.0,683.0,1791.35,2.99272,0.0034345,0.00242856,-0.9209
593.0,684.0,1794.35,2.9938,0.013738,0.00485712,1.59657
594.0,685.0,1797.34,2.99488,0.00171725,0.00171725,-2.18042
595.0,686.0,1800.34,2.99597,0.0034345,0.00242856,-0.680577
596.0,687.0,1803.33,2.99705,0.0034345,0.00242856,-0.831939
597.0,688.0,1806.33,2.99813,0.00171725,0.00171725,-2.07868
598.0,689.0,1809.33,2.99922,0.0,0.0,0.0
599.0,690.0,1812.33,3.0003,0.00515175,0.00297436,0.0434132
600.0,691.0,1815.33,3.00138,0.00858625,0.00383989,0.84726
601.0,692.0,1818.33,3.00247,0.00858625,0.00383989,0.852347
602.0,693.0,1821.33,3.00355,0.0034345,0.00242856,-0.549853
603.0,694.0,1824.33,3.00463,0.00515175,0.00297436,0.0391844
604.0,695.0,1827.34,3.00572,0.0034345,0.00242856,-0.600906
605.0,696.0,1830.34,3.0068,0.0034345,0.00242856,-0.967137
606.0,697.0,1833.35,3.00788,0.013738,0.00485712,1.87627
607.0,698.0,1836.36,3.00897,0.00171725,0.00171725,-1.98736
608.0,699.0,1839.37,3.01005,0.00515175,0.00297436,-0.0411967
609.0,700.0,1842.38,3.01113,0.0103035,0.00420639,1.18703
610.0,701.0,1845.39,3.01222,0.00515175,0.00297436,-0.239655
611.0,702.0,1848.4,3.0133,0.00515175,0.00297436,-0.0307991
612.0,703.0,1851.41,3.01438,0.0034345,0.00242856,-0.840253
613.0,704.0,1854.43,3.01547,0.00515175,0.00297436,-0.111094
614.0,705.0,1857.44,3.01655,0.006869,0.0034345,0.186018
615.0,706.0,1860.46,3.01763,0.00515175,0.00297436,-0.0288632
616.0,707.0,1863.48,3.01872,0.00171725,0.00171725,-2.35988
617.0,708.0,1866.5,3.0198,0.00171725,0.00171725,-1.58111
618.0,709.0,1869.52,3.02089,0.0103035,0.00420639,1.22023
619.0,710.0,1872.54,3.02197,0.006869,0.0034345,0.684231
620.0,711.0,1875.56,3.02305,0.0034345,0.00242856,-0.657645
621.0,712.0,1878.58,3.02414,0.00515175,0.00297436,0.109825
622.0,713.0,1881.61,3.02522,0.00515175,0.00297436,0.0429577
623.0,714.0,1884.63,3.0263,0.00515175,0.00297436,-0.124158
624.0,715.0,1887.66,3.02739,0.00515175,0.00297436,-0.0721778
625.0,716.0,1890.69,3.02847,0.006869,0.0034345,0.615026
626.0,717.0,1893.71,3.02955,0.0120208,0.00454342,1.58784
627.0,718.0,1896.74,3.03064,0.0103035,0.00420639,1.12256
628.0,719.0,1899.77,3.03172,0.00171725,0.00171725,-2.80645
629.0,720.0,1902.81,3.0328,0.00515175,0.00297436,0.151199
630.0,721.0,1905.84,3.03389,0.00171725,0.00171725,-2.02918
631.0,722.0,1908.87,3.03497,0.0034345,0.00242856,-0.568855
632.0,723.0,1911.91,3.03605,0.006869,0.0034345,0.499047
633.0,724.0,1914.94,3.03714,0.006869,0.0034345,0.353356
634.0,725.0,1917.98,3.03822,0.006869,0.0034345,0.341869
635.0,726.0,1921.02,3.0393,0.00171725,0.00171725,-1.88039
636.0,727.0,1924.06,3.04039,0.00171725,0.00171725,-2.22016
637.0,728.0,1927.1,3.04147,0.0034345,0.00242856,-0.85362
638.0,729.0,1930.14,3.04255,0.0034345,0.00242856,-1.34608
639.0,730.0,1933.18,3.04364,0.00171725,0.00171725,-2.29683
640.0,731.0,1936.23,3.04472,0.00515175,0.00297436,-0.170536
641.0,732.0,1939.27,3.0458,0.0034345,0.00242856,-1.2564
642.0,733.0,1942.32,3.04689,0.00858625,0.00383989,0.714487
643.0,734.0,1945.36,3.04797,0.006869,0.0034345,0.505158
644.0,735.0,1948.41,3.04905,0.0,0.0,0.0
645.0,736.0,1951.46,3.05014,0.00171725,0.00171725,-2.38913
646.0,737.0,1954.51,3.05122,0.00515175,0.00297436,-0.360876
647.0,738.0,1957.56,3.0523,0.00858625,0.00383989,0.953261
648.0,739.0,1960.61,3.05339,0.00858625,0.00383989,0.734232
649.0,740.0,1963.67,3.05447,0.00858625,0.00383989,0.708038
650.0,741.0,1966.72,3.05555,0.00858625,0.00383989,0.562289
651.0,742.0,1969.78,3.05664,0.006869,0.0034345,0.29159
652.0,743.0,1972.83,3.05772,0.0103035,0.00420639,1.10863
653.0,744.0,1975.89,3.0588,0.013738,0.00485712,1.56812
654.0,745.0,1978.95,3.05989,0.0034345,0.00242856,-1.12718
655.0,746.0,1982.01,3.06097,0.0120208,0.00454342,1.3936
656.0,747.0,1985.07,3.06205,0.0034345,0.00242856,-1.14626
657.0,748.0,1988.13,3.06314,0.00515175,0.00297436,-0.609198
658.0,749.0,1991.2,3.06422,0.0034345,0.00242856,-0.931235
659.0,750.0,1994.26,3.0653,0.00171725,0.00171725,-2.298
660.0,751.0,1997.33,3.06639,0.006869,0.0034345,0.153251
661.0,752.0,2000.39,3.06747,0.00858625,0.00383989,0.575117
662.0,753.0,2003.46,3.06855,0.00858625,0.00383989,0.373701
663.0,754.0,2006.53,3.06964,0.006869,0.0034345,0.017483
664.0,755.0,2009.6,3.07072,0.0034345,0.00242856,-1.09469
665.0,756.0,2012.67,3.07181,0.00515175,0.00297436,-0.34959
666.0,757.0,2015.74,3.07289,0.00515175,0.00297436,-0.492744
667.0,758.0,2018.81,3.07397,0.00858625,0.00383989,0.66997
668.0,759.0,2021.89,3.07506,0.0034345,0.00242856,-0.960602
669.0,760.0,2024.96,3.07614,0.0103035,0.00420639,0.825451
670.0,761.0,2028.04,3.07722,0.00515175,0.00297436,-0.631732
671.0,762.0,2031.12,3.07831,0.00515175,0.00297436,-0.504854
672.0,763.0,2034.19,3.07939,0.00858625,0.00383989,0.573494
673.0,764.0,2037.27,3.08047,0.00858625,0.00383989,0.801135
674.0,765.0,2040.35,3.08156,0.0034345,0.00242856,-1.13291
675.0,766.0,2043.44,3.08264,0.0034345,0.00242856,-1.6067
676.0,767.0,2046.52,3.08372,0.0034345,0.00242856,-1.25893
677.0,768.0,2049.6,3.08481,0.006869,0.0034345,0.20921
678.0,769.0,2052.69,3.08589,0.0034345,0.00242856,-0.930018
679.0,770.0,2055.77,3.08697,0.00858625,0.00383989,0.497904
680.0,771.0,2058.86,3.08806,0.006869,0.0034345,0.369599
681.0,772.0,2061.95,3.08914,0.0103035,0.00420639,0.83418
682.0,773.0,2065.04,3.09022,0.013738,0.00485712,1.52815
683.0,774.0,2068.13,3.09131,0.0103035,0.00420639,0.941225
684.0,775.0,2071.22,3.09239,0.00515175,0.00297436,-0.408576
685.0,776.0,2074.31,3.09347,0.00171725,0.00171725,-2.8856
686.0,777.0,2077.4,3.09456,0.00858625,0.00383989,0.737456
687.0,778.0,2080.5,3.09564,0.00515175,0.00297436,-0.57028
688.0,779.0,2083.59,3.09672,0.00515175,0.00297436,-0.519371
689.0,780.0,2086.69,3.09781,0.0034345,0.00242856,-1.56774
690.0,781.0,2089.79,3.09889,0.00858625,0.00383989,0.384277
691.0,782.0,2092.89,3.09997,0.0103035,0.00420639,0.833444
692.0,783.0,2095.99,3.10106,0.00858625,0.00383989,0.296899
693.0,784.0,2099.09,3.10214,0.0034345,0.00242856,-1.30361
694.0,785.0,2102.19,3.10322,0.00515175,0.00297436,-0.652586
695.0,786.0,2105.29,3.10431,0.00171725,0.00171725,-2.57509
696.0,787.0,2108.4,3.10539,0.00858625,0.00383989,0.538811
697.0,788.0,2111.5,3.10647,0.00515175,0.00297436,-0.359969
698.0,789.0,2114.61,3.10756,0.0034345,0.00242856,-1.20494
699.0,790.0,2117.72,3.10864,0.00515175,0.00297436,-0.489743
700.0,791.0,2120.83,3.10972,0.00171725,0.00171725,-3.18355
701.0,792.0,2123.94,3.11081,0.0120208,0.00454342,1.23581
702.0,793.0,2127.05,3.11189,0.006869,0.0034345,0.0564189
703.0,794.0,2130.16,3.11297,0.0120208,0.00454342,1.02503
704.0,795.0,2133.27,3.11406,0.00858625,0.00383989,0.324859
705.0,796.0,2136.39,3.11514,0.006869,0.0034345,-0.326695
706.0,797.0,2139.5,3.11622,0.0034345,0.00242856,-1.58092
707.0,798.0,2142.62,3.11731,0.006869,0.0034345,0.0416177
708.0,799.0,2145.74,3.11839,0.0034345,0.00242856,-1.22011
709.0,800.0,2148.85,3.11947,0.006869,0.0034345,0.0416511
710.0,801.0,2151.97,3.12056,0.00858625,0.00383989,0.207289
711.0,802.0,2155.09,3.12164,0.013738,0.00485712,1.37855
712.0,803.0,2158.22,3.12273,0.00858625,0.00383989,0.479918
713.0,804.0,2161.34,3.12381,0.0034345,0.00242856,-1.67202
714.0,805.0,2164.46,3.12489,0.013738,0.00485712,1.22296
715.0,806.0,2167.59,3.12598,0.00515175,0.00297436,-0.902436
716.0,807.0,2170.71,3.12706,0.00515175,0.00297436,-0.88506
717.0,808.0,2173.84,3.12814,0.006869,0.0034345,-0.0824313
718.0,809.0,2176.97,3.12923,0.013738,0.00485712,1.22644
719.0,810.0,2180.1,3.13031,0.006869,0.0034345,-0.357123
720.0,811.0,2183.23,3.13139,0.00858625,0.00383989,0.105907
721.0,812.0,2186.36,3.13248,0.00515175,0.00297436,-0.852414
722.0,813.0,2189.49,3.13356,0.00171725,0.00171725,-3.29997
723.0,814.0,2192.62,3.13464,0.0120208,0.00454342,0.852996
724.0,815.0,2195.76,3.13573,0.0034345,0.00242856,-1.99532
725.0,816.0,2198.9,3.13681,0.006869,0.0034345,-0.288343
726.0,817.0,2202.03,3.13789,0.0103035,0.00420639,0.443279
727.0,818.0,2205.17,3.13898,0.0120208,0.00454342,0.896343
728.0,819.0,2208.31,3.14006,0.0154553,0.00515175,1.27488
729.0,820.0,2211.45,3.14114,0.013738,0.00485712,1.08696
730.0,821.0,2214.59,3.14223,0.006869,0.0034345,-0.395867
731.0,822.0,2217.73,3.14331,0.006869,0.0034345,-0.688328
732.0,823.0,2220.88,3.14439,0.00858625,0.00383989,0.119789
733.0,824.0,2224.02,3.14548,0.0034345,0.00242856,-2.55083
734.0,825.0,2227.17,3.14656,0.013738,0.00485712,1.00943
735.0,826.0,2230.31,3.14764,0.0103035,0.00420639,0.0487639
736.0,827.0,2233.46,3.14873,0.0103035,0.00420639,0.42325
737.0,828.0,2236.61,3.14981,0.00515175,0.00297436,-1.57141
738.0,829.0,2239.76,3.15089,0.0103035,0.00420639,0.0737629
739.0,830.0,2242.91,3.15198,0.006869,0.0034345,-0.550222
740.0,831.0,2246.06,3.15306,0.013738,0.00485712,0.800811
741.0,832.0,2249.21,3.15414,0.0120208,0.00454342,0.585223
742.0,833.0,2252.37,3.15523,0.0034345,0.00242856,-2.63545
743.0,834.0,2255.52,3.15631,0.0154553,0.00515175,1.13432
744.0,835.0,2258.68,3.15739,0.00858625,0.00383989,-0.412343
745.0,836.0,2261.84,3.15848,0.006869,0.0034345,-0.815212
746.0,837.0,2265.0,3.15956,0.006869,0.0034345,-0.798428
747.0,838.0,2268.16,3.16064,0.0103035,0.00420639,-0.178918
748.0,839.0,2271.32,3.16173,0.0171725,0.00543042,1.40438
749.0,840.0,2274.48,3.16281,0.0103035,0.00420639,-0.0362063
750.0,841.0,2277.64,3.16389,0.0120208,0.00454342,0.330074
751.0,842.0,2280.8,3.16498,0.00858625,0.00383989,-0.679337
752.0,843.0,2283.97,3.16606,0.0034345,0.00242856,-2.82007
753.0,844.0,2287.14,3.16714,0.0103035,0.00420639,-0.0390451
754.0,845.0,2290.3,3.16823,0.0120208,0.00454342,0.357768
755.0,846.0,2293.47,3.16931,0.013738,0.00485712,0.60577
756.0,847.0,2296.64,3.17039,0.00858625,0.00383989,-0.670815
757.0,848.0,2299.81,3.17148,0.0120208,0.00454342,0.33109
758.0,849.0,2302.98,3.17256,0.0034345,0.00242856,-3.33195
759.0,850.0,2306.15,3.17365,0.0171725,0.00543042,1.07333
760.0,851.0,2309.33,3.17473,0.0188898,0.00569547,1.49844
761.0,852.0,2312.5,3.17581,0.0034345,0.00242856,-3.0218
762.0,853.0,2315.68,3.1769,0.013738,0.00485712,0.533884
763.0,854.0,2318.86,3.17798,0.006869,0.0034345,-1.66813
764.0,855.0,2322.03,3.17906,0.0171725,0.00543042,1.12495
765.0,856.0,2325.21,3.18015,0.00171725,0.00171725,-5.2302
766.0,857.0,2328.39,3.18123,0.0171725,0.00543042,0.898319
767.0,858.0,2331.57,3.18231,0.0154553,0.00515175,0.895895
768.0,859.0,2334.76,3.1834,0.0154553,0.00515175,0.729708
769.0,860.0,2337.94,3.18448,0.00858625,0.00383989,-0.714814
770.0,861.0,2341.12,3.18556,0.0034345,0.00242856,-3.00526
771.0,862.0,2344.31,3.18665,0.006869,0.0034345,-1.30621
772.0,863.0,2347.5,3.18773,0.0120208,0.00454342,-0.148938
773.0,864.0,2350.68,3.18881,0.00858625,0.00383989,-0.883188
774.0,865.0,2353.87,3.1899,0.0120208,0.00454342,0.0826075
775.0,866.0,2357.06,3.19098,0.00858625,0.00383989,-1.09893
776.0,867.0,2360.25,3.19206,0.0120208,0.00454342,0.232741
777.0,868.0,2363.45,3.19315,0.0120208,0.00454342,-0.0071808
778.0,869.0,2366.64,3.19423,0.0171725,0.00543042,1.2747
779.0,870.0,2369.83,3.19531,0.00858625,0.00383989,-0.979701
780.0,871.0,2373.03,3.1964,0.0120208,0.00454342,0.263933
781.0,872.0,2376.23,3.19748,0.0034345,0.00242856,-3.29242
782.0,873.0,2379.42,3.19856,0.013738,0.00485712,0.394429
783.0,874.0,2382.62,3.19965,0.0120208,0.00454342,0.126117
784.0,875.0,2385.82,3.20073,0.0120208,0.00454342,0.0871441
785.0,876.0,2389.02,3.20181,0.0154553,0.00515175,0.589618
786.0,877.0,2392.22,3.2029,0.006869,0.0034345,-1.48512
787.0,878.0,2395.43,3.20398,0.006869,0.0034345,-1.24523
788.0,879.0,2398.63,3.20506,0.020607,0.00594873,1.51548
789.0,880.0,2401.84,3.20615,0.013738,0.00485712,0.553059
790.0,881.0,2405.04,3.20723,0.0120208,0.00454342,0.152875
791.0,882.0,2408.25,3.20831,0.013738,0.00485712,0.512871
792.0,883.0,2411.46,3.2094,0.0120208,0.00454342,0.120683
793.0,884.0,2414.67,3.21048,0.006869,0.0034345,-1.08392
794.0,885.0,2417.88,3.21156,0.0034345,0.00242856,-2.70263
795.0,886.0,2421.09,3.21265,0.006869,0.0034345,-1.0204
796.0,887.0,2424.3,3.21373,0.0171725,0.00543042,1.088
797.0,888.0,2427.51,3.21481,0.013738,0.00485712,0.731828
798.0,889.0,2430.73,3.2159,0.0120208,0.00454342,0.45841
799.0,890.0,2433.95,3.21698,0.0103035,0.00420639,0.00034616
800.0,891.0,2437.16,3.21806,0.006869,0.0034345,-1.17958
801.0,892.0,2440.38,3.21915,0.0103035,0.00420639,0.113318
802.0,893.0,2443.6,3.22023,0.013738,0.00485712,0.838586
803.0,894.0,2446.82,3.22131,0.00515175,0.00297436,-1.314
804.0,895.0,2450.04,3.2224,0.0154553,0.00515175,1.27676
805.0,896.0,2453.26,3.22348,0.013738,0.00485712,0.836048
806.0,897.0,2456.49,3.22457,0.00515175,0.00297436,-1.67415
807.0,898.0,2459.71,3.22565,0.0120208,0.00454342,0.615946
808.0,899.0,2462.94,3.22673,0.00858625,0.00383989,-0.0521695
809.0,900.0,2466.16,3.22782,0.0188898,0.00569547,1.77776
810.0,901.0,2469.39,3.2289,0.0120208,0.00454342,0.737966
811.0,902.0,2472.62,3.22998,0.0103035,0.00420639,0.430328
812.0,903.0,2475.85,3.23107,0.0034345,0.00242856,-1.89182
813.0,904.0,2479.08,3.23215,0.0103035,0.00420639,0.384344
814.0,905.0,2482.31,3.23323,0.00515175,0.00297436,-1.11478
815.0,906.0,2485.55,3.23432,0.006869,0.0034345,-0.442004
816.0,907.0,2488.78,3.2354,0.00858625,0.00383989,0.267661
817.0,908.0,2492.02,3.23648,0.006869,0.0034345,0.193887
818.0,909.0,2495.25,3.23757,0.006869,0.0034345,-0.27194
819.0,910.0,2498.49,3.23865,0.0034345,0.00242856,-1.08242
820.0,911.0,2501.73,3.23973,0.0120208,0.00454342,1.11008
821.0,912.0,2504.97,3.24082,0.0034345,0.00242856,-1.18139
822.0,913.0,2508.21,3.2419,0.0103035,0.00420639,1.09051
823.0,914.0,2511.45,3.24298,0.0034345,0.00242856,-1.0639
824.0,915.0,2514.69,3.24407,0.00171725,0.00171725,-2.47438
825.0,916.0,2517.94,3.24515,0.00515175,0.00297436,-0.22759
826.0,917.0,2521.18,3.24623,0.00515175,0.00297436,-0.035551
827.0,918.0,2524.43,3.24732,0.00515175,0.00297436,-0.0437378
828.0,919.0,2527.68,3.2484,0.00515175,0.00297436,-0.265163
829.0,920.0,2530.93,3.24948,0.0034345,0.00242856,-0.480011
830.0,921.0,2534.18,3.25057,0.0034345,0.00242856,-0.45444
831.0,922.0,2537.43,3.25165,0.0034345,0.00242856,-0.752455
832.0,923.0,2540.68,3.25273,0.0034345,0.00242856,-0.933782
833.0,924.0,2543.93,3.25382,0.00515175,0.00297436,0.0923791
834.0,925.0,2547.18,3.2549,0.0103035,0.00420639,1.31987
835.0,926.0,2550.44,3.25598,0.0034345,0.00242856,-0.675372
836.0,927.0,2553.7,3.25707,0.0,0.0,0.0
837.0,928.0,2556.95,3.25815,0.00171725,0.00171725,-1.23109
838.0,929.0,2560.21,3.25923,0.0034345,0.00242856,-0.178085
839.0,930.0,2563.47,3.26032,0.006869,0.0034345,0.935305
840.0,931.0,2566.73,3.2614,0.0034345,0.00242856,-0.420305
841.0,932.0,2569.99,3.26248,0.00171725,0.00171725,-0.606893
842.0,933.0,2573.25,3.26357,0.0034345,0.00242856,0.110284
843.0,934.0,2576.52,3.26465,0.0034345,0.00242856,-0.0235167
844.0,935.0,2579.78,3.26573,0.0034345,0.00242856,0.0800997
845.0,936.0,2583.05,3.26682,0.00171725,0.00171725,-0.945198
846.0,937.0,2586.31,3.2679,0.00515175,0.00297436,0.589644
847.0,938.0,2589.58,3.26898,0.00515175,0.00297436,0.815468
848.0,939.0,2592.85,3.27007,0.00515175,0.00297436,0.76303
849.0,940.0,2596.12,3.27115,0.0034345,0.00242856,0.322595
850.0,941.0,2599.39,3.27223,0.00515175,0.00297436,0.898489
851.0,942.0,2602.67,3.27332,0.006869,0.0034345,1.3366
852.0,943.0,2605.94,3.2744,0.0034345,0.00242856,0.579452
853.0,944.0,2609.21,3.27549,0.0,0.0,0.0
854.0,945.0,2612.49,3.27657,0.00171725,0.00171725,-0.373303
855.0,946.0,2615.76,3.27765,0.0,0.0,0.0
856.0,947.0,2619.04,3.27874,0.0034345,0.00242856,0.580718
857.0,948.0,2622.32,3.27982,0.0034345,0.00242856,0.570866
858.0,949.0,2625.6,3.2809,0.00171725,0.00171725,0.045619
859.0,950.0,2628.88,3.28199,0.0034345,0.00242856,0.730676
