radius,temperature_MK,density_log_10,shell_mass_solar,be7_mass_fraction,pp fraction,8B fraction,13N fraction,15O fraction,17F fraction,7Be fraction,pep fraction,hep fraction
0.00649,15.702,2.011,3.048e-05,1.737e-11,0.0001889,0.002375,0.001914,0.002178,0.002241,0.0009508,0.0002977,7.695e-05
0.00659,15.701,2.011,1.427e-06,1.737e-11,8.842e-06,0.0001111,8.953e-05,0.0001019,0.0001048,4.449e-05,1.393e-05,3.602e-06
0.0067,15.701,2.011,1.493e-06,1.736e-11,9.254e-06,0.0001162,9.364e-05,0.0001065,0.0001096,4.655e-05,1.458e-05,3.771e-06
0.0068,15.7,2.011,1.562e-06,1.736e-11,9.684e-06,0.0001215,9.793e-05,0.0001114,0.0001146,4.87e-05,1.526e-05,3.947e-06
0.0069,15.7,2.011,1.635e-06,1.735e-11,1.014e-05,0.0001271,0.0001024,0.0001165,0.0001199,5.095e-05,1.597e-05,4.131e-06
0.00701,15.699,2.011,1.711e-06,1.735e-11,1.061e-05,0.0001329,0.0001071,0.0001219,0.0001254,5.33e-05,1.671e-05,4.324e-06
0.00712,15.699,2.011,1.791e-06,1.735e-11,1.11e-05,0.000139,0.000112,0.0001274,0.0001311,5.576e-05,1.749e-05,4.526e-06
0.00723,15.698,2.011,1.874e-06,1.734e-11,1.162e-05,0.0001454,0.0001171,0.0001332,0.0001371,5.833e-05,1.83e-05,4.737e-06
0.00734,15.698,2.011,1.961e-06,1.734e-11,1.215e-05,0.000152,0.0001225,0.0001393,0.0001434,6.102e-05,1.914e-05,4.959e-06
0.00745,15.697,2.011,2.052e-06,1.733e-11,1.272e-05,0.000159,0.000128,0.0001457,0.0001499,6.383e-05,2.003e-05,5.19e-06
0.00756,15.696,2.011,2.147e-06,1.733e-11,1.331e-05,0.0001662,0.0001339,0.0001523,0.0001568,6.677e-05,2.096e-05,5.432e-06
0.00768,15.696,2.011,2.246e-06,1.733e-11,1.393e-05,0.0001738,0.0001399,0.0001592,0.0001639,6.984e-05,2.193e-05,5.685e-06
0.0078,15.695,2.011,2.35e-06,1.732e-11,1.457e-05,0.0001817,0.0001463,0.0001664,0.0001713,7.304e-05,2.294e-05,5.95e-06
0.00792,15.694,2.011,2.459e-06,1.732e-11,1.525e-05,0.0001899,0.0001529,0.000174,0.0001791,7.639e-05,2.4e-05,6.227e-06
0.00804,15.694,2.011,2.573e-06,1.731e-11,1.595e-05,0.0001985,0.0001599,0.0001819,0.0001872,7.99e-05,2.511e-05,6.516e-06
0.00816,15.693,2.011,2.691e-06,1.731e-11,1.669e-05,0.0002075,0.0001671,0.0001901,0.0001957,8.355e-05,2.627e-05,6.819e-06
0.00829,15.692,2.01,2.816e-06,1.73e-11,1.746e-05,0.0002169,0.0001746,0.0001987,0.0002046,8.738e-05,2.748e-05,7.136e-06
0.00841,15.692,2.01,2.945e-06,1.729e-11,1.827e-05,0.0002267,0.0001825,0.0002076,0.0002138,9.137e-05,2.875e-05,7.468e-06
0.00854,15.691,2.01,3.081e-06,1.729e-11,1.911e-05,0.000237,0.0001907,0.000217,0.0002234,9.554e-05,3.007e-05,7.815e-06
0.00867,15.69,2.01,3.223e-06,1.728e-11,1.999e-05,0.0002476,0.0001993,0.0002267,0.0002335,9.989e-05,3.145e-05,8.177e-06
0.00881,15.689,2.01,3.371e-06,1.728e-11,2.091e-05,0.0002588,0.0002082,0.0002369,0.000244,0.0001044,3.29e-05,8.557e-06
0.00894,15.688,2.01,3.526e-06,1.727e-11,2.187e-05,0.0002704,0.0002176,0.0002475,0.0002549,0.0001092,3.441e-05,8.953e-06
0.00908,15.687,2.01,3.688e-06,1.726e-11,2.288e-05,0.0002825,0.0002273,0.0002586,0.0002663,0.0001142,3.599e-05,9.368e-06
0.00922,15.687,2.01,3.858e-06,1.726e-11,2.393e-05,0.0002951,0.0002374,0.0002701,0.0002783,0.0001193,3.764e-05,9.801e-06
0.00936,15.686,2.01,4.034e-06,1.725e-11,2.503e-05,0.0003083,0.000248,0.0002822,0.0002907,0.0001247,3.936e-05,1.025e-05
0.0095,15.685,2.01,4.219e-06,1.724e-11,2.618e-05,0.0003221,0.000259,0.0002947,0.0003036,0.0001304,4.116e-05,1.073e-05
0.00964,15.684,2.01,4.412e-06,1.724e-11,2.738e-05,0.0003364,0.0002705,0.0003078,0.0003171,0.0001363,4.304e-05,1.122e-05
0.00979,15.683,2.01,4.614e-06,1.723e-11,2.863e-05,0.0003513,0.0002825,0.0003214,0.0003312,0.0001424,4.5e-05,1.174e-05
0.00994,15.682,2.01,4.824e-06,1.722e-11,2.994e-05,0.0003669,0.000295,0.0003356,0.0003458,0.0001488,4.705e-05,1.228e-05
0.01009,15.681,2.01,5.044e-06,1.721e-11,3.13e-05,0.0003831,0.000308,0.0003504,0.0003611,0.0001555,4.919e-05,1.285e-05
0.01025,15.68,2.01,5.273e-06,1.721e-11,3.273e-05,0.0004,0.0003215,0.0003658,0.000377,0.0001625,5.142e-05,1.344e-05
0.0104,15.678,2.01,5.513e-06,1.72e-11,3.422e-05,0.0004176,0.0003357,0.0003819,0.0003936,0.0001698,5.376e-05,1.406e-05
0.01056,15.677,2.009,5.763e-06,1.719e-11,3.578e-05,0.000436,0.0003503,0.0003986,0.0004109,0.0001774,5.619e-05,1.47e-05
0.01072,15.676,2.009,6.025e-06,1.718e-11,3.74e-05,0.000455,0.0003656,0.000416,0.0004289,0.0001853,5.873e-05,1.538e-05
0.01088,15.675,2.009,6.297e-06,1.717e-11,3.91e-05,0.0004749,0.0003816,0.0004341,0.0004476,0.0001935,6.139e-05,1.608e-05
0.01105,15.673,2.009,6.582e-06,1.716e-11,4.087e-05,0.0004956,0.0003981,0.000453,0.000467,0.0002021,6.415e-05,1.682e-05
0.01122,15.672,2.009,6.879e-06,1.715e-11,4.271e-05,0.0005171,0.0004154,0.0004726,0.0004873,0.0002111,6.704e-05,1.758e-05
0.01139,15.671,2.009,7.188e-06,1.714e-11,4.464e-05,0.0005395,0.0004333,0.000493,0.0005084,0.0002204,7.005e-05,1.839e-05
0.01156,15.669,2.009,7.512e-06,1.713e-11,4.665e-05,0.0005628,0.0004519,0.0005142,0.0005303,0.0002301,7.32e-05,1.922e-05
0.01173,15.668,2.009,7.849e-06,1.712e-11,4.875e-05,0.0005871,0.0004713,0.0005362,0.0005531,0.0002403,7.647e-05,2.01e-05
0.01191,15.667,2.009,8.2e-06,1.711e-11,5.094e-05,0.0006123,0.0004915,0.0005591,0.0005768,0.0002508,7.989e-05,2.101e-05
0.01209,15.665,2.009,8.567e-06,1.71e-11,5.322e-05,0.0006385,0.0005124,0.000583,0.0006015,0.0002618,8.345e-05,2.196e-05
0.01227,15.663,2.009,8.949e-06,1.709e-11,5.56e-05,0.0006657,0.0005342,0.0006077,0.0006271,0.0002733,8.716e-05,2.296e-05
0.01246,15.662,2.008,9.348e-06,1.707e-11,5.808e-05,0.0006939,0.0005567,0.0006334,0.0006537,0.0002852,9.103e-05,2.4e-05
0.01264,15.66,2.008,9.763e-06,1.706e-11,6.067e-05,0.0007233,0.0005802,0.0006601,0.0006813,0.0002976,9.507e-05,2.508e-05
0.01283,15.658,2.008,1.02e-05,1.705e-11,6.337e-05,0.0007538,0.0006046,0.0006878,0.00071,0.0003105,9.927e-05,2.621e-05
0.01303,15.657,2.008,1.065e-05,1.704e-11,6.618e-05,0.0007854,0.0006298,0.0007166,0.0007398,0.0003239,0.0001036,2.739e-05
0.01322,15.655,2.008,1.112e-05,1.702e-11,6.91e-05,0.0008183,0.000656,0.0007464,0.0007707,0.0003378,0.0001082,2.862e-05
0.01342,15.653,2.008,1.161e-05,1.701e-11,7.215e-05,0.0008523,0.0006832,0.0007773,0.0008027,0.0003523,0.0001129,2.99e-05
0.01362,15.651,2.008,1.211e-05,1.699e-11,7.533e-05,0.0008877,0.0007114,0.0008094,0.0008359,0.0003674,0.0001179,3.124e-05
0.01383,15.649,2.008,1.265e-05,1.698e-11,7.863e-05,0.0009243,0.0007406,0.0008426,0.0008704,0.000383,0.000123,3.263e-05
0.01403,15.647,2.007,1.32e-05,1.696e-11,8.208e-05,0.0009623,0.0007709,0.000877,0.000906,0.0003993,0.0001284,3.408e-05
0.01424,15.645,2.007,1.377e-05,1.695e-11,8.566e-05,0.001002,0.0008022,0.0009127,0.000943,0.0004162,0.0001339,3.56e-05
0.01445,15.643,2.007,1.437e-05,1.693e-11,8.939e-05,0.001042,0.0008347,0.0009496,0.0009813,0.0004337,0.0001397,3.718e-05
0.01467,15.641,2.007,1.499e-05,1.692e-11,9.326e-05,0.001084,0.0008682,0.0009878,0.001021,0.0004519,0.0001457,3.882e-05
0.01489,15.639,2.007,1.564e-05,1.69e-11,9.73e-05,0.001128,0.000903,0.001027,0.001062,0.0004708,0.000152,4.053e-05
0.01511,15.636,2.007,1.631e-05,1.688e-11,0.0001015,0.001173,0.0009389,0.001068,0.001104,0.0004904,0.0001585,4.231e-05
0.01533,15.634,2.007,1.701e-05,1.686e-11,0.0001059,0.00122,0.000976,0.00111,0.001148,0.0005107,0.0001653,4.416e-05
0.01556,15.631,2.006,1.773e-05,1.685e-11,0.0001104,0.001268,0.001014,0.001154,0.001193,0.0005317,0.0001723,4.609e-05
0.01579,15.629,2.006,1.849e-05,1.683e-11,0.0001151,0.001318,0.001054,0.001199,0.00124,0.0005536,0.0001796,4.81e-05
0.01602,15.626,2.006,1.927e-05,1.681e-11,0.00012,0.001369,0.001095,0.001246,0.001289,0.0005761,0.0001871,5.019e-05
0.01626,15.624,2.006,2.008e-05,1.679e-11,0.0001251,0.001422,0.001137,0.001294,0.001338,0.0005995,0.000195,5.236e-05
0.01649,15.621,2.006,2.093e-05,1.677e-11,0.0001303,0.001477,0.00118,0.001343,0.00139,0.0006237,0.0002031,5.462e-05
0.01674,15.618,2.005,2.18e-05,1.675e-11,0.0001358,0.001534,0.001225,0.001394,0.001443,0.0006488,0.0002116,5.697e-05
0.01698,15.615,2.005,2.271e-05,1.672e-11,0.0001415,0.001592,0.001271,0.001446,0.001497,0.0006747,0.0002203,5.941e-05
0.01723,15.612,2.005,2.365e-05,1.67e-11,0.0001474,0.001652,0.001319,0.001501,0.001554,0.0007015,0.0002294,6.195e-05
0.01748,15.609,2.005,2.463e-05,1.668e-11,0.0001535,0.001713,0.001368,0.001556,0.001612,0.0007291,0.0002388,6.458e-05
0.01773,15.606,2.005,2.564e-05,1.666e-11,0.0001598,0.001777,0.001418,0.001613,0.001671,0.0007577,0.0002485,6.731e-05
0.01799,15.603,2.004,2.669e-05,1.663e-11,0.0001664,0.001842,0.00147,0.001672,0.001732,0.0007872,0.0002586,7.015e-05
0.01825,15.6,2.004,2.777e-05,1.661e-11,0.0001731,0.001909,0.001523,0.001733,0.001795,0.0008176,0.0002691,7.31e-05
0.01851,15.596,2.004,2.889e-05,1.658e-11,0.0001802,0.001978,0.001577,0.001795,0.00186,0.000849,0.0002798,7.615e-05
0.01878,15.593,2.004,3.006e-05,1.656e-11,0.0001874,0.002048,0.001633,0.001858,0.001926,0.0008814,0.000291,7.932e-05
0.01905,15.589,2.004,3.126e-05,1.653e-11,0.000195,0.002121,0.001691,0.001923,0.001994,0.0009147,0.0003025,8.26e-05
0.01932,15.586,2.003,3.25e-05,1.65e-11,0.0002028,0.002195,0.001749,0.00199,0.002064,0.0009491,0.0003145,8.6e-05
0.0196,15.582,2.003,3.378e-05,1.647e-11,0.0002108,0.002271,0.001809,0.002059,0.002135,0.0009844,0.0003268,8.953e-05
0.01987,15.578,2.003,3.511e-05,1.644e-11,0.0002191,0.002349,0.001871,0.002129,0.002208,0.001021,0.0003395,9.317e-05
0.02016,15.574,2.003,3.648e-05,1.641e-11,0.0002277,0.002429,0.001934,0.0022,0.002283,0.001058,0.0003526,9.695e-05
0.02044,15.57,2.002,3.789e-05,1.638e-11,0.0002366,0.00251,0.001998,0.002273,0.00236,0.001097,0.0003661,0.0001009
0.02073,15.566,2.002,3.935e-05,1.635e-11,0.0002457,0.002593,0.002064,0.002348,0.002438,0.001136,0.00038,0.0001049
0.02102,15.562,2.002,4.085e-05,1.632e-11,0.0002551,0.002678,0.002131,0.002424,0.002517,0.001176,0.0003944,0.0001091
0.02131,15.558,2.001,4.24e-05,1.629e-11,0.0002648,0.002765,0.002199,0.002502,0.002598,0.001218,0.0004092,0.0001134
0.02161,15.554,2.001,4.4e-05,1.626e-11,0.0002749,0.002853,0.002268,0.002581,0.002681,0.001261,0.0004244,0.0001179
0.02191,15.549,2.001,4.564e-05,1.622e-11,0.0002852,0.002943,0.002339,0.002661,0.002765,0.001304,0.0004401,0.0001225
0.02221,15.544,2.001,4.733e-05,1.619e-11,0.0002958,0.003034,0.002411,0.002743,0.002851,0.001349,0.0004562,0.0001272
0.02252,15.54,2.0,4.907e-05,1.615e-11,0.0003067,0.003127,0.002484,0.002826,0.002938,0.001394,0.0004727,0.0001321
0.02283,15.535,2.0,5.086e-05,1.611e-11,0.000318,0.003221,0.002558,0.00291,0.003026,0.001441,0.0004897,0.0001372
0.02314,15.53,2.0,5.27e-05,1.608e-11,0.0003295,0.003316,0.002633,0.002996,0.003116,0.001489,0.0005071,0.0001424
0.02345,15.525,1.999,5.459e-05,1.604e-11,0.0003414,0.003413,0.00271,0.003083,0.003207,0.001537,0.000525,0.0001478
0.02377,15.52,1.999,5.653e-05,1.6e-11,0.0003536,0.003511,0.002787,0.00317,0.003299,0.001587,0.0005434,0.0001533
0.02409,15.515,1.999,5.852e-05,1.596e-11,0.0003661,0.00361,0.002865,0.003259,0.003392,0.001638,0.0005622,0.000159
0.02442,15.509,1.998,6.056e-05,1.592e-11,0.0003789,0.00371,0.002943,0.003349,0.003486,0.001689,0.0005815,0.0001649
0.02474,15.504,1.998,6.265e-05,1.587e-11,0.000392,0.003812,0.003023,0.003439,0.003581,0.001742,0.0006012,0.0001709
0.02507,15.498,1.997,6.479e-05,1.583e-11,0.0004055,0.003914,0.003103,0.00353,0.003676,0.001795,0.0006214,0.0001771
0.0254,15.493,1.997,6.699e-05,1.579e-11,0.0004193,0.004016,0.003184,0.003622,0.003773,0.00185,0.000642,0.0001834
0.02574,15.487,1.997,6.923e-05,1.574e-11,0.0004334,0.00412,0.003265,0.003714,0.00387,0.001905,0.0006631,0.00019
0.02608,15.481,1.996,7.153e-05,1.57e-11,0.0004478,0.004224,0.003347,0.003807,0.003968,0.001961,0.0006846,0.0001967
0.02642,15.475,1.996,7.387e-05,1.565e-11,0.0004626,0.004328,0.003429,0.003901,0.004066,0.002018,0.0007065,0.0002035
0.02676,15.469,1.995,7.627e-05,1.56e-11,0.0004777,0.004432,0.003511,0.003994,0.004164,0.002075,0.0007289,0.0002106
0.0271,15.463,1.995,7.871e-05,1.556e-11,0.000493,0.004537,0.003593,0.004088,0.004262,0.002133,0.0007518,0.0002178
0.02745,15.456,1.995,8.121e-05,1.551e-11,0.0005087,0.004642,0.003675,0.004181,0.004361,0.002192,0.000775,0.0002252
0.0278,15.45,1.994,8.376e-05,1.546e-11,0.0005247,0.004747,0.003758,0.004275,0.004459,0.002252,0.0007987,0.0002328
0.02815,15.443,1.994,8.635e-05,1.54e-11,0.0005411,0.004851,0.00384,0.004368,0.004558,0.002312,0.0008228,0.0002405
0.02851,15.437,1.993,8.899e-05,1.535e-11,0.0005577,0.004955,0.003922,0.004461,0.004656,0.002372,0.0008472,0.0002484
0.02887,15.43,1.993,9.168e-05,1.53e-11,0.0005746,0.005059,0.004003,0.004554,0.004753,0.002434,0.0008721,0.0002565
0.02923,15.423,1.992,9.442e-05,1.525e-11,0.0005918,0.005162,0.004084,0.004646,0.004851,0.002495,0.0008974,0.0002648
0.02959,15.416,1.992,9.72e-05,1.519e-11,0.0006093,0.005264,0.004165,0.004738,0.004947,0.002557,0.000923,0.0002732
0.02995,15.409,1.991,0.0001,1.513e-11,0.000627,0.005365,0.004244,0.004829,0.005043,0.00262,0.000949,0.0002818
0.03032,15.401,1.991,0.0001029,1.508e-11,0.0006451,0.005465,0.004324,0.004919,0.005137,0.002682,0.0009753,0.0002906
0.03068,15.394,1.99,0.0001058,1.502e-11,0.0006634,0.005565,0.004402,0.005008,0.005231,0.002745,0.001002,0.0002996
0.03105,15.386,1.99,0.0001088,1.496e-11,0.000682,0.005662,0.004479,0.005095,0.005323,0.002808,0.001029,0.0003087
0.03143,15.379,1.989,0.0001118,1.49e-11,0.0007008,0.005759,0.004555,0.005182,0.005415,0.002871,0.001056,0.0003179
0.0318,15.371,1.989,0.0001148,1.484e-11,0.0007199,0.005853,0.00463,0.005267,0.005504,0.002934,0.001084,0.0003274
0.03218,15.363,1.988,0.0001179,1.478e-11,0.0007392,0.005946,0.004704,0.005351,0.005593,0.002998,0.001112,0.000337
0.03255,15.355,1.988,0.000121,1.472e-11,0.0007588,0.006037,0.004776,0.005433,0.005679,0.003061,0.00114,0.0003468
0.03293,15.347,1.987,0.0001242,1.465e-11,0.0007785,0.006126,0.004847,0.005514,0.005764,0.003124,0.001168,0.0003567
0.03331,15.339,1.987,0.0001274,1.459e-11,0.0007985,0.006213,0.004916,0.005593,0.005847,0.003187,0.001197,0.0003668
0.03369,15.33,1.986,0.0001306,1.453e-11,0.0008187,0.006298,0.004984,0.00567,0.005928,0.00325,0.001226,0.000377
0.03408,15.322,1.986,0.0001338,1.446e-11,0.0008391,0.006381,0.00505,0.005745,0.006007,0.003312,0.001255,0.0003874
0.03446,15.313,1.985,0.0001371,1.439e-11,0.0008596,0.006461,0.005114,0.005818,0.006084,0.003374,0.001284,0.0003979
0.03485,15.305,1.984,0.0001404,1.433e-11,0.0008804,0.006538,0.005176,0.005889,0.006158,0.003436,0.001313,0.0004086
0.03524,15.296,1.984,0.0001438,1.426e-11,0.0009013,0.006613,0.005237,0.005958,0.00623,0.003497,0.001343,0.0004194
0.03563,15.287,1.983,0.0001472,1.419e-11,0.0009223,0.006685,0.005295,0.006024,0.0063,0.003558,0.001373,0.0004303
0.03602,15.278,1.983,0.0001506,1.412e-11,0.0009435,0.006754,0.005352,0.006088,0.006367,0.003618,0.001402,0.0004414
0.03641,15.269,1.982,0.000154,1.405e-11,0.0009649,0.006821,0.005406,0.00615,0.006432,0.003678,0.001432,0.0004526
0.0368,15.26,1.981,0.0001574,1.398e-11,0.0009863,0.006884,0.005458,0.00621,0.006494,0.003736,0.001462,0.0004639
0.03719,15.25,1.981,0.0001609,1.391e-11,0.001008,0.006945,0.005508,0.006266,0.006553,0.003795,0.001492,0.0004754
0.03759,15.241,1.98,0.0001644,1.383e-11,0.00103,0.007002,0.005556,0.006321,0.006609,0.003852,0.001522,0.000487
0.03798,15.231,1.979,0.0001679,1.376e-11,0.001051,0.007056,0.005601,0.006372,0.006663,0.003909,0.001553,0.0004987
0.03838,15.222,1.979,0.0001715,1.368e-11,0.001073,0.007107,0.005645,0.006421,0.006713,0.003965,0.001583,0.0005105
0.03878,15.212,1.978,0.000175,1.361e-11,0.001095,0.007155,0.005685,0.006468,0.006761,0.00402,0.001613,0.0005224
0.03917,15.202,1.977,0.0001786,1.353e-11,0.001117,0.007199,0.005724,0.006512,0.006806,0.004074,0.001643,0.0005344
0.03957,15.192,1.977,0.0001822,1.346e-11,0.001139,0.00724,0.00576,0.006553,0.006848,0.004127,0.001673,0.0005465
0.03997,15.182,1.976,0.0001857,1.338e-11,0.001161,0.007278,0.005793,0.006591,0.006887,0.004179,0.001703,0.0005588
0.04037,15.172,1.975,0.0001894,1.33e-11,0.001184,0.007313,0.005825,0.006626,0.006923,0.00423,0.001734,0.0005711
0.04077,15.162,1.975,0.000193,1.323e-11,0.001206,0.007344,0.005853,0.006659,0.006956,0.00428,0.001764,0.0005835
0.04117,15.152,1.974,0.0001966,1.315e-11,0.001228,0.007372,0.00588,0.006689,0.006986,0.004329,0.001793,0.000596
0.04158,15.142,1.973,0.0002002,1.307e-11,0.00125,0.007396,0.005904,0.006716,0.007013,0.004376,0.001823,0.0006086
0.04198,15.131,1.973,0.0002039,1.299e-11,0.001272,0.007418,0.005925,0.006741,0.007037,0.004423,0.001853,0.0006212
0.04238,15.121,1.972,0.0002075,1.291e-11,0.001295,0.007435,0.005945,0.006763,0.007058,0.004468,0.001883,0.000634
0.04278,15.11,1.971,0.0002112,1.283e-11,0.001317,0.00745,0.005961,0.006782,0.007076,0.004513,0.001912,0.0006468
0.04319,15.099,1.97,0.0002148,1.275e-11,0.001339,0.007461,0.005976,0.006798,0.007091,0.004556,0.001941,0.0006596
0.04359,15.088,1.97,0.0002185,1.267e-11,0.001361,0.007469,0.005988,0.006812,0.007104,0.004597,0.001971,0.0006726
0.04399,15.078,1.969,0.0002222,1.258e-11,0.001383,0.007474,0.005998,0.006823,0.007113,0.004638,0.002,0.0006856
0.0444,15.067,1.968,0.0002259,1.25e-11,0.001405,0.007476,0.006005,0.006831,0.007119,0.004677,0.002028,0.0006987
0.0448,15.056,1.968,0.0002295,1.242e-11,0.001427,0.007475,0.00601,0.006837,0.007123,0.004715,0.002057,0.0007118
0.04521,15.045,1.967,0.0002332,1.233e-11,0.001449,0.00747,0.006013,0.006841,0.007124,0.004752,0.002086,0.000725
0.04561,15.033,1.966,0.0002369,1.225e-11,0.001471,0.007463,0.006014,0.006842,0.007122,0.004787,0.002114,0.0007382
0.04601,15.022,1.965,0.0002405,1.217e-11,0.001493,0.007452,0.006013,0.00684,0.007117,0.004821,0.002142,0.0007515
0.04642,15.011,1.964,0.0002442,1.208e-11,0.001515,0.007439,0.006009,0.006836,0.00711,0.004854,0.00217,0.0007648
0.04682,15.0,1.964,0.0002479,1.2e-11,0.001537,0.007423,0.006004,0.00683,0.0071,0.004885,0.002197,0.0007781
0.04723,14.988,1.963,0.0002516,1.191e-11,0.001558,0.007404,0.005996,0.006821,0.007088,0.004916,0.002225,0.0007915
0.04763,14.977,1.962,0.0002552,1.183e-11,0.00158,0.007382,0.005987,0.006811,0.007073,0.004944,0.002252,0.000805
0.04804,14.965,1.961,0.0002589,1.174e-11,0.001601,0.007358,0.005975,0.006798,0.007056,0.004972,0.002279,0.0008184
0.04844,14.953,1.961,0.0002625,1.166e-11,0.001623,0.007331,0.005962,0.006782,0.007037,0.004998,0.002305,0.0008319
0.04884,14.942,1.96,0.0002662,1.157e-11,0.001644,0.007302,0.005947,0.006765,0.007015,0.005023,0.002332,0.0008455
0.04925,14.93,1.959,0.0002698,1.149e-11,0.001665,0.00727,0.00593,0.006746,0.006991,0.005046,0.002358,0.000859
0.04965,14.918,1.958,0.0002735,1.14e-11,0.001686,0.007236,0.005911,0.006724,0.006965,0.005069,0.002384,0.0008726
0.05006,14.906,1.957,0.0002771,1.132e-11,0.001707,0.007199,0.005891,0.006701,0.006936,0.00509,0.002409,0.0008862
0.05046,14.894,1.957,0.0002808,1.123e-11,0.001728,0.007161,0.005869,0.006676,0.006906,0.005109,0.002434,0.0008998
0.05086,14.882,1.956,0.0002844,1.114e-11,0.001748,0.00712,0.005845,0.006649,0.006874,0.005128,0.002459,0.0009134
0.05127,14.87,1.955,0.000288,1.106e-11,0.001769,0.007077,0.00582,0.00662,0.00684,0.005145,0.002484,0.0009271
0.05167,14.858,1.954,0.0002916,1.097e-11,0.001789,0.007032,0.005793,0.00659,0.006804,0.005161,0.002508,0.0009407
0.05207,14.846,1.953,0.0002952,1.088e-11,0.001809,0.006986,0.005765,0.006558,0.006766,0.005175,0.002533,0.0009544
0.05248,14.834,1.952,0.0002988,1.08e-11,0.00183,0.006937,0.005735,0.006525,0.006726,0.005189,0.002556,0.0009681
0.05288,14.821,1.952,0.0003024,1.071e-11,0.00185,0.006887,0.005705,0.006489,0.006685,0.005201,0.00258,0.0009818
0.05328,14.809,1.951,0.000306,1.063e-11,0.001869,0.006835,0.005672,0.006453,0.006643,0.005212,0.002603,0.0009955
0.05368,14.797,1.95,0.0003096,1.054e-11,0.001889,0.006781,0.005639,0.006415,0.006598,0.005222,0.002626,0.001009
0.05408,14.784,1.949,0.0003132,1.045e-11,0.001909,0.006726,0.005605,0.006376,0.006553,0.005231,0.002649,0.001023
0.05448,14.772,1.948,0.0003168,1.037e-11,0.001928,0.00667,0.005569,0.006335,0.006506,0.005238,0.002671,0.001037
0.05489,14.759,1.947,0.0003203,1.028e-11,0.001947,0.006612,0.005532,0.006294,0.006457,0.005244,0.002693,0.00105
0.05529,14.747,1.946,0.0003239,1.019e-11,0.001967,0.006553,0.005495,0.006251,0.006408,0.00525,0.002715,0.001064
0.05569,14.734,1.946,0.0003274,1.011e-11,0.001986,0.006493,0.005456,0.006207,0.006357,0.005254,0.002736,0.001078
0.05609,14.721,1.945,0.000331,1.002e-11,0.002004,0.006432,0.005416,0.006162,0.006305,0.005257,0.002757,0.001091
0.05649,14.709,1.944,0.0003345,9.936e-12,0.002023,0.006369,0.005376,0.006116,0.006253,0.005259,0.002778,0.001105
0.05688,14.696,1.943,0.000338,9.85e-12,0.002042,0.006306,0.005335,0.006069,0.006199,0.00526,0.002798,0.001119
0.05728,14.683,1.942,0.0003415,9.764e-12,0.00206,0.006241,0.005292,0.006021,0.006144,0.00526,0.002818,0.001132
0.05768,14.67,1.941,0.0003451,9.679e-12,0.002078,0.006176,0.00525,0.005972,0.006088,0.005259,0.002838,0.001146
0.05808,14.657,1.94,0.0003486,9.594e-12,0.002096,0.00611,0.005206,0.005922,0.006032,0.005257,0.002858,0.00116
0.05848,14.644,1.939,0.0003521,9.509e-12,0.002114,0.006043,0.005162,0.005872,0.005974,0.005254,0.002877,0.001173
0.05888,14.632,1.938,0.0003556,9.424e-12,0.002132,0.005976,0.005117,0.005821,0.005916,0.00525,0.002896,0.001187
0.05927,14.619,1.938,0.000359,9.339e-12,0.00215,0.005908,0.005072,0.005769,0.005858,0.005245,0.002914,0.001201
0.05967,14.606,1.937,0.0003625,9.255e-12,0.002167,0.005839,0.005026,0.005717,0.005799,0.005239,0.002933,0.001214
0.06007,14.592,1.936,0.000366,9.171e-12,0.002184,0.00577,0.004979,0.005664,0.005739,0.005232,0.002951,0.001228
0.06046,14.579,1.935,0.0003695,9.087e-12,0.002201,0.0057,0.004932,0.005611,0.005678,0.005225,0.002968,0.001241
0.06086,14.566,1.934,0.0003729,9.003e-12,0.002218,0.00563,0.004885,0.005557,0.005618,0.005216,0.002986,0.001255
0.06125,14.553,1.933,0.0003764,8.919e-12,0.002235,0.00556,0.004837,0.005503,0.005556,0.005207,0.003003,0.001268
0.06165,14.54,1.932,0.0003799,8.836e-12,0.002252,0.005489,0.004789,0.005448,0.005495,0.005197,0.00302,0.001282
0.06204,14.527,1.931,0.0003833,8.753e-12,0.002268,0.005419,0.004741,0.005393,0.005433,0.005186,0.003036,0.001295
0.06244,14.513,1.93,0.0003867,8.671e-12,0.002285,0.005348,0.004692,0.005338,0.005371,0.005175,0.003052,0.001309
0.06283,14.5,1.929,0.0003902,8.589e-12,0.002301,0.005276,0.004643,0.005282,0.005308,0.005162,0.003068,0.001322
0.06322,14.487,1.928,0.0003936,8.507e-12,0.002317,0.005205,0.004594,0.005226,0.005246,0.005149,0.003084,0.001336
0.06362,14.473,1.928,0.0003971,8.425e-12,0.002333,0.005134,0.004544,0.00517,0.005183,0.005135,0.003099,0.001349
0.06401,14.46,1.927,0.0004005,8.344e-12,0.002348,0.005063,0.004495,0.005113,0.00512,0.005121,0.003114,0.001363
0.0644,14.447,1.926,0.0004039,8.263e-12,0.002364,0.004991,0.004445,0.005057,0.005057,0.005105,0.003129,0.001376
0.06479,14.433,1.925,0.0004073,8.182e-12,0.002379,0.00492,0.004395,0.005,0.004994,0.005089,0.003143,0.00139
0.06519,14.42,1.924,0.0004107,8.102e-12,0.002395,0.004849,0.004346,0.004944,0.004931,0.005073,0.003157,0.001403
0.06558,14.406,1.923,0.0004142,8.022e-12,0.00241,0.004778,0.004296,0.004887,0.004868,0.005056,0.003171,0.001416
0.06597,14.393,1.922,0.0004176,7.942e-12,0.002425,0.004708,0.004246,0.00483,0.004805,0.005038,0.003184,0.001429
0.06636,14.379,1.921,0.000421,7.863e-12,0.00244,0.004637,0.004196,0.004773,0.004742,0.00502,0.003198,0.001443
0.06675,14.365,1.92,0.0004244,7.785e-12,0.002454,0.004567,0.004146,0.004716,0.004679,0.005001,0.003211,0.001456
0.06714,14.352,1.919,0.0004278,7.706e-12,0.002469,0.004497,0.004096,0.004659,0.004616,0.004981,0.003223,0.001469
0.06753,14.338,1.918,0.0004312,7.628e-12,0.002483,0.004427,0.004046,0.004603,0.004554,0.004961,0.003236,0.001482
0.06792,14.325,1.917,0.0004346,7.55e-12,0.002497,0.004358,0.003996,0.004546,0.004491,0.004941,0.003248,0.001496
0.06831,14.311,1.916,0.000438,7.473e-12,0.002511,0.004289,0.003946,0.00449,0.004429,0.00492,0.00326,0.001509
0.0687,14.297,1.915,0.0004414,7.396e-12,0.002525,0.004221,0.003897,0.004433,0.004367,0.004898,0.003272,0.001522
0.06909,14.283,1.914,0.0004448,7.32e-12,0.002539,0.004153,0.003847,0.004377,0.004305,0.004876,0.003283,0.001535
0.06948,14.27,1.913,0.0004482,7.244e-12,0.002552,0.004085,0.003798,0.004321,0.004244,0.004854,0.003294,0.001548
0.06987,14.256,1.912,0.0004516,7.168e-12,0.002566,0.004018,0.003749,0.004265,0.004183,0.004831,0.003305,0.001561
0.07025,14.242,1.911,0.000455,7.093e-12,0.002579,0.003951,0.0037,0.004209,0.004122,0.004807,0.003315,0.001574
0.07064,14.228,1.91,0.0004584,7.019e-12,0.002592,0.003885,0.003651,0.004154,0.004061,0.004784,0.003326,0.001587
0.07103,14.214,1.909,0.0004618,6.944e-12,0.002605,0.003819,0.003603,0.004098,0.004001,0.00476,0.003336,0.0016
0.07142,14.2,1.908,0.0004652,6.87e-12,0.002618,0.003754,0.003554,0.004043,0.003942,0.004735,0.003346,0.001613
0.0718,14.186,1.907,0.0004686,6.797e-12,0.002631,0.003689,0.003506,0.003989,0.003882,0.00471,0.003355,0.001626
0.07219,14.172,1.906,0.000472,6.724e-12,0.002643,0.003625,0.003458,0.003934,0.003823,0.004685,0.003364,0.001639
0.07258,14.158,1.906,0.0004755,6.652e-12,0.002656,0.003562,0.003411,0.00388,0.003765,0.004659,0.003374,0.001652
0.07296,14.144,1.905,0.0004789,6.579e-12,0.002668,0.003499,0.003363,0.003826,0.003706,0.004633,0.003382,0.001665
0.07335,14.13,1.904,0.0004823,6.508e-12,0.00268,0.003436,0.003316,0.003773,0.003649,0.004607,0.003391,0.001678
0.07374,14.116,1.903,0.0004857,6.437e-12,0.002692,0.003375,0.00327,0.00372,0.003592,0.004581,0.003399,0.001691
0.07412,14.102,1.902,0.0004891,6.366e-12,0.002704,0.003314,0.003223,0.003667,0.003535,0.004554,0.003407,0.001703
0.07451,14.088,1.901,0.0004926,6.296e-12,0.002716,0.003253,0.003177,0.003615,0.003478,0.004527,0.003415,0.001716
0.0749,14.074,1.9,0.000496,6.226e-12,0.002727,0.003194,0.003131,0.003563,0.003423,0.004499,0.003423,0.001729
0.07528,14.06,1.899,0.0004994,6.157e-12,0.002739,0.003134,0.003086,0.003511,0.003367,0.004472,0.00343,0.001742
0.07567,14.046,1.898,0.0005029,6.088e-12,0.00275,0.003076,0.003041,0.00346,0.003312,0.004444,0.003437,0.001754
0.07605,14.031,1.897,0.0005063,6.019e-12,0.002761,0.003018,0.002996,0.003409,0.003258,0.004416,0.003444,0.001767
0.07644,14.017,1.896,0.0005098,5.952e-12,0.002772,0.002961,0.002952,0.003358,0.003204,0.004387,0.003451,0.00178
0.07682,14.003,1.895,0.0005132,5.884e-12,0.002783,0.002905,0.002908,0.003308,0.003151,0.004359,0.003457,0.001792
0.07721,13.989,1.893,0.0005167,5.817e-12,0.002794,0.002849,0.002864,0.003258,0.003098,0.00433,0.003464,0.001805
0.07759,13.974,1.892,0.0005202,5.751e-12,0.002804,0.002794,0.002821,0.003209,0.003046,0.004301,0.00347,0.001817
0.07798,13.96,1.891,0.0005236,5.685e-12,0.002815,0.00274,0.002778,0.00316,0.002994,0.004272,0.003475,0.00183
0.07836,13.946,1.89,0.0005271,5.619e-12,0.002825,0.002686,0.002735,0.003112,0.002943,0.004243,0.003481,0.001842
0.07875,13.931,1.889,0.0005306,5.554e-12,0.002835,0.002633,0.002693,0.003064,0.002893,0.004214,0.003486,0.001855
0.07913,13.917,1.888,0.0005341,5.49e-12,0.002846,0.002581,0.002651,0.003016,0.002843,0.004184,0.003492,0.001867
0.07952,13.903,1.887,0.0005376,5.426e-12,0.002856,0.002529,0.00261,0.002969,0.002793,0.004154,0.003496,0.00188
0.0799,13.888,1.886,0.0005411,5.362e-12,0.002865,0.002479,0.002569,0.002923,0.002744,0.004125,0.003501,0.001892
0.08029,13.874,1.885,0.0005446,5.299e-12,0.002875,0.002429,0.002528,0.002877,0.002696,0.004095,0.003506,0.001905
0.08067,13.859,1.884,0.0005482,5.236e-12,0.002885,0.002379,0.002488,0.002831,0.002648,0.004065,0.00351,0.001917
0.08106,13.845,1.883,0.0005517,5.174e-12,0.002894,0.002331,0.002448,0.002786,0.002601,0.004035,0.003514,0.001929
0.08144,13.83,1.882,0.0005553,5.112e-12,0.002903,0.002283,0.002409,0.002741,0.002554,0.004004,0.003518,0.001942
0.08183,13.816,1.881,0.0005588,5.051e-12,0.002913,0.002235,0.00237,0.002696,0.002508,0.003974,0.003522,0.001954
0.08221,13.801,1.88,0.0005624,4.99e-12,0.002922,0.002189,0.002331,0.002653,0.002463,0.003944,0.003525,0.001966
0.08259,13.787,1.879,0.000566,4.93e-12,0.002931,0.002143,0.002293,0.002609,0.002418,0.003913,0.003529,0.001978
0.08298,13.772,1.878,0.0005696,4.871e-12,0.002939,0.002098,0.002255,0.002566,0.002374,0.003883,0.003532,0.001991
0.08336,13.757,1.877,0.0005732,4.811e-12,0.002948,0.002053,0.002218,0.002524,0.00233,0.003852,0.003535,0.002003
0.08375,13.743,1.876,0.0005768,4.752e-12,0.002957,0.002009,0.002181,0.002482,0.002287,0.003822,0.003537,0.002015
0.08413,13.728,1.875,0.0005804,4.694e-12,0.002965,0.001966,0.002145,0.00244,0.002244,0.003791,0.00354,0.002027
0.08452,13.713,1.874,0.000584,4.636e-12,0.002974,0.001924,0.002109,0.002399,0.002202,0.00376,0.003542,0.002039
0.0849,13.699,1.873,0.0005877,4.579e-12,0.002982,0.001882,0.002073,0.002359,0.00216,0.00373,0.003544,0.002051
0.08529,13.684,1.872,0.0005913,4.522e-12,0.00299,0.001841,0.002038,0.002319,0.002119,0.003699,0.003546,0.002063
0.08568,13.669,1.871,0.000595,4.466e-12,0.002998,0.001801,0.002003,0.002279,0.002079,0.003668,0.003548,0.002076
0.08606,13.654,1.869,0.0005987,4.41e-12,0.003006,0.001761,0.001968,0.00224,0.002039,0.003638,0.00355,0.002088
0.08645,13.639,1.868,0.0006024,4.355e-12,0.003013,0.001722,0.001934,0.002201,0.002,0.003607,0.003551,0.0021
0.08683,13.625,1.867,0.0006061,4.3e-12,0.003021,0.001684,0.001901,0.002163,0.001961,0.003576,0.003552,0.002112
0.08722,13.61,1.866,0.0006099,4.245e-12,0.003028,0.001646,0.001867,0.002125,0.001923,0.003545,0.003553,0.002123
0.0876,13.595,1.865,0.0006136,4.191e-12,0.003036,0.001609,0.001835,0.002088,0.001885,0.003515,0.003554,0.002135
0.08799,13.58,1.864,0.0006174,4.138e-12,0.003043,0.001572,0.001802,0.002051,0.001848,0.003484,0.003555,0.002147
0.08838,13.565,1.863,0.0006211,4.085e-12,0.00305,0.001537,0.00177,0.002015,0.001812,0.003453,0.003555,0.002159
0.08876,13.55,1.862,0.0006249,4.032e-12,0.003057,0.001502,0.001739,0.001979,0.001776,0.003423,0.003556,0.002171
0.08915,13.535,1.861,0.0006287,3.98e-12,0.003064,0.001467,0.001708,0.001944,0.00174,0.003392,0.003556,0.002183
0.08954,13.52,1.86,0.0006326,3.928e-12,0.003071,0.001433,0.001677,0.001909,0.001705,0.003362,0.003556,0.002195
0.08993,13.505,1.859,0.0006364,3.877e-12,0.003078,0.0014,0.001647,0.001874,0.001671,0.003331,0.003556,0.002207
0.09031,13.49,1.857,0.0006403,3.826e-12,0.003084,0.001367,0.001617,0.00184,0.001637,0.003301,0.003555,0.002218
0.0907,13.475,1.856,0.0006441,3.776e-12,0.003091,0.001335,0.001587,0.001807,0.001604,0.003271,0.003555,0.00223
0.09109,13.46,1.855,0.000648,3.726e-12,0.003097,0.001304,0.001558,0.001774,0.001571,0.00324,0.003554,0.002242
0.09148,13.445,1.854,0.000652,3.677e-12,0.003103,0.001273,0.00153,0.001741,0.001539,0.00321,0.003553,0.002253
0.09187,13.429,1.853,0.0006559,3.628e-12,0.00311,0.001242,0.001501,0.001709,0.001507,0.00318,0.003552,0.002265
0.09226,13.414,1.852,0.0006598,3.58e-12,0.003116,0.001213,0.001473,0.001677,0.001476,0.00315,0.003551,0.002277
0.09264,13.399,1.851,0.0006638,3.532e-12,0.003121,0.001183,0.001446,0.001646,0.001445,0.00312,0.00355,0.002288
0.09303,13.384,1.85,0.0006678,3.484e-12,0.003127,0.001155,0.001419,0.001615,0.001415,0.00309,0.003548,0.0023
0.09342,13.369,1.848,0.0006718,3.437e-12,0.003133,0.001127,0.001392,0.001584,0.001385,0.00306,0.003547,0.002312
0.09381,13.353,1.847,0.0006758,3.391e-12,0.003138,0.001099,0.001365,0.001554,0.001356,0.00303,0.003545,0.002323
0.09421,13.338,1.846,0.0006799,3.345e-12,0.003144,0.001072,0.001339,0.001525,0.001327,0.003001,0.003543,0.002335
0.0946,13.323,1.845,0.000684,3.299e-12,0.003149,0.001046,0.001314,0.001495,0.001299,0.002971,0.003541,0.002346
0.09499,13.307,1.844,0.0006881,3.254e-12,0.003155,0.00102,0.001288,0.001467,0.001271,0.002942,0.003539,0.002358
0.09538,13.292,1.843,0.0006922,3.209e-12,0.00316,0.0009944,0.001264,0.001438,0.001243,0.002912,0.003536,0.002369
0.09577,13.276,1.842,0.0006963,3.165e-12,0.003165,0.0009696,0.001239,0.00141,0.001216,0.002883,0.003534,0.002381
0.09616,13.261,1.84,0.0007005,3.121e-12,0.00317,0.0009452,0.001215,0.001383,0.00119,0.002854,0.003531,0.002392
0.09656,13.245,1.839,0.0007047,3.077e-12,0.003174,0.0009213,0.001191,0.001356,0.001164,0.002825,0.003528,0.002404
0.09695,13.23,1.838,0.0007089,3.034e-12,0.003179,0.0008979,0.001167,0.001329,0.001138,0.002796,0.003525,0.002415
0.09735,13.214,1.837,0.0007131,2.991e-12,0.003184,0.000875,0.001144,0.001303,0.001113,0.002767,0.003522,0.002426
0.09774,13.199,1.836,0.0007174,2.949e-12,0.003188,0.0008526,0.001122,0.001277,0.001089,0.002739,0.003519,0.002438
0.09813,13.183,1.835,0.0007217,2.907e-12,0.003193,0.0008306,0.001099,0.001252,0.001064,0.00271,0.003515,0.002449
0.09853,13.168,1.833,0.000726,2.866e-12,0.003197,0.0008091,0.001077,0.001226,0.001041,0.002682,0.003512,0.00246
0.09893,13.152,1.832,0.0007303,2.825e-12,0.003201,0.0007881,0.001055,0.001202,0.001017,0.002653,0.003508,0.002472
0.09932,13.136,1.831,0.0007347,2.785e-12,0.003205,0.0007675,0.001034,0.001177,0.0009942,0.002625,0.003504,0.002483
0.09972,13.121,1.83,0.0007391,2.745e-12,0.003209,0.0007474,0.001013,0.001154,0.0009717,0.002597,0.0035,0.002494
0.10012,13.105,1.829,0.0007435,2.705e-12,0.003213,0.0007276,0.0009923,0.00113,0.0009495,0.002569,0.003496,0.002505
0.10052,13.089,1.828,0.000748,2.666e-12,0.003217,0.0007084,0.0009719,0.001107,0.0009278,0.002542,0.003491,0.002517
0.10091,13.073,1.826,0.0007524,2.627e-12,0.00322,0.0006895,0.0009518,0.001084,0.0009065,0.002514,0.003487,0.002528
0.10131,13.058,1.825,0.0007569,2.588e-12,0.003224,0.0006711,0.0009321,0.001062,0.0008855,0.002486,0.003482,0.002539
0.10171,13.042,1.824,0.0007615,2.55e-12,0.003227,0.000653,0.0009126,0.001039,0.000865,0.002459,0.003478,0.00255
0.10211,13.026,1.823,0.0007661,2.513e-12,0.003231,0.0006354,0.0008935,0.001018,0.0008448,0.002432,0.003473,0.002561
0.10251,13.01,1.822,0.0007706,2.476e-12,0.003234,0.0006181,0.0008747,0.0009963,0.000825,0.002405,0.003468,0.002572
0.10292,12.994,1.82,0.0007753,2.439e-12,0.003237,0.0006013,0.0008562,0.0009753,0.0008056,0.002378,0.003463,0.002583
0.10332,12.978,1.819,0.0007799,2.402e-12,0.00324,0.0005848,0.0008381,0.0009546,0.0007866,0.002351,0.003457,0.002594
0.10372,12.962,1.818,0.0007846,2.366e-12,0.003243,0.0005687,0.0008202,0.0009343,0.0007679,0.002325,0.003452,0.002605
0.10413,12.946,1.817,0.0007894,2.331e-12,0.003246,0.000553,0.0008026,0.0009143,0.0007495,0.002298,0.003446,0.002616
0.10453,12.93,1.815,0.0007941,2.296e-12,0.003248,0.0005376,0.0007853,0.0008947,0.0007316,0.002272,0.003441,0.002627
0.10493,12.914,1.814,0.0007989,2.261e-12,0.003251,0.0005226,0.0007683,0.0008753,0.000714,0.002246,0.003435,0.002638
0.10534,12.898,1.813,0.0008037,2.226e-12,0.003253,0.000508,0.0007516,0.0008563,0.0006967,0.00222,0.003429,0.002649
0.10575,12.881,1.812,0.0008086,2.192e-12,0.003256,0.0004936,0.0007352,0.0008377,0.0006797,0.002194,0.003423,0.00266
0.10615,12.865,1.81,0.0008135,2.158e-12,0.003258,0.0004797,0.000719,0.0008193,0.0006631,0.002168,0.003417,0.002671
0.10656,12.849,1.809,0.0008184,2.125e-12,0.00326,0.000466,0.0007032,0.0008013,0.0006469,0.002143,0.00341,0.002682
0.10697,12.833,1.808,0.0008234,2.092e-12,0.003262,0.0004527,0.0006876,0.0007836,0.0006309,0.002117,0.003404,0.002693
0.10738,12.816,1.807,0.0008284,2.06e-12,0.003264,0.0004397,0.0006723,0.0007661,0.0006153,0.002092,0.003397,0.002704
0.10779,12.8,1.805,0.0008334,2.027e-12,0.003266,0.000427,0.0006572,0.000749,0.0006,0.002067,0.00339,0.002715
0.1082,12.784,1.804,0.0008385,1.996e-12,0.003268,0.0004146,0.0006424,0.0007322,0.0005849,0.002042,0.003384,0.002725
0.10861,12.767,1.803,0.0008436,1.964e-12,0.003269,0.0004025,0.0006279,0.0007157,0.0005702,0.002017,0.003377,0.002736
0.10903,12.751,1.802,0.0008488,1.933e-12,0.003271,0.0003907,0.0006137,0.0006995,0.0005558,0.001993,0.003369,0.002747
0.10944,12.734,1.8,0.000854,1.902e-12,0.003272,0.0003792,0.0005997,0.0006836,0.0005417,0.001968,0.003362,0.002758
0.10986,12.718,1.799,0.0008592,1.872e-12,0.003274,0.000368,0.0005859,0.000668,0.0005279,0.001944,0.003355,0.002768
0.11027,12.701,1.798,0.0008645,1.842e-12,0.003275,0.0003571,0.0005724,0.0006526,0.0005144,0.00192,0.003347,0.002779
0.11069,12.684,1.796,0.0008698,1.812e-12,0.003276,0.0003464,0.0005592,0.0006375,0.0005012,0.001896,0.00334,0.00279
0.1111,12.668,1.795,0.0008751,1.783e-12,0.003277,0.000336,0.0005461,0.0006227,0.0004882,0.001873,0.003332,0.0028
0.11152,12.651,1.794,0.0008806,1.754e-12,0.003278,0.0003259,0.0005334,0.0006082,0.0004755,0.001849,0.003324,0.002811
0.11194,12.634,1.792,0.000886,1.725e-12,0.003279,0.000316,0.0005208,0.000594,0.0004631,0.001826,0.003316,0.002821
0.11236,12.618,1.791,0.0008915,1.697e-12,0.003279,0.0003064,0.0005085,0.00058,0.0004509,0.001802,0.003308,0.002832
0.11278,12.601,1.79,0.000897,1.669e-12,0.00328,0.000297,0.0004964,0.0005663,0.0004391,0.001779,0.0033,0.002842
0.1132,12.584,1.788,0.0009026,1.641e-12,0.00328,0.0002879,0.0004846,0.0005528,0.0004274,0.001756,0.003291,0.002853
0.11363,12.567,1.787,0.0009082,1.614e-12,0.003281,0.000279,0.000473,0.0005396,0.000416,0.001734,0.003283,0.002863
0.11405,12.55,1.786,0.0009139,1.587e-12,0.003281,0.0002703,0.0004616,0.0005266,0.0004049,0.001711,0.003274,0.002874
0.11448,12.533,1.784,0.0009196,1.561e-12,0.003281,0.0002619,0.0004504,0.0005139,0.000394,0.001689,0.003266,0.002884
0.1149,12.516,1.783,0.0009254,1.534e-12,0.003281,0.0002537,0.0004394,0.0005014,0.0003834,0.001666,0.003257,0.002895
0.11533,12.499,1.782,0.0009312,1.508e-12,0.003281,0.0002457,0.0004287,0.0004892,0.0003729,0.001644,0.003248,0.002905
0.11576,12.482,1.78,0.0009371,1.483e-12,0.003281,0.0002379,0.0004181,0.0004772,0.0003628,0.001623,0.003239,0.002915
0.11619,12.465,1.779,0.000943,1.458e-12,0.00328,0.0002303,0.0004078,0.0004655,0.0003528,0.001601,0.00323,0.002926
0.11662,12.448,1.778,0.000949,1.433e-12,0.00328,0.0002229,0.0003976,0.0004539,0.0003431,0.001579,0.00322,0.002936
0.11705,12.43,1.776,0.000955,1.408e-12,0.003279,0.0002158,0.0003877,0.0004426,0.0003336,0.001558,0.003211,0.002946
0.11749,12.413,1.775,0.0009611,1.383e-12,0.003279,0.0002088,0.000378,0.0004316,0.0003243,0.001537,0.003201,0.002956
0.11792,12.396,1.773,0.0009672,1.359e-12,0.003278,0.000202,0.0003684,0.0004207,0.0003152,0.001516,0.003191,0.002967
0.11835,12.379,1.772,0.0009734,1.336e-12,0.003277,0.0001954,0.0003591,0.0004101,0.0003063,0.001495,0.003182,0.002977
0.11879,12.361,1.771,0.0009796,1.312e-12,0.003276,0.000189,0.0003499,0.0003997,0.0002977,0.001474,0.003172,0.002987
0.11923,12.344,1.769,0.0009859,1.289e-12,0.003275,0.0001828,0.0003409,0.0003895,0.0002892,0.001454,0.003162,0.002997
0.11967,12.326,1.768,0.0009923,1.266e-12,0.003274,0.0001767,0.0003321,0.0003795,0.0002809,0.001433,0.003152,0.003007
0.12011,12.309,1.766,0.0009987,1.244e-12,0.003273,0.0001708,0.0003235,0.0003697,0.0002729,0.001413,0.003141,0.003017
0.12055,12.291,1.765,0.001005,1.222e-12,0.003271,0.0001651,0.0003151,0.0003601,0.000265,0.001393,0.003131,0.003027
0.12099,12.273,1.763,0.001012,1.2e-12,0.00327,0.0001595,0.0003068,0.0003507,0.0002573,0.001373,0.00312,0.003037
0.12144,12.256,1.762,0.001018,1.178e-12,0.003268,0.0001541,0.0002987,0.0003415,0.0002498,0.001354,0.00311,0.003047
0.12188,12.238,1.76,0.001025,1.157e-12,0.003266,0.0001489,0.0002908,0.0003325,0.0002424,0.001334,0.003099,0.003057
0.12233,12.22,1.759,0.001032,1.136e-12,0.003264,0.0001438,0.000283,0.0003237,0.0002353,0.001315,0.003088,0.003067
0.12278,12.202,1.758,0.001038,1.115e-12,0.003262,0.0001388,0.0002755,0.0003151,0.0002283,0.001296,0.003077,0.003077
0.12323,12.185,1.756,0.001045,1.094e-12,0.00326,0.000134,0.000268,0.0003066,0.0002215,0.001277,0.003066,0.003087
0.12368,12.167,1.755,0.001052,1.074e-12,0.003258,0.0001294,0.0002608,0.0002983,0.0002149,0.001258,0.003055,0.003096
0.12414,12.149,1.753,0.001059,1.054e-12,0.003256,0.0001248,0.0002537,0.0002903,0.0002084,0.001239,0.003043,0.003106
0.12459,12.131,1.752,0.001066,1.034e-12,0.003253,0.0001205,0.0002467,0.0002824,0.0002021,0.001221,0.003032,0.003116
0.12505,12.113,1.75,0.001073,1.015e-12,0.00325,0.0001162,0.0002399,0.0002746,0.0001959,0.001203,0.00302,0.003125
0.1255,12.094,1.749,0.00108,9.959e-13,0.003248,0.0001121,0.0002333,0.0002671,0.0001899,0.001185,0.003009,0.003135
0.12596,12.076,1.747,0.001088,9.771e-13,0.003245,0.0001081,0.0002268,0.0002597,0.0001841,0.001167,0.002997,0.003145
0.12642,12.058,1.746,0.001095,9.585e-13,0.003242,0.0001042,0.0002205,0.0002524,0.0001784,0.001149,0.002985,0.003154
0.12689,12.04,1.744,0.001102,9.401e-13,0.003239,0.0001004,0.0002144,0.0002454,0.0001728,0.001131,0.002973,0.003164
0.12735,12.021,1.742,0.00111,9.22e-13,0.003236,9.676e-05,0.0002084,0.0002384,0.0001674,0.001114,0.002961,0.003173
0.12782,12.003,1.741,0.001117,9.042e-13,0.003232,9.323e-05,0.0002025,0.0002317,0.0001621,0.001096,0.002949,0.003182
0.12828,11.984,1.739,0.001125,8.867e-13,0.003229,8.98e-05,0.0001969,0.0002251,0.000157,0.001079,0.002936,0.003192
0.12875,11.966,1.738,0.001133,8.694e-13,0.003225,8.648e-05,0.0001914,0.0002186,0.000152,0.001062,0.002924,0.003201
0.12922,11.947,1.736,0.00114,8.523e-13,0.003221,8.327e-05,0.0001861,0.0002123,0.0001471,0.001046,0.002911,0.00321
0.1297,11.929,1.735,0.001148,8.355e-13,0.003217,8.015e-05,0.000181,0.0002062,0.0001423,0.001029,0.002898,0.003219
0.13017,11.91,1.733,0.001156,8.189e-13,0.003213,7.714e-05,0.0001762,0.0002001,0.0001377,0.001012,0.002885,0.003228
0.13065,11.891,1.731,0.001164,8.026e-13,0.003209,7.422e-05,0.0001715,0.0001943,0.0001332,0.0009961,0.002873,0.003238
0.13112,11.872,1.73,0.001172,7.865e-13,0.003205,7.14e-05,0.0001672,0.0001885,0.0001289,0.00098,0.002859,0.003247
0.1316,11.854,1.728,0.00118,7.707e-13,0.003201,6.867e-05,0.0001631,0.0001829,0.0001246,0.000964,0.002846,0.003256
0.13209,11.835,1.726,0.001188,7.551e-13,0.003196,6.603e-05,0.0001593,0.0001774,0.0001205,0.0009482,0.002833,0.003264
0.13257,11.816,1.725,0.001197,7.397e-13,0.003191,6.347e-05,0.0001559,0.0001721,0.0001164,0.0009325,0.00282,0.003273
0.13305,11.797,1.723,0.001205,7.246e-13,0.003187,6.1e-05,0.0001529,0.0001669,0.0001125,0.000917,0.002806,0.003282
0.13354,11.778,1.722,0.001214,7.097e-13,0.003182,5.861e-05,0.0001504,0.0001618,0.0001087,0.0009017,0.002792,0.003291
0.13403,11.758,1.72,0.001222,6.95e-13,0.003177,5.63e-05,0.0001484,0.0001568,0.000105,0.0008865,0.002779,0.003299
0.13452,11.739,1.718,0.001231,6.805e-13,0.003171,5.407e-05,0.000147,0.000152,0.0001014,0.0008715,0.002765,0.003308
0.13502,11.72,1.716,0.00124,6.663e-13,0.003166,5.192e-05,0.0001462,0.0001473,9.793e-05,0.0008567,0.002751,0.003317
0.13551,11.7,1.715,0.001248,6.523e-13,0.00316,4.983e-05,0.0001462,0.0001426,9.453e-05,0.000842,0.002736,0.003325
0.13601,11.681,1.713,0.001257,6.385e-13,0.003155,4.782e-05,0.0001471,0.0001381,9.124e-05,0.0008274,0.002722,0.003333
0.13651,11.661,1.711,0.001266,6.249e-13,0.003149,4.588e-05,0.000149,0.0001337,8.803e-05,0.000813,0.002708,0.003342
0.13701,11.642,1.71,0.001276,6.116e-13,0.003143,4.4e-05,0.0001519,0.0001295,8.492e-05,0.0007988,0.002693,0.00335
0.13752,11.622,1.708,0.001285,5.984e-13,0.003137,4.219e-05,0.0001561,0.0001253,8.19e-05,0.0007847,0.002679,0.003358
0.13802,11.603,1.706,0.001294,5.855e-13,0.00313,4.045e-05,0.0001616,0.0001212,7.897e-05,0.0007708,0.002664,0.003366
0.13853,11.583,1.704,0.001303,5.728e-13,0.003124,3.876e-05,0.0001685,0.0001172,7.613e-05,0.000757,0.002649,0.003374
0.13904,11.563,1.703,0.001313,5.602e-13,0.003117,3.714e-05,0.0001772,0.0001133,7.337e-05,0.0007434,0.002634,0.003382
0.13956,11.543,1.701,0.001323,5.479e-13,0.003111,3.557e-05,0.0001876,0.0001095,7.069e-05,0.0007299,0.002619,0.00339
0.14007,11.523,1.699,0.001332,5.358e-13,0.003104,3.406e-05,0.0001999,0.0001058,6.809e-05,0.0007166,0.002604,0.003397
0.14059,11.503,1.697,0.001342,5.239e-13,0.003096,3.261e-05,0.0002143,0.0001022,6.557e-05,0.0007035,0.002588,0.003405
0.14111,11.483,1.695,0.001352,5.122e-13,0.003089,3.121e-05,0.000231,9.87e-05,6.313e-05,0.0006905,0.002573,0.003412
0.14163,11.463,1.694,0.001362,5.007e-13,0.003082,2.985e-05,0.0002502,9.527e-05,6.077e-05,0.0006776,0.002557,0.00342
0.14216,11.442,1.692,0.001372,4.893e-13,0.003074,2.855e-05,0.0002718,9.191e-05,5.847e-05,0.0006649,0.002542,0.003427
0.14269,11.422,1.69,0.001382,4.782e-13,0.003066,2.73e-05,0.0002961,8.863e-05,5.625e-05,0.0006523,0.002526,0.003434
0.14322,11.402,1.688,0.001393,4.673e-13,0.003058,2.61e-05,0.0003233,8.543e-05,5.41e-05,0.0006399,0.00251,0.003441
0.14375,11.381,1.686,0.001403,4.565e-13,0.00305,2.494e-05,0.0003533,8.231e-05,5.202e-05,0.0006276,0.002494,0.003448
0.14428,11.36,1.684,0.001413,4.459e-13,0.003042,2.382e-05,0.0003863,7.926e-05,5e-05,0.0006155,0.002477,0.003455
0.14482,11.34,1.682,0.001424,4.355e-13,0.003033,2.275e-05,0.0004224,7.628e-05,4.804e-05,0.0006035,0.002461,0.003461
0.14536,11.319,1.68,0.001435,4.253e-13,0.003024,2.172e-05,0.0004615,7.337e-05,4.615e-05,0.0005917,0.002445,0.003468
0.14591,11.298,1.678,0.001446,4.153e-13,0.003016,2.072e-05,0.0005038,7.053e-05,4.433e-05,0.00058,0.002428,0.003474
0.14645,11.277,1.677,0.001457,4.055e-13,0.003006,1.977e-05,0.0005491,6.776e-05,4.256e-05,0.0005685,0.002411,0.00348
0.147,11.256,1.675,0.001468,3.958e-13,0.002997,1.886e-05,0.0005975,6.505e-05,4.085e-05,0.0005571,0.002394,0.003486
0.14755,11.235,1.673,0.001479,3.863e-13,0.002988,1.798e-05,0.0006487,6.241e-05,3.92e-05,0.0005459,0.002378,0.003492
0.14811,11.214,1.671,0.00149,3.77e-13,0.002978,1.713e-05,0.0007028,5.983e-05,3.76e-05,0.0005347,0.00236,0.003498
0.14867,11.193,1.669,0.001501,3.678e-13,0.002968,1.632e-05,0.0007596,5.732e-05,3.605e-05,0.0005238,0.002343,0.003504
0.14923,11.172,1.667,0.001513,3.588e-13,0.002958,1.555e-05,0.0008188,5.486e-05,3.456e-05,0.000513,0.002326,0.003509
0.14979,11.15,1.665,0.001525,3.5e-13,0.002948,1.48e-05,0.0008803,5.247e-05,3.312e-05,0.0005023,0.002308,0.003514
0.15036,11.129,1.663,0.001536,3.413e-13,0.002938,1.409e-05,0.0009438,5.014e-05,3.173e-05,0.0004917,0.002291,0.00352
0.15093,11.107,1.661,0.001548,3.328e-13,0.002927,1.34e-05,0.001009,4.787e-05,3.039e-05,0.0004813,0.002273,0.003525
0.1515,11.086,1.658,0.00156,3.245e-13,0.002916,1.275e-05,0.001076,4.566e-05,2.91e-05,0.0004711,0.002256,0.003529
0.15207,11.064,1.656,0.001572,3.163e-13,0.002905,1.212e-05,0.001143,4.351e-05,2.785e-05,0.000461,0.002238,0.003534
0.15265,11.042,1.654,0.001585,3.083e-13,0.002894,1.152e-05,0.001212,4.142e-05,2.665e-05,0.000451,0.00222,0.003539
0.15323,11.02,1.652,0.001597,3.004e-13,0.002883,1.094e-05,0.00128,3.939e-05,2.549e-05,0.0004412,0.002202,0.003543
0.15382,10.998,1.65,0.00161,2.927e-13,0.002871,1.039e-05,0.001349,3.742e-05,2.437e-05,0.0004315,0.002183,0.003547
0.15441,10.976,1.648,0.001622,2.851e-13,0.002859,9.863e-06,0.001418,3.551e-05,2.329e-05,0.0004219,0.002165,0.003551
0.155,10.954,1.646,0.001635,2.777e-13,0.002847,9.359e-06,0.001485,3.366e-05,2.226e-05,0.0004125,0.002147,0.003555
0.15559,10.932,1.644,0.001648,2.704e-13,0.002835,8.877e-06,0.001551,3.187e-05,2.126e-05,0.0004032,0.002128,0.003559
0.15619,10.909,1.641,0.001661,2.633e-13,0.002823,8.416e-06,0.001616,3.014e-05,2.03e-05,0.0003941,0.00211,0.003562
0.1568,10.887,1.639,0.001674,2.563e-13,0.002811,7.977e-06,0.001679,2.847e-05,1.937e-05,0.0003851,0.002091,0.003566
0.1574,10.865,1.637,0.001688,2.494e-13,0.002798,7.557e-06,0.001739,2.686e-05,1.848e-05,0.0003762,0.002072,0.003569
0.15801,10.842,1.635,0.001701,2.427e-13,0.002785,7.156e-06,0.001797,2.531e-05,1.763e-05,0.0003675,0.002054,0.003572
0.15862,10.819,1.632,0.001715,2.362e-13,0.002772,6.774e-06,0.001852,2.382e-05,1.681e-05,0.0003588,0.002035,0.003575
0.15924,10.796,1.63,0.001729,2.297e-13,0.002759,6.41e-06,0.001903,2.239e-05,1.602e-05,0.0003504,0.002016,0.003577
0.15986,10.773,1.628,0.001743,2.234e-13,0.002745,6.062e-06,0.001951,2.102e-05,1.526e-05,0.000342,0.001997,0.00358
0.16048,10.75,1.625,0.001757,2.172e-13,0.002732,5.731e-06,0.001995,1.971e-05,1.453e-05,0.0003338,0.001978,0.003582
0.16111,10.727,1.623,0.001772,2.112e-13,0.002718,5.415e-06,0.002034,1.846e-05,1.383e-05,0.0003258,0.001958,0.003584
0.16174,10.704,1.621,0.001786,2.053e-13,0.002704,5.115e-06,0.00207,1.726e-05,1.316e-05,0.0003178,0.001939,0.003586
0.16238,10.681,1.618,0.001801,1.995e-13,0.00269,4.829e-06,0.002101,1.612e-05,1.252e-05,0.00031,0.00192,0.003587
0.16302,10.657,1.616,0.001816,1.938e-13,0.002675,4.557e-06,0.002128,1.504e-05,1.19e-05,0.0003023,0.0019,0.003589
0.16366,10.634,1.614,0.001831,1.883e-13,0.002661,4.298e-06,0.00215,1.401e-05,1.131e-05,0.0002947,0.001881,0.00359
0.16431,10.61,1.611,0.001846,1.829e-13,0.002646,4.052e-06,0.002167,1.304e-05,1.074e-05,0.0002873,0.001861,0.003591
0.16496,10.587,1.609,0.001861,1.776e-13,0.002631,3.818e-06,0.00218,1.212e-05,1.02e-05,0.00028,0.001841,0.003591
0.16562,10.563,1.606,0.001877,1.724e-13,0.002616,3.596e-06,0.002187,1.125e-05,9.683e-06,0.0002728,0.001822,0.003592
0.16628,10.539,1.604,0.001892,1.673e-13,0.0026,3.386e-06,0.002191,1.042e-05,9.186e-06,0.0002658,0.001802,0.003592
0.16694,10.515,1.601,0.001908,1.624e-13,0.002585,3.186e-06,0.00219,9.652e-06,8.71e-06,0.0002588,0.001782,0.003592
0.16761,10.491,1.599,0.001924,1.575e-13,0.002569,2.996e-06,0.002184,8.927e-06,8.256e-06,0.000252,0.001762,0.003592
0.16829,10.466,1.596,0.001941,1.528e-13,0.002553,2.816e-06,0.002174,8.247e-06,7.821e-06,0.0002453,0.001742,0.003591
0.16896,10.442,1.593,0.001957,1.482e-13,0.002537,2.645e-06,0.00216,7.61e-06,7.406e-06,0.0002387,0.001722,0.00359
0.16965,10.417,1.591,0.001974,1.437e-13,0.00252,2.484e-06,0.002141,7.016e-06,7.009e-06,0.0002322,0.001702,0.003589
0.17034,10.393,1.588,0.00199,1.392e-13,0.002504,2.331e-06,0.002119,6.462e-06,6.63e-06,0.0002259,0.001682,0.003587
0.17103,10.368,1.586,0.002007,1.349e-13,0.002487,2.186e-06,0.002094,5.946e-06,6.269e-06,0.0002197,0.001661,0.003586
0.17173,10.343,1.583,0.002025,1.307e-13,0.002469,2.049e-06,0.002065,5.467e-06,5.924e-06,0.0002136,0.001641,0.003584
0.17243,10.318,1.58,0.002042,1.266e-13,0.002452,1.92e-06,0.002032,5.023e-06,5.595e-06,0.0002076,0.001621,0.003581
0.17313,10.293,1.577,0.002059,1.226e-13,0.002435,1.798e-06,0.001997,4.611e-06,5.282e-06,0.0002017,0.0016,0.003578
0.17385,10.268,1.575,0.002077,1.187e-13,0.002417,1.682e-06,0.001959,4.231e-06,4.984e-06,0.0001959,0.00158,0.003575
0.17456,10.243,1.572,0.002095,1.149e-13,0.002399,1.573e-06,0.001919,3.88e-06,4.699e-06,0.0001902,0.001559,0.003572
0.17529,10.217,1.569,0.002113,1.112e-13,0.00238,1.47e-06,0.001876,3.557e-06,4.429e-06,0.0001847,0.001539,0.003568
0.17601,10.192,1.566,0.002131,1.076e-13,0.002362,1.373e-06,0.001831,3.26e-06,4.172e-06,0.0001792,0.001518,0.003564
0.17675,10.166,1.563,0.002149,1.04e-13,0.002343,1.282e-06,0.001785,2.986e-06,3.928e-06,0.0001739,0.001497,0.003559
0.17748,10.14,1.561,0.002168,1.006e-13,0.002324,1.196e-06,0.001737,2.736e-06,3.695e-06,0.0001686,0.001476,0.003554
0.17823,10.114,1.558,0.002186,9.726e-14,0.002305,1.115e-06,0.001688,2.506e-06,3.475e-06,0.0001635,0.001456,0.003549
0.17898,10.088,1.555,0.002205,9.4e-14,0.002285,1.039e-06,0.001638,2.295e-06,3.265e-06,0.0001585,0.001435,0.003543
0.17973,10.062,1.552,0.002224,9.082e-14,0.002265,9.671e-07,0.001587,2.103e-06,3.067e-06,0.0001536,0.001414,0.003536
0.18049,10.036,1.549,0.002243,8.773e-14,0.002245,8.999e-07,0.001535,1.927e-06,2.878e-06,0.0001488,0.001393,0.00353
0.18126,10.01,1.546,0.002262,8.472e-14,0.002225,8.367e-07,0.001483,1.766e-06,2.7e-06,0.0001441,0.001372,0.003522
0.18203,9.983,1.543,0.002281,8.179e-14,0.002205,7.775e-07,0.001431,1.619e-06,2.531e-06,0.0001394,0.001351,0.003515
0.1828,9.956,1.54,0.002301,7.894e-14,0.002184,7.219e-07,0.001379,1.485e-06,2.371e-06,0.0001349,0.00133,0.003507
0.18359,9.93,1.536,0.00232,7.616e-14,0.002163,6.698e-07,0.001327,1.363e-06,2.22e-06,0.0001305,0.001309,0.003498
0.18438,9.903,1.533,0.00234,7.347e-14,0.002142,6.211e-07,0.001275,1.251e-06,2.077e-06,0.0001262,0.001288,0.003489
0.18517,9.876,1.53,0.00236,7.085e-14,0.00212,5.755e-07,0.001224,1.149e-06,1.942e-06,0.000122,0.001267,0.003479
0.18597,9.849,1.527,0.002379,6.831e-14,0.002098,5.328e-07,0.001173,1.056e-06,1.815e-06,0.0001179,0.001246,0.003469
0.18678,9.821,1.524,0.002399,6.583e-14,0.002076,4.929e-07,0.001123,9.714e-07,1.694e-06,0.0001139,0.001225,0.003458
0.18759,9.794,1.52,0.002419,6.343e-14,0.002054,4.557e-07,0.001074,8.939e-07,1.581e-06,0.0001099,0.001204,0.003447
0.18841,9.767,1.517,0.00244,6.11e-14,0.002032,4.21e-07,0.001026,8.23e-07,1.474e-06,0.0001061,0.001183,0.003436
0.18923,9.739,1.514,0.00246,5.884e-14,0.002009,3.886e-07,0.0009786,7.581e-07,1.373e-06,0.0001024,0.001162,0.003423
0.19007,9.711,1.51,0.00248,5.665e-14,0.001986,3.585e-07,0.0009324,6.988e-07,1.279e-06,9.873e-05,0.001141,0.00341
0.1909,9.683,1.507,0.0025,5.452e-14,0.001963,3.304e-07,0.0008875,6.444e-07,1.19e-06,9.517e-05,0.00112,0.003397
0.19175,9.655,1.504,0.002521,5.245e-14,0.00194,3.043e-07,0.0008437,5.945e-07,1.106e-06,9.171e-05,0.001099,0.003383
0.1926,9.627,1.5,0.002541,5.045e-14,0.001916,2.8e-07,0.0008012,5.486e-07,1.028e-06,8.834e-05,0.001078,0.003369
0.19345,9.599,1.497,0.002562,4.851e-14,0.001893,2.574e-07,0.00076,5.065e-07,9.542e-07,8.506e-05,0.001057,0.003354
0.19432,9.571,1.493,0.002582,4.663e-14,0.001869,2.365e-07,0.0007201,4.678e-07,8.852e-07,8.186e-05,0.001036,0.003338
0.19519,9.542,1.489,0.002603,4.481e-14,0.001845,2.171e-07,0.0006816,4.321e-07,8.205e-07,7.875e-05,0.001016,0.003322
0.19606,9.514,1.486,0.002623,4.305e-14,0.001821,1.991e-07,0.0006445,3.993e-07,7.6e-07,7.573e-05,0.0009949,0.003305
0.19695,9.485,1.482,0.002644,4.135e-14,0.001796,1.825e-07,0.0006087,3.689e-07,7.034e-07,7.279e-05,0.0009744,0.003288
0.19784,9.456,1.479,0.002664,3.97e-14,0.001772,1.671e-07,0.0005744,3.409e-07,6.505e-07,6.993e-05,0.000954,0.00327
0.19873,9.427,1.475,0.002685,3.81e-14,0.001747,1.529e-07,0.0005414,3.151e-07,6.011e-07,6.716e-05,0.0009336,0.003251
0.19964,9.398,1.471,0.002706,3.656e-14,0.001722,1.398e-07,0.0005098,2.911e-07,5.551e-07,6.446e-05,0.0009134,0.003232
0.20055,9.369,1.467,0.002726,3.507e-14,0.001697,1.277e-07,0.0004796,2.69e-07,5.121e-07,6.185e-05,0.0008932,0.003212
0.20146,9.34,1.463,0.002746,3.363e-14,0.001672,1.165e-07,0.0004507,2.485e-07,4.721e-07,5.931e-05,0.0008732,0.003192
0.20239,9.31,1.46,0.002767,3.224e-14,0.001647,1.062e-07,0.0004232,2.295e-07,4.349e-07,5.686e-05,0.0008533,0.003171
0.20332,9.281,1.456,0.002787,3.089e-14,0.001621,9.677e-08,0.0003969,2.119e-07,4.002e-07,5.448e-05,0.0008336,0.00315
0.20425,9.251,1.452,0.002807,2.96e-14,0.001596,8.808e-08,0.0003719,1.956e-07,3.681e-07,5.217e-05,0.000814,0.003128
0.2052,9.222,1.448,0.002827,2.834e-14,0.00157,8.009e-08,0.0003482,1.804e-07,3.382e-07,4.994e-05,0.0007945,0.003105
0.20615,9.192,1.444,0.002847,2.714e-14,0.001545,7.277e-08,0.0003257,1.664e-07,3.105e-07,4.778e-05,0.0007752,0.003082
0.20711,9.162,1.44,0.002867,2.598e-14,0.001519,6.606e-08,0.0003043,1.534e-07,2.848e-07,4.569e-05,0.0007561,0.003059
0.20807,9.132,1.436,0.002887,2.485e-14,0.001493,5.991e-08,0.0002841,1.414e-07,2.61e-07,4.368e-05,0.0007372,0.003034
0.20905,9.102,1.432,0.002907,2.377e-14,0.001467,5.429e-08,0.000265,1.302e-07,2.391e-07,4.173e-05,0.0007184,0.003009
0.21002,9.072,1.427,0.002926,2.273e-14,0.001442,4.915e-08,0.0002469,1.198e-07,2.187e-07,3.985e-05,0.0006998,0.002984
0.21101,9.042,1.423,0.002945,2.173e-14,0.001416,4.445e-08,0.0002299,1.102e-07,2e-07,3.803e-05,0.0006814,0.002958
0.212,9.011,1.419,0.002964,2.077e-14,0.00139,4.017e-08,0.0002138,1.013e-07,1.827e-07,3.628e-05,0.0006633,0.002932
0.21301,8.981,1.415,0.002983,1.984e-14,0.001364,3.627e-08,0.0001987,9.308e-08,1.667e-07,3.459e-05,0.0006453,0.002905
0.21401,8.95,1.41,0.003002,1.895e-14,0.001338,3.271e-08,0.0001845,8.546e-08,1.52e-07,3.297e-05,0.0006276,0.002877
0.21503,8.92,1.406,0.00302,1.809e-14,0.001313,2.948e-08,0.0001711,7.841e-08,1.385e-07,3.14e-05,0.00061,0.00285
0.21605,8.889,1.401,0.003038,1.727e-14,0.001287,2.655e-08,0.0001586,7.189e-08,1.26e-07,2.99e-05,0.0005927,0.002821
0.21708,8.858,1.397,0.003056,1.648e-14,0.001261,2.388e-08,0.0001469,6.587e-08,1.146e-07,2.845e-05,0.0005757,0.002792
0.21811,8.827,1.393,0.003074,1.572e-14,0.001236,2.146e-08,0.0001359,6.031e-08,1.042e-07,2.706e-05,0.0005589,0.002763
0.21916,8.797,1.388,0.003091,1.499e-14,0.00121,1.927e-08,0.0001256,5.517e-08,9.457e-08,2.572e-05,0.0005423,0.002733
0.22021,8.766,1.383,0.003108,1.429e-14,0.001185,1.729e-08,0.000116,5.044e-08,8.578e-08,2.444e-05,0.000526,0.002703
0.22126,8.735,1.379,0.003125,1.362e-14,0.001159,1.549e-08,0.0001071,4.608e-08,7.774e-08,2.321e-05,0.00051,0.002672
0.22233,8.703,1.374,0.003141,1.298e-14,0.001134,1.387e-08,9.875e-05,4.206e-08,7.04e-08,2.203e-05,0.0004942,0.002642
0.2234,8.672,1.369,0.003157,1.237e-14,0.001109,1.241e-08,9.098e-05,3.836e-08,6.369e-08,2.09e-05,0.0004787,0.00261
0.22447,8.641,1.365,0.003172,1.178e-14,0.001084,1.11e-08,8.376e-05,3.497e-08,5.757e-08,1.981e-05,0.0004635,0.002579
0.22556,8.61,1.36,0.003187,1.121e-14,0.00106,9.909e-09,7.704e-05,3.184e-08,5.199e-08,1.878e-05,0.0004485,0.002547
0.22665,8.579,1.355,0.003202,1.067e-14,0.001035,8.841e-09,7.08e-05,2.898e-08,4.692e-08,1.779e-05,0.0004339,0.002514
0.22775,8.547,1.35,0.003217,1.015e-14,0.001011,7.882e-09,6.502e-05,2.635e-08,4.23e-08,1.684e-05,0.0004195,0.002482
0.22885,8.516,1.345,0.003231,9.659e-15,0.0009865,7.02e-09,5.966e-05,2.394e-08,3.81e-08,1.594e-05,0.0004054,0.002449
0.22997,8.484,1.34,0.003244,9.186e-15,0.0009626,6.247e-09,5.47e-05,2.174e-08,3.429e-08,1.507e-05,0.0003916,0.002416
0.23108,8.453,1.335,0.003257,8.735e-15,0.0009389,5.555e-09,5.011e-05,1.972e-08,3.084e-08,1.425e-05,0.0003781,0.002383
0.23221,8.422,1.33,0.00327,8.303e-15,0.0009154,4.935e-09,4.587e-05,1.788e-08,2.771e-08,1.346e-05,0.0003649,0.002349
0.23334,8.39,1.325,0.003282,7.891e-15,0.0008922,4.38e-09,4.196e-05,1.619e-08,2.488e-08,1.272e-05,0.000352,0.002316
0.23448,8.359,1.32,0.003293,7.497e-15,0.0008692,3.885e-09,3.835e-05,1.466e-08,2.231e-08,1.2e-05,0.0003394,0.002282
0.23563,8.327,1.315,0.003304,7.122e-15,0.0008465,3.442e-09,3.502e-05,1.325e-08,2e-08,1.133e-05,0.0003271,0.002248
0.23678,8.295,1.31,0.003315,6.764e-15,0.0008241,3.048e-09,3.196e-05,1.198e-08,1.791e-08,1.068e-05,0.0003151,0.002214
0.23793,8.264,1.305,0.003325,6.423e-15,0.000802,2.696e-09,2.915e-05,1.082e-08,1.602e-08,1.007e-05,0.0003034,0.002181
0.2391,8.232,1.299,0.003335,6.097e-15,0.0007802,2.384e-09,2.656e-05,9.761e-09,1.433e-08,9.49e-06,0.000292,0.002147
0.24027,8.201,1.294,0.003344,5.787e-15,0.0007587,2.105e-09,2.419e-05,8.801e-09,1.28e-08,8.938e-06,0.0002809,0.002113
0.24145,8.169,1.289,0.003352,5.492e-15,0.0007376,1.858e-09,2.201e-05,7.93e-09,1.142e-08,8.415e-06,0.0002701,0.002079
0.24263,8.138,1.283,0.00336,5.211e-15,0.0007167,1.639e-09,2.001e-05,7.139e-09,1.019e-08,7.919e-06,0.0002596,0.002045
0.24382,8.106,1.278,0.003368,4.943e-15,0.0006962,1.444e-09,1.818e-05,6.423e-09,9.081e-09,7.449e-06,0.0002494,0.002011
0.24501,8.075,1.272,0.003374,4.689e-15,0.000676,1.272e-09,1.651e-05,5.775e-09,8.087e-09,7.004e-06,0.0002394,0.001978
0.24621,8.043,1.267,0.003381,4.447e-15,0.0006562,1.119e-09,1.498e-05,5.188e-09,7.197e-09,6.583e-06,0.0002298,0.001944
0.24742,8.012,1.261,0.003386,4.216e-15,0.0006367,9.844e-10,1.358e-05,4.658e-09,6.399e-09,6.185e-06,0.0002205,0.001911
0.24863,7.98,1.256,0.003392,3.997e-15,0.0006176,8.651e-10,1.231e-05,4.179e-09,5.686e-09,5.808e-06,0.0002114,0.001878
0.24985,7.949,1.25,0.003396,3.789e-15,0.0005988,7.597e-10,1.115e-05,3.746e-09,5.049e-09,5.453e-06,0.0002027,0.001844
0.25107,7.917,1.245,0.0034,3.591e-15,0.0005804,6.666e-10,1.009e-05,3.357e-09,4.479e-09,5.117e-06,0.0001942,0.001811
0.2523,7.886,1.239,0.003404,3.402e-15,0.0005624,5.845e-10,9.123e-06,3.005e-09,3.971e-09,4.799e-06,0.000186,0.001779
0.25354,7.855,1.233,0.003407,3.223e-15,0.0005448,5.122e-10,8.245e-06,2.689e-09,3.519e-09,4.499e-06,0.0001781,0.001746
0.25478,7.823,1.227,0.00341,3.052e-15,0.0005275,4.484e-10,7.448e-06,2.404e-09,3.115e-09,4.215e-06,0.0001704,0.001713
0.25602,7.792,1.222,0.003412,2.889e-15,0.0005107,3.922e-10,6.723e-06,2.148e-09,2.756e-09,3.948e-06,0.000163,0.00168
0.25727,7.761,1.216,0.003413,2.734e-15,0.0004942,3.427e-10,6.065e-06,1.918e-09,2.437e-09,3.694e-06,0.0001559,0.001647
0.25853,7.73,1.21,0.003415,2.585e-15,0.0004781,2.992e-10,5.469e-06,1.712e-09,2.153e-09,3.454e-06,0.000149,0.001614
0.25979,7.699,1.204,0.003416,2.443e-15,0.0004624,2.608e-10,4.928e-06,1.527e-09,1.901e-09,3.227e-06,0.0001424,0.00158
0.26106,7.667,1.198,0.003416,2.306e-15,0.0004471,2.271e-10,4.438e-06,1.361e-09,1.678e-09,3.012e-06,0.000136,0.001545
0.26233,7.636,1.192,0.003417,2.175e-15,0.0004322,1.975e-10,3.995e-06,1.213e-09,1.48e-09,2.808e-06,0.0001299,0.00151
0.26361,7.605,1.186,0.003417,2.049e-15,0.0004177,1.714e-10,3.594e-06,1.08e-09,1.304e-09,2.614e-06,0.000124,0.001474
0.26489,7.574,1.18,0.003416,1.928e-15,0.0004035,1.485e-10,3.232e-06,9.608e-10,1.149e-09,2.43e-06,0.0001183,0.001436
0.26618,7.544,1.174,0.003416,1.811e-15,0.0003898,1.284e-10,2.904e-06,8.545e-10,1.011e-09,2.255e-06,0.0001129,0.001398
0.26747,7.513,1.168,0.003415,1.698e-15,0.0003764,1.108e-10,2.609e-06,7.595e-10,8.895e-10,2.088e-06,0.0001076,0.001358
0.26877,7.482,1.162,0.003414,1.589e-15,0.0003634,9.539e-11,2.342e-06,6.747e-10,7.821e-10,1.929e-06,0.0001026,0.001316
0.27008,7.451,1.156,0.003413,1.483e-15,0.0003508,8.188e-11,2.102e-06,5.99e-10,6.872e-10,1.779e-06,9.781e-05,0.001273
0.27139,7.42,1.149,0.003412,1.381e-15,0.0003385,7.008e-11,1.885e-06,5.315e-10,6.034e-10,1.635e-06,9.319e-05,0.001228
0.2727,7.39,1.143,0.00341,1.283e-15,0.0003265,5.979e-11,1.689e-06,4.714e-10,5.296e-10,1.499e-06,8.875e-05,0.001182
0.27402,7.359,1.137,0.003408,1.188e-15,0.0003149,5.085e-11,1.513e-06,4.178e-10,4.644e-10,1.371e-06,8.45e-05,0.001134
0.27535,7.329,1.131,0.003405,1.097e-15,0.0003037,4.31e-11,1.355e-06,3.7e-10,4.07e-10,1.249e-06,8.043e-05,0.001085
0.27668,7.298,1.124,0.003403,1.01e-15,0.0002927,3.64e-11,1.212e-06,3.275e-10,3.565e-10,1.135e-06,7.652e-05,0.001035
0.27802,7.268,1.118,0.003399,9.272e-16,0.000282,3.063e-11,1.084e-06,2.897e-10,3.12e-10,1.027e-06,7.277e-05,0.0009842
0.27937,7.237,1.112,0.003395,8.485e-16,0.0002717,2.569e-11,9.687e-07,2.561e-10,2.729e-10,9.27e-07,6.918e-05,0.0009328
0.28072,7.207,1.105,0.003391,7.741e-16,0.0002616,2.147e-11,8.652e-07,2.263e-10,2.385e-10,8.338e-07,6.573e-05,0.0008814
0.28207,7.177,1.099,0.003385,7.042e-16,0.0002518,1.788e-11,7.722e-07,1.998e-10,2.083e-10,7.476e-07,6.244e-05,0.0008303
0.28343,7.146,1.092,0.003379,6.386e-16,0.0002423,1.483e-11,6.888e-07,1.763e-10,1.818e-10,6.68e-07,5.928e-05,0.0007796
0.28479,7.116,1.086,0.003373,5.774e-16,0.0002331,1.226e-11,6.141e-07,1.554e-10,1.586e-10,5.95e-07,5.626e-05,0.0007297
0.28616,7.086,1.079,0.003366,5.206e-16,0.0002241,1.011e-11,5.471e-07,1.369e-10,1.382e-10,5.283e-07,5.337e-05,0.0006809
0.28754,7.056,1.072,0.003357,4.681e-16,0.0002154,8.302e-12,4.872e-07,1.206e-10,1.204e-10,4.677e-07,5.06e-05,0.0006337
0.28892,7.026,1.066,0.003349,4.199e-16,0.000207,6.8e-12,4.336e-07,1.061e-10,1.048e-10,4.129e-07,4.796e-05,0.0005881
0.2903,6.997,1.059,0.003339,3.758e-16,0.0001988,5.554e-12,3.856e-07,9.336e-11,9.121e-11,3.636e-07,4.544e-05,0.0005444
0.29169,6.967,1.052,0.003329,3.355e-16,0.0001909,4.524e-12,3.428e-07,8.207e-11,7.931e-11,3.193e-07,4.304e-05,0.0005028
0.29308,6.937,1.046,0.003318,2.99e-16,0.0001833,3.676e-12,3.046e-07,7.211e-11,6.893e-11,2.798e-07,4.074e-05,0.0004634
0.29447,6.908,1.039,0.003307,2.659e-16,0.0001759,2.98e-12,2.706e-07,6.333e-11,5.987e-11,2.447e-07,3.856e-05,0.0004262
0.29587,6.879,1.032,0.003295,2.361e-16,0.0001687,2.411e-12,2.402e-07,5.559e-11,5.198e-11,2.136e-07,3.648e-05,0.0003912
0.29727,6.849,1.025,0.003282,2.094e-16,0.0001618,1.947e-12,2.131e-07,4.878e-11,4.51e-11,1.861e-07,3.45e-05,0.0003585
0.29868,6.82,1.019,0.00327,1.853e-16,0.0001552,1.569e-12,1.891e-07,4.278e-11,3.912e-11,1.619e-07,3.262e-05,0.000328
0.30009,6.791,1.012,0.003256,1.639e-16,0.0001488,1.263e-12,1.676e-07,3.751e-11,3.392e-11,1.406e-07,3.083e-05,0.0002997
0.3015,6.762,1.005,0.003242,1.447e-16,0.0001426,1.014e-12,1.486e-07,3.287e-11,2.94e-11,1.219e-07,2.913e-05,0.0002735
0.30291,6.733,0.998,0.003228,1.277e-16,0.0001366,8.14e-13,1.317e-07,2.88e-11,2.547e-11,1.056e-07,2.752e-05,0.0002493
0.30433,6.705,0.991,0.003214,1.125e-16,0.0001309,6.524e-13,1.166e-07,2.522e-11,2.206e-11,9.141e-08,2.599e-05,0.000227
0.30575,6.676,0.984,0.003199,9.909e-17,0.0001253,5.223e-13,1.033e-07,2.208e-11,1.909e-11,7.902e-08,2.454e-05,0.0002065
0.30718,6.648,0.977,0.003184,8.719e-17,0.00012,4.177e-13,9.14e-08,1.932e-11,1.652e-11,6.825e-08,2.317e-05,0.0001877
0.3086,6.619,0.97,0.003168,7.667e-17,0.0001149,3.337e-13,8.089e-08,1.69e-11,1.43e-11,5.89e-08,2.186e-05,0.0001705
0.31003,6.591,0.963,0.003153,6.738e-17,0.00011,2.664e-13,7.156e-08,1.478e-11,1.236e-11,5.079e-08,2.063e-05,0.0001547
0.31146,6.563,0.956,0.003137,5.918e-17,0.0001053,2.125e-13,6.329e-08,1.293e-11,1.069e-11,4.376e-08,1.946e-05,0.0001403
0.3129,6.535,0.949,0.003121,5.195e-17,0.0001008,1.694e-13,5.597e-08,1.13e-11,9.24e-12,3.769e-08,1.836e-05,0.0001272
0.31434,6.507,0.942,0.003105,4.559e-17,9.64e-05,1.349e-13,4.948e-08,9.876e-12,7.984e-12,3.244e-08,1.731e-05,0.0001153
0.31578,6.48,0.935,0.003089,3.999e-17,9.222e-05,1.074e-13,4.373e-08,8.628e-12,6.898e-12,2.791e-08,1.632e-05,0.0001044
0.31722,6.452,0.928,0.003072,3.506e-17,8.821e-05,8.543e-14,3.864e-08,7.536e-12,5.957e-12,2.399e-08,1.538e-05,9.45e-05
0.31866,6.425,0.921,0.003055,3.073e-17,8.436e-05,6.794e-14,3.413e-08,6.581e-12,5.143e-12,2.062e-08,1.45e-05,8.552e-05
0.32011,6.398,0.914,0.003039,2.693e-17,8.066e-05,5.4e-14,3.014e-08,5.745e-12,4.44e-12,1.772e-08,1.366e-05,7.736e-05
0.32156,6.37,0.907,0.003022,2.36e-17,7.712e-05,4.29e-14,2.661e-08,5.015e-12,3.831e-12,1.522e-08,1.287e-05,6.996e-05
0.32302,6.343,0.9,0.003005,2.067e-17,7.372e-05,3.406e-14,2.349e-08,4.376e-12,3.306e-12,1.306e-08,1.213e-05,6.325e-05
0.32447,6.316,0.893,0.002988,1.81e-17,7.047e-05,2.704e-14,2.074e-08,3.817e-12,2.851e-12,1.121e-08,1.142e-05,5.717e-05
0.32593,6.29,0.886,0.00297,1.585e-17,6.735e-05,2.146e-14,1.83e-08,3.33e-12,2.459e-12,9.621e-09,1.076e-05,5.166e-05
0.32739,6.263,0.879,0.002953,1.387e-17,6.436e-05,1.702e-14,1.614e-08,2.903e-12,2.12e-12,8.253e-09,1.013e-05,4.668e-05
0.32885,6.236,0.872,0.002936,1.214e-17,6.149e-05,1.349e-14,1.424e-08,2.531e-12,1.827e-12,7.078e-09,9.533e-06,4.216e-05
0.33032,6.21,0.864,0.002918,1.062e-17,5.874e-05,1.07e-14,1.256e-08,2.206e-12,1.574e-12,6.069e-09,8.973e-06,3.808e-05
0.33179,6.183,0.857,0.002901,9.296e-18,5.611e-05,8.477e-15,1.107e-08,1.923e-12,1.356e-12,5.203e-09,8.445e-06,3.439e-05
0.33326,6.157,0.85,0.002883,8.134e-18,5.36e-05,6.715e-15,9.757e-09,1.675e-12,1.168e-12,4.459e-09,7.947e-06,3.105e-05
0.33473,6.131,0.843,0.002866,7.116e-18,5.119e-05,5.319e-15,8.599e-09,1.459e-12,1.006e-12,3.821e-09,7.477e-06,2.803e-05
0.3362,6.105,0.836,0.002848,6.225e-18,4.888e-05,4.211e-15,7.577e-09,1.271e-12,8.661e-13,3.274e-09,7.034e-06,2.53e-05
0.33768,6.079,0.828,0.00283,5.445e-18,4.667e-05,3.334e-15,6.674e-09,1.106e-12,7.455e-13,2.804e-09,6.616e-06,2.283e-05
0.33916,6.054,0.821,0.002813,4.762e-18,4.455e-05,2.638e-15,5.879e-09,9.629e-13,6.415e-13,2.402e-09,6.222e-06,2.061e-05
0.34065,6.028,0.814,0.002795,4.165e-18,4.253e-05,2.088e-15,5.177e-09,8.38e-13,5.519e-13,2.057e-09,5.85e-06,1.86e-05
0.34213,6.003,0.807,0.002777,3.642e-18,4.059e-05,1.651e-15,4.558e-09,7.292e-13,4.747e-13,1.761e-09,5.501e-06,1.678e-05
0.34362,5.977,0.799,0.002759,3.185e-18,3.874e-05,1.306e-15,4.012e-09,6.343e-13,4.082e-13,1.508e-09,5.171e-06,1.514e-05
0.34511,5.952,0.792,0.002742,2.785e-18,3.697e-05,1.033e-15,3.531e-09,5.517e-13,3.51e-13,1.291e-09,4.86e-06,1.366e-05
0.3466,5.927,0.785,0.002724,2.436e-18,3.527e-05,8.166e-16,3.107e-09,4.798e-13,3.017e-13,1.105e-09,4.568e-06,1.232e-05
0.3481,5.902,0.777,0.002706,2.13e-18,3.365e-05,6.455e-16,2.733e-09,4.171e-13,2.593e-13,9.46e-10,4.293e-06,1.112e-05
0.3496,5.877,0.77,0.002688,1.863e-18,3.21e-05,5.101e-16,2.404e-09,3.625e-13,2.228e-13,8.096e-10,4.033e-06,1.003e-05
0.3511,5.852,0.763,0.00267,1.629e-18,3.062e-05,4.031e-16,2.114e-09,3.151e-13,1.914e-13,6.929e-10,3.789e-06,9.049e-06
0.3526,5.827,0.755,0.002652,1.424e-18,2.921e-05,3.185e-16,1.859e-09,2.737e-13,1.644e-13,5.929e-10,3.559e-06,8.163e-06
0.35411,5.803,0.748,0.002634,1.245e-18,2.786e-05,2.516e-16,1.634e-09,2.378e-13,1.411e-13,5.074e-10,3.343e-06,7.364e-06
0.35561,5.778,0.741,0.002617,1.089e-18,2.656e-05,1.987e-16,1.436e-09,2.065e-13,1.212e-13,4.341e-10,3.14e-06,6.643e-06
0.35712,5.754,0.733,0.002599,9.523e-19,2.533e-05,1.569e-16,1.262e-09,1.793e-13,1.04e-13,3.714e-10,2.948e-06,5.993e-06
0.35864,5.73,0.726,0.002581,8.328e-19,2.415e-05,1.239e-16,1.109e-09,1.557e-13,8.923e-14,3.178e-10,2.768e-06,5.407e-06
0.36015,5.706,0.719,0.002563,7.283e-19,2.302e-05,9.784e-17,9.739e-10,1.351e-13,7.655e-14,2.719e-10,2.599e-06,4.878e-06
0.36167,5.682,0.711,0.002545,6.37e-19,2.194e-05,0.0,8.553e-10,1.173e-13,6.566e-14,2.326e-10,2.439e-06,4.401e-06
0.36319,5.658,0.704,0.002527,5.571e-19,2.091e-05,0.0,7.511e-10,1.017e-13,5.631e-14,1.99e-10,2.289e-06,3.971e-06
0.36472,5.634,0.696,0.00251,4.873e-19,1.993e-05,0.0,6.594e-10,8.826e-14,4.827e-14,1.703e-10,2.148e-06,3.583e-06
0.36624,5.61,0.689,0.002492,4.262e-19,1.899e-05,0.0,5.788e-10,7.655e-14,4.138e-14,1.457e-10,2.016e-06,3.233e-06
0.36777,5.586,0.682,0.002474,3.729e-19,1.81e-05,0.0,5.079e-10,6.638e-14,3.546e-14,1.246e-10,1.892e-06,2.918e-06
0.3693,5.563,0.674,0.002457,3.262e-19,1.724e-05,0.0,4.457e-10,5.754e-14,3.038e-14,1.066e-10,1.775e-06,2.633e-06
0.37084,5.54,0.667,0.002439,2.854e-19,1.643e-05,0.0,3.91e-10,4.988e-14,2.603e-14,9.122e-11,1.665e-06,2.377e-06
0.37237,5.516,0.659,0.002421,2.497e-19,1.565e-05,0.0,3.429e-10,4.322e-14,2.229e-14,7.805e-11,1.561e-06,2.145e-06
0.37391,5.493,0.652,0.002404,2.185e-19,1.491e-05,0.0,3.007e-10,3.745e-14,1.909e-14,6.678e-11,1.464e-06,1.937e-06
0.37545,5.47,0.644,0.002386,1.913e-19,1.42e-05,0.0,2.637e-10,3.244e-14,1.634e-14,5.714e-11,1.373e-06,1.748e-06
0.377,5.447,0.637,0.002369,1.674e-19,1.352e-05,0.0,2.311e-10,2.809e-14,1.398e-14,4.89e-11,1.287e-06,1.579e-06
0.37855,5.424,0.629,0.002351,1.465e-19,1.287e-05,0.0,2.026e-10,2.433e-14,1.197e-14,4.185e-11,1.207e-06,1.426e-06
0.3801,5.401,0.622,0.002334,1.283e-19,1.226e-05,0.0,1.775e-10,2.106e-14,1.024e-14,3.581e-11,1.132e-06,1.288e-06
0.38165,5.379,0.614,0.002317,1.123e-19,1.167e-05,0.0,1.555e-10,1.823e-14,8.756e-15,3.065e-11,1.061e-06,1.163e-06
0.3832,5.356,0.607,0.002299,9.837e-20,1.111e-05,0.0,1.362e-10,1.577e-14,7.488e-15,2.624e-11,9.941e-07,1.051e-06
0.38476,5.334,0.599,0.002282,8.615e-20,1.058e-05,0.0,1.193e-10,1.365e-14,6.402e-15,2.246e-11,9.316e-07,9.495e-07
0.38632,5.311,0.592,0.002265,7.546e-20,1.007e-05,0.0,1.045e-10,1.18e-14,5.472e-15,1.923e-11,8.73e-07,8.581e-07
0.38789,5.289,0.584,0.002248,6.611e-20,9.582e-06,0.0,9.146e-11,1.021e-14,4.676e-15,1.646e-11,8.179e-07,7.756e-07
0.38945,5.267,0.577,0.002231,5.793e-20,9.118e-06,0.0,8.005e-11,8.826e-15,3.995e-15,1.41e-11,7.663e-07,7.012e-07
0.39102,5.245,0.569,0.002214,5.077e-20,8.677e-06,0.0,7.005e-11,7.63e-15,3.413e-15,1.207e-11,7.178e-07,6.34e-07
0.39259,5.223,0.561,0.002197,4.45e-20,8.256e-06,0.0,6.129e-11,6.594e-15,2.914e-15,1.034e-11,6.724e-07,5.734e-07
0.39417,5.201,0.554,0.00218,3.901e-20,7.855e-06,0.0,5.362e-11,5.698e-15,2.488e-15,8.858e-12,6.297e-07,5.186e-07
0.39574,5.179,0.546,0.002163,3.421e-20,7.473e-06,0.0,4.69e-11,4.923e-15,2.124e-15,7.589e-12,5.897e-07,4.692e-07
0.39732,5.157,0.539,0.002146,3e-20,7.109e-06,0.0,4.101e-11,4.252e-15,1.813e-15,6.503e-12,5.522e-07,4.246e-07
0.39891,5.136,0.531,0.00213,2.632e-20,6.762e-06,0.0,3.585e-11,3.672e-15,1.547e-15,5.573e-12,5.17e-07,3.843e-07
0.40049,5.114,0.523,0.002113,2.309e-20,6.432e-06,0.0,3.134e-11,3.17e-15,1.319e-15,4.776e-12,4.841e-07,3.479e-07
0.40208,5.093,0.516,0.002096,2.026e-20,6.117e-06,0.0,2.739e-11,2.736e-15,1.125e-15,4.094e-12,4.531e-07,3.151e-07
0.40367,5.071,0.508,0.00208,1.778e-20,5.817e-06,0.0,2.393e-11,2.361e-15,9.594e-16,3.51e-12,4.241e-07,2.854e-07
0.40526,5.05,0.501,0.002063,1.561e-20,5.531e-06,0.0,2.091e-11,2.038e-15,8.179e-16,3.01e-12,3.97e-07,2.585e-07
0.40686,5.029,0.493,0.002047,1.371e-20,5.259e-06,0.0,1.826e-11,1.758e-15,6.97e-16,2.582e-12,3.715e-07,2.343e-07
0.40846,5.008,0.485,0.002031,1.204e-20,5e-06,0.0,1.594e-11,1.516e-15,5.939e-16,2.215e-12,3.476e-07,2.124e-07
