radius_km,radius_fraction,mass_density_g_cm3,electron_fraction,electron_density_mol_cm3,neutron_density_mol_cm3,depth_km
0.0,0.0,13.059957173447538,0.467,6.099,6.960957173447537,6371.0
6.371,0.001,13.059948353319058,0.467,6.0989958810000005,6.960952472319057,6364.629
12.742,0.002,13.05992189293362,0.467,6.098983524,6.960938368933618,6358.258
19.113,0.003,13.05987779229122,0.467,6.098962929,6.960914863291219,6351.887
25.484,0.004,13.059816051391861,0.467,6.098934096,6.960881955391861,6345.516
31.855,0.005,13.059736670235546,0.467,6.098897025,6.960839645235545,6339.1449999999995
38.226,0.006,13.05963964882227,0.467,6.098851716,6.960787932822268,6332.774
44.597,0.007,13.059524987152034,0.467,6.098798169,6.960726818152033,6326.403
50.968,0.008,13.05939268522484,0.467,6.098736384,6.960656301224838,6320.032
57.339000000000006,0.009000000000000001,13.059242743040684,0.467,6.098666361,6.960576382040684,6313.661
63.71,0.01,13.059075160599573,0.467,6.098588100000001,6.960487060599571,6307.29
70.08099999999999,0.011,13.0588899379015,0.467,6.098501601000001,6.960388336901498,6300.919
76.452,0.012,13.058687074946466,0.467,6.098406864,6.960280210946466,6294.548
82.82300000000001,0.013000000000000001,13.058466571734476,0.467,6.098303889,6.960162682734475,6288.177
89.194,0.014,13.058228428265524,0.467,6.098192676,6.960035752265523,6281.806
95.565,0.015,13.057972644539614,0.467,6.098073225,6.959899419539613,6275.4349999999995
101.936,0.016,13.057699220556744,0.467,6.097945536,6.959753684556744,6269.064
108.307,0.017,13.057408156316917,0.467,6.0978096090000005,6.959598547316916,6262.693
114.67800000000001,0.018000000000000002,13.057099451820129,0.467,6.097665444,6.9594340078201276,6256.322
121.04899999999999,0.019,13.05677310706638,0.467,6.097513041,6.9592600660663795,6249.951
127.42,0.02,13.056429122055674,0.467,6.0973524,6.959076722055673,6243.58
133.791,0.021,13.056067496788007,0.467,6.097183521,6.958883975788007,6237.209
140.16199999999998,0.022,13.055688231263384,0.467,6.097006404,6.958681827263383,6230.838
146.533,0.023,13.055291325481798,0.467,6.096821049,6.958470276481798,6224.467
152.904,0.024,13.054876779443255,0.467,6.096627456,6.958249323443254,6218.096
159.275,0.025,13.054444593147752,0.467,6.096425625,6.9580189681477504,6211.724999999999
165.64600000000002,0.026000000000000002,13.053994766595288,0.467,6.096215556,6.957779210595287,6205.354
172.017,0.027,13.053527299785866,0.467,6.095997249,6.9575300507858655,6198.983
178.388,0.028,13.053042192719486,0.467,6.095770704,6.957271488719485,6192.612
184.75900000000001,0.029,13.052539445396146,0.467,6.095535921000001,6.9570035243961446,6186.241
191.13,0.03,13.052019057815846,0.467,6.0952929000000005,6.956726157815845,6179.87
197.501,0.031,13.051481029978586,0.467,6.095041641,6.956439388978585,6173.499
203.872,0.032,13.050925361884367,0.467,6.094782144,6.9561432178843665,6167.128
210.24300000000002,0.033,13.05035205353319,0.467,6.094514409,6.955837644533189,6160.757
216.614,0.034,13.049761104925054,0.467,6.094238436,6.955522668925052,6154.3859999999995
222.985,0.035,13.049152516059957,0.467,6.093954225,6.955198291059956,6148.014999999999
229.35600000000002,0.036000000000000004,13.048526286937902,0.467,6.093661776,6.954864510937901,6141.644
235.72699999999998,0.037,13.047882417558887,0.467,6.093361089,6.954521328558886,6135.273
242.09799999999998,0.038,13.047220907922913,0.467,6.093052164,6.954168743922912,6128.902
248.469,0.039,13.046541758029978,0.467,6.092735001,6.9538067570299775,6122.531
254.84,0.04,13.045844967880084,0.467,6.0924096,6.9534353678800835,6116.16
261.211,0.041,13.045130537473232,0.467,6.092075961,6.953054576473232,6109.789
267.582,0.042,13.044398466809422,0.467,6.0917340840000005,6.952664382809421,6103.418
273.95300000000003,0.043000000000000003,13.04364875588865,0.467,6.091383969,6.95226478688865,6097.047
280.32399999999996,0.044,13.04288140471092,0.467,6.0910256160000005,6.95185578871092,6090.6759999999995
286.695,0.045,13.04209641327623,0.467,6.090659025,6.951437388276229,6084.304999999999
293.066,0.046,13.041293781584582,0.467,6.090284196,6.951009585584581,6077.933999999999
299.437,0.047,13.040473509635975,0.467,6.089901129,6.950572380635974,6071.563
305.808,0.048,13.039635597430406,0.467,6.089509824,6.950125773430406,6065.192
312.17900000000003,0.049,13.03878004496788,0.467,6.089110281,6.949669763967878,6058.821
318.55,0.05,13.037906852248394,0.467,6.0887025,6.949204352248393,6052.45
324.92100000000005,0.051000000000000004,13.037016019271947,0.467,6.088286481,6.948729538271947,6046.079
331.29200000000003,0.052000000000000005,13.036107546038544,0.467,6.087862224,6.9482453220385425,6039.708
337.663,0.053,13.03518143254818,0.467,6.087429729,6.947751703548179,6033.3369999999995
344.034,0.054,13.034237678800856,0.467,6.0869889960000005,6.947248682800855,6026.965999999999
350.40500000000003,0.055,13.033276284796575,0.467,6.086540025000001,6.946736259796573,6020.594999999999
356.776,0.056,13.032297250535331,0.467,6.086082816,6.946214434535331,6014.223999999999
363.147,0.057,13.03130057601713,0.467,6.085617369,6.9456832070171295,6007.853
369.51800000000003,0.058,13.030286261241969,0.467,6.085143684,6.945142577241969,6001.482
375.889,0.059000000000000004,13.02925430620985,0.467,6.0846617610000004,6.944592545209849,5995.111
382.26,0.06,13.028204710920772,0.467,6.0841716,6.9440331109207705,5988.74
388.631,0.061,13.027137475374731,0.467,6.083673201,6.943464274374731,5982.369000000001
395.002,0.062,13.026052599571733,0.467,6.083166564,6.942886035571733,5975.998
401.373,0.063,13.024950083511778,0.467,6.082651689,6.942298394511776,5969.627
407.744,0.064,13.02382992719486,0.467,6.082128576000001,6.94170135119486,5963.255999999999
414.115,0.065,13.022692130620985,0.467,6.081597225,6.941094905620984,5956.885
420.48600000000005,0.066,13.02153669379015,0.467,6.081057636000001,6.9404790577901485,5950.513999999999
426.857,0.067,13.020363616702356,0.467,6.0805098090000005,6.939853807702355,5944.143
433.228,0.068,13.019172899357601,0.467,6.079953744,6.9392191553576,5937.772
439.59900000000005,0.069,13.017964541755887,0.467,6.079389441,6.9385751007558865,5931.401000000001
445.97,0.07,13.016738543897217,0.467,6.0788169000000005,6.937921643897216,5925.03
452.34100000000007,0.07100000000000001,13.015494905781583,0.467,6.078236121,6.937258784781583,5918.659000000001
458.71200000000005,0.07200000000000001,13.014233627408993,0.467,6.077647104,6.936586523408992,5912.288
465.08299999999997,0.073,13.012954708779443,0.467,6.077049849,6.935904859779442,5905.917
471.45399999999995,0.074,13.011658149892934,0.467,6.0764443560000005,6.935213793892933,5899.546
477.825,0.075,13.010343950749464,0.467,6.075830625,6.934513325749463,5893.175
484.19599999999997,0.076,13.009012111349035,0.467,6.075208656,6.933803455349035,5886.804
490.567,0.077,13.00766263169165,0.467,6.0745784490000005,6.9330841826916485,5880.433
496.938,0.078,13.006295511777301,0.467,6.073940004,6.9323555077773005,5874.062
503.309,0.079,13.004910751605996,0.467,6.073293321,6.931617430605995,5867.691000000001
509.68,0.08,13.003508351177729,0.467,6.0726384,6.930869951177728,5861.320000000001
516.051,0.081,13.002088310492505,0.467,6.0719752410000005,6.930113069492505,5854.9490000000005
522.422,0.082,13.00065062955032,0.467,6.071303844,6.92934678555032,5848.578
528.793,0.083,12.999195308351178,0.467,6.070624209,6.928571099351177,5842.207
535.164,0.084,12.997722346895076,0.467,6.0699363360000005,6.927786010895074,5835.836
541.5350000000001,0.085,12.996231745182014,0.467,6.069240225000001,6.926991520182012,5829.465
547.9060000000001,0.08600000000000001,12.994723503211992,0.467,6.068535876,6.92618762721199,5823.094
554.277,0.08700000000000001,12.993197620985011,0.467,6.067823289000001,6.92537433198501,5816.723
560.6479999999999,0.088,12.991654098501071,0.467,6.067102464,6.92455163450107,5810.352
567.019,0.089,12.99009293576017,0.467,6.066373401,6.92371953476017,5803.981
573.39,0.09,12.988514132762312,0.467,6.0656361,6.922878032762311,5797.610000000001
579.761,0.091,12.986917689507495,0.467,6.064890561,6.9220271285074935,5791.2390000000005
586.132,0.092,12.985303605995718,0.467,6.0641367840000004,6.921166821995716,5784.868
592.503,0.093,12.98367188222698,0.467,6.063374769,6.9202971132269795,5778.497
598.874,0.094,12.982022518201285,0.467,6.062604516,6.919418002201284,5772.126
605.245,0.095,12.98035551391863,0.467,6.061826025,6.918529488918629,5765.755
611.616,0.096,12.978670869379016,0.467,6.061039296000001,6.917631573379015,5759.384
617.987,0.097,12.976968584582442,0.467,6.0602443290000005,6.916724255582441,5753.013
624.3580000000001,0.098,12.975248659528907,0.467,6.059441124,6.915807535528907,5746.642
630.729,0.099,12.973511094218415,0.467,6.058629681,6.9148814132184135,5740.271
637.1,0.1,12.971755888650963,0.467,6.05781,6.913945888650962,5733.900000000001
643.471,0.101,12.969983042826552,0.467,6.056982081,6.913000961826551,5727.529
649.8420000000001,0.10200000000000001,12.968192556745182,0.467,6.056145924,6.912046632745181,5721.158
656.2130000000001,0.10300000000000001,12.966384430406853,0.467,6.055301529,6.911082901406852,5714.787
662.5840000000001,0.10400000000000001,12.964558663811562,0.467,6.054448896,6.910109767811561,5708.416
668.9549999999999,0.105,12.962715256959314,0.467,6.053588025,6.909127231959313,5702.045
675.326,0.106,12.960854209850106,0.467,6.052718916,6.908135293850106,5695.674
681.697,0.107,12.958975522483941,0.467,6.0518415690000005,6.90713395348394,5689.303
688.068,0.108,12.957079194860812,0.467,6.050955984,6.9061232108608115,5682.932
694.439,0.109,12.955165226980728,0.467,6.0500621610000005,6.905103065980727,5676.561
700.8100000000001,0.11,12.953233618843683,0.467,6.0491601,6.904073518843682,5670.1900000000005
707.181,0.111,12.951284370449677,0.467,6.048249801,6.903034569449677,5663.819
713.552,0.112,12.949317481798715,0.467,6.047331264,6.901986217798714,5657.448
719.923,0.113,12.947332952890793,0.467,6.046404489,6.900928463890792,5651.077
726.294,0.114,12.94533078372591,0.467,6.045469476,6.899861307725908,5644.706
732.6650000000001,0.115,12.943310974304069,0.467,6.044526225,6.898784749304068,5638.335
739.0360000000001,0.116,12.941273524625267,0.467,6.043574736,6.897698788625266,5631.964
745.407,0.117,12.939218434689508,0.467,6.042615009,6.896603425689507,5625.593
751.778,0.11800000000000001,12.937145704496787,0.467,6.041647044,6.895498660496787,5619.222
758.149,0.11900000000000001,12.935055334047108,0.467,6.040670841,6.894384493047108,5612.851
764.52,0.12,12.93294732334047,0.467,6.0396864,6.89326092334047,5606.4800000000005
770.891,0.121,12.930821672376874,0.467,6.0386937210000005,6.892127951376873,5600.109
777.262,0.122,12.928678381156317,0.467,6.037692804000001,6.890985577156316,5593.738
783.633,0.123,12.926517449678801,0.467,6.036683649,6.8898338006788,5587.367
790.004,0.124,12.924338877944324,0.467,6.035666256,6.888672621944323,5580.996
796.375,0.125,12.92214266595289,0.467,6.034640625,6.8875020409528895,5574.625
802.746,0.126,12.919928813704496,0.467,6.033606756,6.886322057704495,5568.254
809.117,0.127,12.917697321199142,0.467,6.032564649,6.885132672199142,5561.883
815.488,0.128,12.91544818843683,0.467,6.031514304,6.883933884436829,5555.512
821.859,0.129,12.913181415417558,0.467,6.030455721,6.882725694417557,5549.141
828.23,0.13,12.910897002141327,0.467,6.0293889,6.881508102141327,5542.7699999999995
834.601,0.131,12.908594948608137,0.467,6.028313841,6.880281107608136,5536.399
840.9720000000001,0.132,12.906275254817986,0.467,6.027230544,6.879044710817985,5530.028
847.3430000000001,0.133,12.903937920770877,0.467,6.026139009,6.877798911770877,5523.657
853.714,0.134,12.90158294646681,0.467,6.0250392360000005,6.876543710466809,5517.286
860.085,0.135,12.899210331905781,0.467,6.023931225,6.87527910690578,5510.915
866.456,0.136,12.896820077087794,0.467,6.022814976,6.874005101087793,5504.544
872.8270000000001,0.137,12.894412182012847,0.467,6.021690489,6.8727216930128465,5498.173
879.1980000000001,0.138,12.891986646680943,0.467,6.020557764,6.8714288826809415,5491.802
885.5690000000001,0.139,12.889543471092077,0.467,6.019416801,6.870126670092076,5485.431
891.94,0.14,12.887082655246253,0.467,6.018267600000001,6.868815055246252,5479.0599999999995
898.311,0.14100000000000001,12.884604199143467,0.467,6.017110161,6.867494038143467,5472.689
904.6820000000001,0.14200000000000002,12.882108102783725,0.467,6.015944484,6.866163618783724,5466.318
911.0530000000001,0.14300000000000002,12.879594366167023,0.467,6.014770569,6.8648237971670225,5459.947
917.4240000000001,0.14400000000000002,12.877062989293362,0.467,6.013588416,6.863474573293361,5453.576
923.795,0.145,12.874513972162742,0.467,6.012398025,6.86211594716274,5447.205
930.1659999999999,0.146,12.871947314775161,0.467,6.011199396,6.86074791877516,5440.834
936.5369999999999,0.147,12.86936301713062,0.467,6.009992529,6.85937048813062,5434.463
942.9079999999999,0.148,12.866761079229121,0.467,6.008777424,6.857983655229121,5428.092
949.279,0.149,12.864141501070664,0.467,6.007554081,6.856587420070663,5421.721
955.65,0.15,12.861504282655247,0.467,6.0063225000000005,6.8551817826552455,5415.349999999999
962.021,0.151,12.85884942398287,0.467,6.005082681,6.853766742982868,5408.979
968.3919999999999,0.152,12.856176925053534,0.467,6.0038346240000005,6.8523423010535325,5402.608
974.763,0.153,12.853486785867238,0.467,6.002578329,6.850908456867237,5396.237
981.134,0.154,12.850779006423982,0.467,6.001313796,6.849465210423982,5389.866
987.505,0.155,12.848053586723768,0.467,6.000041025,6.848012561723768,5383.495
993.876,0.156,12.845310526766594,0.467,5.998760016,6.846550510766594,5377.124
1000.247,0.157,12.842549826552462,0.467,5.997470769,6.845079057552462,5370.753
1006.618,0.158,12.83977148608137,0.467,5.996173284,6.843598202081369,5364.382
1012.989,0.159,12.836975505353319,0.467,5.994867561,6.842107944353318,5358.0109999999995
1019.36,0.16,12.834161884368308,0.467,5.9935536,6.840608284368307,5351.639999999999
1025.731,0.161,12.83133062312634,0.467,5.992231401000001,6.839099222126338,5345.269
1032.102,0.162,12.82848172162741,0.467,5.990900964000001,6.837580757627409,5338.898
1038.473,0.163,12.82561517987152,0.467,5.989562289,6.836052890871519,5332.527
1044.844,0.164,12.822730997858672,0.467,5.988215376,6.834515621858671,5326.156
1051.2150000000001,0.165,12.819829175588865,0.467,5.986860225,6.832968950588864,5319.785
1057.586,0.166,12.816909713062099,0.467,5.985496836,6.831412877062098,5313.414
1063.957,0.167,12.813972610278372,0.467,5.984125209,6.829847401278371,5307.043
1070.328,0.168,12.811017867237688,0.467,5.9827453440000005,6.828272523237686,5300.672
1076.699,0.169,12.808045483940043,0.467,5.981357241,6.826688242940042,5294.3009999999995
1083.0700000000002,0.17,12.805055460385438,0.467,5.9799609,6.825094560385438,5287.929999999999
1089.441,0.171,12.802047796573875,0.467,5.978556321,6.823491475573874,5281.558999999999
1095.8120000000001,0.17200000000000001,12.799022492505353,0.467,5.977143504,6.821878988505352,5275.188
1102.183,0.17300000000000001,12.79597954817987,0.467,5.975722449,6.820257099179869,5268.817
1108.554,0.17400000000000002,12.79291896359743,0.467,5.974293156,6.818625807597429,5262.446
1114.9250000000002,0.17500000000000002,12.78984073875803,0.467,5.972855625,6.8169851137580295,5256.075
1121.2959999999998,0.176,12.78674487366167,0.467,5.971409856,6.815335017661669,5249.704000000001
1127.667,0.177,12.783631368308352,0.467,5.969955849000001,6.813675519308351,5243.333
1134.038,0.178,12.780500222698072,0.467,5.968493604,6.812006618698071,5236.962
1140.4089999999999,0.179,12.777351436830836,0.467,5.967023121,6.8103283158308345,5230.590999999999
1146.78,0.18,12.774185010706638,0.467,5.965544400000001,6.808640610706637,5224.22
1153.151,0.181,12.771000944325483,0.467,5.9640574410000005,6.806943503325481,5217.848999999999
1159.522,0.182,12.767799237687365,0.467,5.962562244,6.805236993687364,5211.478
1165.893,0.183,12.764579890792291,0.467,5.961058809,6.80352108179229,5205.107
1172.264,0.184,12.761342903640257,0.467,5.959547136,6.801795767640256,5198.736000000001
1178.635,0.185,12.758088276231263,0.467,5.958027225,6.800061051231262,5192.365
1185.006,0.186,12.75481600856531,0.467,5.956499076,6.798316932565309,5185.994000000001
1191.377,0.187,12.751526100642398,0.467,5.954962689,6.7965634116423965,5179.623
1197.748,0.188,12.748218552462527,0.467,5.953418064,6.794800488462526,5173.252
1204.119,0.189,12.744893364025696,0.467,5.951865201,6.793028163025695,5166.880999999999
1210.49,0.19,12.741550535331905,0.467,5.9503041,6.791246435331905,5160.51
1216.861,0.191,12.738190066381156,0.467,5.948734761,6.789455305381155,5154.138999999999
1223.232,0.192,12.734811957173447,0.467,5.947157184,6.787654773173446,5147.768
1229.603,0.193,12.131525890858489,0.467,5.665422591030914,6.466103299827574,5141.397
1235.974,0.194,12.12843127882943,0.467,5.663977407213344,6.464453871616085,5135.026000000001
1242.345,0.195,12.125319971994113,0.467,5.662524426921251,6.462795545072861,5128.655
1248.7160000000001,0.196,12.122191959497181,0.467,5.661063645085184,6.461128314411996,5122.284000000001
1255.087,0.197,12.11904723042748,0.467,5.659595056609634,6.459452173817846,5115.913
1261.458,0.198,12.11588577381804,0.467,5.658118656373024,6.457767117445014,5109.542
1267.8290000000002,0.199,12.112707578646068,0.467,5.656634439227714,6.456073139418353,5103.170999999999
1274.2,0.2,12.109512633832976,0.467,5.6551424,6.454370233832975,5096.8
1280.5710000000001,0.201,12.106300928244355,0.467,5.653642533490114,6.45265839475424,5090.428999999999
1286.942,0.202,12.103072450689986,0.467,5.652134834472224,6.450937616217762,5084.058
1293.313,0.203,12.09982718992384,0.467,5.650619297694433,6.449207892229405,5077.687
1299.6840000000002,0.20400000000000001,12.096565134644075,0.467,5.649095917878784,6.447469216765291,5071.316000000001
1306.055,0.20500000000000002,12.09328627349304,0.467,5.64756468972125,6.44572158377179,5064.945
1312.4260000000002,0.20600000000000002,12.089990595057266,0.467,5.646025607891744,6.443964987165522,5058.5740000000005
1318.797,0.20700000000000002,12.086678087867481,0.467,5.6444786670341145,6.442199420833367,5052.2029999999995
1325.1680000000001,0.20800000000000002,12.083348740398595,0.467,5.642923861766144,6.4404248786324505,5045.832
1331.539,0.209,12.080002541069707,0.467,5.641361186679553,6.438641354390152,5039.461
1337.9099999999999,0.21,12.076639478244111,0.467,5.63979063634,6.43684884190411,5033.09
1344.281,0.211,12.07325954022928,0.467,5.638212205287074,6.4350473349422055,5026.719
1350.652,0.212,12.06986271527688,0.467,5.636625888034303,6.433236827242576,5020.348
1357.023,0.213,12.066448991582769,0.467,5.6350316790691535,6.431417312513615,5013.977
1363.394,0.214,12.063018357286989,0.467,5.633429572853024,6.429588784433964,5007.606
1369.7649999999999,0.215,12.059570800473768,0.467,5.63181956382125,6.427751236652518,5001.235000000001
1376.136,0.216,12.056106309171527,0.467,5.630201646383104,6.425904662788423,4994.8640000000005
1382.507,0.217,12.052624871352876,0.467,5.628575814921794,6.424049056431082,4988.493
1388.878,0.218,12.04912647493461,0.467,5.626942063794464,6.4221844111401465,4982.122
1395.249,0.219,12.045611107777717,0.467,5.625300387332194,6.420310720445522,4975.751
1401.6200000000001,0.22,12.042078757687364,0.467,5.623650779839999,6.418427977847363,4969.38
1407.991,0.221,12.03852941241292,0.467,5.621993235596834,6.416536176816085,4963.009
1414.362,0.222,12.034963059647929,0.467,5.620327748855583,6.414635310792345,4956.638
1420.733,0.223,12.031379687030135,0.467,5.618654313843074,6.412725373187061,4950.267
1427.104,0.224,12.027779282141463,0.467,5.616972924760064,6.410806357381399,4943.896
1433.4750000000001,0.225,12.02416183250803,0.467,5.61528357578125,6.408878256726779,4937.525000000001
1439.846,0.226,12.020527325600137,0.467,5.613586261055264,6.4069410645448714,4931.154
1446.217,0.227,12.016875748832277,0.467,5.611880974704674,6.404994774127602,4924.783
1452.588,0.228,12.013207089563135,0.467,5.610167710825984,6.40303937873715,4918.412
1458.959,0.229,12.009521335095576,0.467,5.608446463489634,6.401074871605941,4912.041
1465.3300000000002,0.23,12.005818472676658,0.467,5.60671722674,6.399101245936658,4905.67
1471.701,0.231,12.00209848949763,0.467,5.604979994595394,6.3971184949022355,4899.299
1478.0720000000001,0.232,11.998361372693926,0.467,5.603234761048064,6.395126611645861,4892.928
1484.443,0.233,11.994607109345168,0.467,5.601481520064194,6.393125589280974,4886.557
1490.814,0.234,11.990835686475169,0.467,5.599720265583904,6.391115420891264,4880.186
1497.1850000000002,0.23500000000000001,11.987047091051927,0.467,5.59795099152125,6.3890960995306765,4873.8150000000005
1503.556,0.23600000000000002,11.983241309987632,0.467,5.596173691764224,6.387067618223407,4867.444
1509.9270000000001,0.23700000000000002,11.979418330138659,0.467,5.5943883601747535,6.385029969963904,4861.073
1516.298,0.23800000000000002,11.975578138305575,0.467,5.5925949905887045,6.382983147716871,4854.702
1522.669,0.23900000000000002,11.971720721233133,0.467,5.590793576815874,6.380927144417259,4848.331
1529.04,0.24,11.967846065610276,0.467,5.5889841126399995,6.378861952970277,4841.96
1535.411,0.241,11.963954158070138,0.467,5.587166591818755,6.376787566251382,4835.589
1541.782,0.242,11.960044985190029,0.467,5.585341008083744,6.374703977106284,4829.218
1548.153,0.243,11.956118533491464,0.467,5.583507355140514,6.372611178350949,4822.847
1554.524,0.244,11.952174789440136,0.467,5.581665626668544,6.370509162771591,4816.476
1560.895,0.245,11.94821373944593,0.467,5.57981581632125,6.36839792312468,4810.1050000000005
1567.266,0.246,11.94423536986292,0.467,5.577957917725984,6.366277452136935,4803.734
1573.637,0.247,11.940239666989363,0.467,5.576091924484033,6.36414774250533,4797.363
1580.008,0.248,11.936226617067716,0.467,5.574217830170624,6.362008786897092,4790.992
1586.379,0.249,11.932196206284614,0.467,5.572335628334915,6.359860577949698,4784.621
1592.75,0.25,11.928148420770876,0.467,5.5704453124999995,6.357703108270876,4778.25
1599.121,0.251,11.924083246601528,0.467,5.568546876162914,6.355536370438614,4771.879
1605.492,0.252,11.920000669795769,0.467,5.5666403127946245,6.353360357001144,4765.508
1611.863,0.253,11.915900676316989,0.467,5.564725615840034,6.351175060476954,4759.137
1618.234,0.254,11.91178325207277,0.467,5.562802778717984,6.348980473354785,4752.766
1624.605,0.255,11.907648382914882,0.467,5.56087179482125,6.346776588093631,4746.3949999999995
1630.976,0.256,11.90349605463928,0.467,5.558932657516544,6.3445633971227355,4740.024
1637.347,0.257,11.89932625298611,0.467,5.556985360144514,6.342340892841596,4733.653
1643.718,0.258,11.895138963639708,0.467,5.555029896019744,6.340109067619963,4727.282
1650.089,0.259,11.890934172228596,0.467,5.553066258430754,6.33786791379784,4720.911
1656.46,0.26,11.88671186432548,0.467,5.55109444064,6.3356174236854805,4714.54
1662.8310000000001,0.261,11.882472025447267,0.467,5.549114435883874,6.333357589563392,4708.169
1669.202,0.262,11.87821464105504,0.467,5.547126237372704,6.331088403682335,4701.798
1675.573,0.263,11.873939696554075,0.467,5.5451298382907535,6.3288098582633205,4695.427
1681.9440000000002,0.264,11.86964717729384,0.467,5.543125231796224,6.326521945497616,4689.056
1688.315,0.265,11.865337068567987,0.467,5.54111241102125,6.324224657546736,4682.6849999999995
1694.6860000000001,0.266,11.861009355614355,0.467,5.539091369071904,6.32191798654245,4676.314
1701.057,0.267,11.856664023614975,0.467,5.537062099028193,6.319601924586781,4669.943
1707.428,0.268,11.852301057696067,0.467,5.535024593944064,6.317276463752003,4663.572
1713.7990000000002,0.269,11.847920442928038,0.467,5.532978846847394,6.314941596080643,4657.201
1720.17,0.27,11.843522164325481,0.467,5.53092485074,6.3125973135854805,4650.83
1726.5410000000002,0.271,11.83910620684718,0.467,5.528862598597634,6.3102436082495466,4644.459
1732.912,0.272,11.834672555396109,0.467,5.526792083369983,6.307880472026125,4638.088
1739.2830000000001,0.273,11.83022119481943,0.467,5.524713297980674,6.305507896838755,4631.717
1745.6540000000002,0.274,11.825752109908487,0.467,5.522626235327264,6.303125874581223,4625.346
1752.025,0.275,11.821265285398821,0.467,5.52053088828125,6.300734397117571,4618.974999999999
1758.3960000000002,0.276,11.816760705970156,0.467,5.518427249688063,6.298333456282092,4612.604
1764.767,0.277,11.812238356246409,0.467,5.516315312367073,6.295923043879335,4606.233
1771.1380000000001,0.278,11.807698220795682,0.467,5.514195069111584,6.293503151684098,4599.862
1777.5090000000002,0.279,11.803140284130263,0.467,5.5120665126888335,6.29107377144143,4593.491
1783.88,0.28,11.798564530706637,0.467,5.50992963584,6.288634894866636,4587.12
1790.2510000000002,0.281,11.793970944925467,0.467,5.507784431280194,6.286186513645273,4580.749
1796.622,0.28200000000000003,11.789359511131615,0.467,5.505630891698464,6.283728619433149,4574.378
1802.9930000000002,0.28300000000000003,11.78473021361412,0.467,5.5034690097577945,6.281261203856325,4568.007
1809.3640000000003,0.28400000000000003,11.780083036606218,0.467,5.501298778095104,6.278784258511113,4561.6359999999995
1815.7350000000001,0.28500000000000003,11.775417964285332,0.467,5.49912018932125,6.276297774964081,4555.264999999999
1822.1060000000002,0.28600000000000003,11.770734980773069,0.467,5.4969332360210235,6.273801744752045,4548.894
1828.4770000000003,0.28700000000000003,11.766034070135232,0.467,5.4947379107531535,6.271296159382078,4542.523
1834.8480000000002,0.28800000000000003,11.761315216381806,0.467,5.492534206050304,6.268781010331502,4536.152
1841.2189999999998,0.289,11.756578403466968,0.467,5.490322114419074,6.266256289047893,4529.781000000001
1847.59,0.29,11.751823615289078,0.467,5.48810162834,6.2637219869490774,4523.41
1853.9609999999998,0.291,11.747050835690692,0.467,5.485872740267554,6.261178095423138,4517.039000000001
1860.3319999999999,0.292,11.74226004845855,0.467,5.483635442630144,6.258624605828406,4510.668
1866.703,0.293,11.737451237323583,0.467,5.481389727830114,6.256061509493469,4504.2970000000005
1873.0739999999998,0.294,11.732624385960907,0.467,5.479135588243744,6.2534887977171625,4497.9259999999995
1879.445,0.295,11.727779477989829,0.467,5.4768730162212504,6.250906461768578,4491.555
1885.8159999999998,0.296,11.722916496973841,0.467,5.474602004086784,6.248314492887056,4485.183999999999
1892.187,0.297,11.718035426420629,0.467,5.472322544138434,6.245712882282194,4478.813
1898.558,0.298,11.713136249782064,0.467,5.470034628648224,6.243101621133839,4472.442
1904.9289999999999,0.299,11.708218950454206,0.467,5.467738249862115,6.240480700592091,4466.071000000001
1911.3,0.3,11.703283511777302,0.467,5.4654334,6.237850111777301,4459.7
1917.6709999999998,0.301,11.69832991703579,0.467,5.463120071255714,6.2352098457800755,4453.329000000001
1924.042,0.302,11.693358149458293,0.467,5.460798255797023,6.232559893661269,4446.958
1930.413,0.303,11.68836819221763,0.467,5.4584679457656335,6.229900246451996,4440.587
1936.7839999999999,0.304,11.683360028430801,0.467,5.456129133277185,6.227230895153616,4434.215999999999
1943.155,0.305,11.678333641158993,0.467,5.45378181042125,6.2245518307377425,4427.845
1949.526,0.306,11.673289013407587,0.467,5.451425969261344,6.221863044146243,4421.473999999999
1955.897,0.307,11.668226128126154,0.467,5.449061601834914,6.219164526291239,4415.103
1962.268,0.308,11.663144968208446,0.467,5.446688700153344,6.216456268055101,4408.732
1968.639,0.309,11.658045516492406,0.467,5.444307256201954,6.213738260290452,4402.361000000001
1975.01,0.31,11.65292775576017,0.467,5.44191726194,6.21101049382017,4395.99
1981.381,0.311,11.647791668738058,0.467,5.439518709300674,6.208272959437385,4389.619000000001
1987.752,0.312,11.642637238096581,0.467,5.437111590191104,6.205525647905477,4383.248
1994.123,0.313,11.637464446450435,0.467,5.434695896492354,6.202768549958081,4376.877
2000.494,0.314,11.632273276358509,0.467,5.432271620059424,6.200001656299085,4370.505999999999
2006.865,0.315,11.627063710323876,0.467,5.42983875272125,6.197224957602625,4364.135
2013.236,0.316,11.621835730793798,0.467,5.427397286280704,6.194438444513093,4357.763999999999
2019.607,0.317,11.61658932015973,0.467,5.424947212514594,6.1916421076451345,4351.393
2025.978,0.318,11.61132446075731,0.467,5.422488523173664,6.188835937583645,4345.022
2032.349,0.319,11.606041134866368,0.467,5.420021209982594,6.186019924883773,4338.651000000001
2038.72,0.32,11.60073932471092,0.467,5.41754526464,6.183194060070919,4332.28
2045.0910000000001,0.321,11.595419012459173,0.467,5.415060678818434,6.180358333640738,4325.909000000001
2051.462,0.322,11.590080180223518,0.467,5.412567444164384,6.177512736059135,4319.538
2057.833,0.323,11.584722810060544,0.467,5.410065552298274,6.174657257762269,4313.167
2064.204,0.324,11.579346883971015,0.467,5.407554994814464,6.17179188915655,4306.795999999999
2070.5750000000003,0.325,11.573952383899893,0.467,5.4050357632812505,6.168916620618642,4300.425
2076.946,0.326,11.568539291736325,0.467,5.402507849240864,6.16603144249546,4294.053999999999
2083.317,0.327,11.563107589313647,0.467,5.399971244209474,6.163136345104173,4287.683
2089.688,0.328,11.557657258409387,0.467,5.397425939677184,6.160231318732202,4281.312
2096.059,0.329,11.552188280745254,0.467,5.394871927108034,6.15731635363722,4274.941000000001
2102.4300000000003,0.33,11.54670063798715,0.467,5.3923091979399995,6.15439144004715,4268.57
2108.801,0.331,11.541194311745167,0.467,5.389737743584994,6.151456568160174,4262.1990000000005
2115.172,0.332,11.535669283573583,0.467,5.387157555428863,6.148511728144719,4255.8279999999995
2121.543,0.333,11.530125534970866,0.467,5.384568624831394,6.1455569101394705,4249.457
2127.914,0.334,11.524563047379665,0.467,5.381970943126304,6.14259210425336,4243.085999999999
2134.2850000000003,0.335,11.51898180218683,0.467,5.37936450162125,6.13961730056558,4236.715
2140.656,0.336,11.51338178072339,0.467,5.376749291597823,6.136632489125566,4230.343999999999
2147.027,0.337,11.507762964264568,0.467,5.374125304311554,6.133637659953014,4223.973
2153.398,0.338,11.502125334029772,0.467,5.371492530991904,6.130632803037868,4217.602
2159.7690000000002,0.339,11.4964688711826,0.467,5.3688509628422745,6.127617908340325,4211.231
2166.1400000000003,0.34,11.490793556830834,0.467,5.36620059104,6.124592965790834,4204.86
2172.511,0.341,11.485099372026452,0.467,5.363541406736354,6.121557965290098,4198.4890000000005
2178.882,0.342,11.479386297765618,0.467,5.360873401056544,6.118512896709073,4192.1179999999995
2185.253,0.343,11.47365431498868,0.467,5.358196565099714,6.115457749888965,4185.747
2191.6240000000003,0.34400000000000003,11.46790340458018,0.467,5.3555108899389445,6.112392514641235,4179.375999999999
2197.9950000000003,0.34500000000000003,11.462133547368841,0.467,5.35281636662125,6.109317180747592,4173.005
2204.366,0.34600000000000003,11.45634472412759,0.467,5.350112986167584,6.106231737960004,4166.633999999999
2210.737,0.34700000000000003,11.45053691557352,0.467,5.3474007395728345,6.103136176000685,4160.263
2217.108,0.34800000000000003,11.444710102367932,0.467,5.3446796178058245,6.100030484562106,4153.892
2223.4790000000003,0.34900000000000003,11.438864265116303,0.467,5.341949611809314,6.096914653306989,4147.521
2229.8500000000004,0.35000000000000003,11.432999384368307,0.467,5.3392107125,6.093788671868307,4141.15
2236.221,0.35100000000000003,11.427115440617802,0.467,5.336462910768514,6.0906525298492875,4134.779
2242.5919999999996,0.352,11.421212414302834,0.467,5.333706197479424,6.08750621682341,4128.408
2248.9629999999997,0.353,11.41529028580564,0.467,5.330940563471234,6.084349722334405,4122.037
2255.334,0.354,11.40934903545264,0.467,5.328165999556384,6.081183035896257,4115.666
2261.705,0.355,11.403388643514452,0.467,5.325382496521249,6.078006146993202,4109.295
2268.076,0.356,11.397409090205874,0.467,5.322590045126144,6.07481904507973,4102.924
2274.447,0.357,11.391410355685897,0.467,5.319788636105314,6.071621719580582,4096.553
2280.8179999999998,0.358,11.385392420057695,0.467,5.316978260166944,6.06841415989075,4090.1820000000002
2287.189,0.359,11.379355263368636,0.467,5.3141589079931535,6.065196355375482,4083.811
2293.56,0.36,11.373298865610277,0.467,5.31133057024,6.061968295370277,4077.44
2299.931,0.361,11.36722320671836,0.467,5.3084932375374745,6.058729969180885,4071.069
2306.302,0.362,11.361128266572814,0.467,5.305646900489505,6.055481366083309,4064.698
2312.673,0.363,11.355014024997761,0.467,5.302791549673954,6.052222475323806,4058.327
2319.044,0.364,11.348880461761507,0.467,5.299927175642624,6.048953286118882,4051.956
2325.415,0.365,11.34272755657655,0.467,5.297053768921249,6.0456737876553,4045.585
2331.786,0.366,11.33655528909958,0.467,5.294171320009505,6.042383969090076,4039.214
2338.157,0.367,11.330363638931463,0.467,5.291279819380994,6.039083819550469,4032.843
2344.528,0.368,11.324152585617266,0.467,5.288379257483264,6.0357733281340025,4026.472
2350.899,0.369,11.31792210864624,0.467,5.285469624737794,6.032452483908445,4020.101
2357.27,0.37,11.31167218745182,0.467,5.28255091154,6.029121275911819,4013.73
2363.641,0.371,11.305402801411635,0.467,5.2796231082592335,6.0257796931524,4007.359
2370.012,0.372,11.299113929847502,0.467,5.276686205238784,6.0224277246087174,4000.988
2376.383,0.373,11.292805552025426,0.467,5.2737401927958745,6.019065359229551,3994.617
2382.754,0.374,11.286477647155595,0.467,5.270785061221663,6.015692585933931,3988.246
2389.125,0.375,11.280130194392397,0.467,5.26782080078125,6.0123093936111465,3981.875
2395.496,0.376,11.273763172834396,0.467,5.264847401713664,6.008915771120733,3975.504
2401.867,0.377,11.267376561524355,0.467,5.261864854231874,6.00551170729248,3969.133
2408.238,0.378,11.260970339449218,0.467,5.258873148522785,6.002097190926432,3962.762
2414.609,0.379,11.254544485540116,0.467,5.255872274747234,5.998672210792881,3956.391
2420.98,0.38,11.248098978672374,0.467,5.252862223039999,5.995236755632375,3950.02
2427.351,0.381,11.241633797665513,0.467,5.249842983509795,5.991790814155717,3943.649
2433.722,0.382,11.23514892128322,0.467,5.246814546239263,5.988334375043955,3937.278
2440.093,0.383,11.22864432823339,0.467,5.243776901284994,5.984867426948396,3930.907
2446.464,0.384,11.222119997168102,0.467,5.240730038677504,5.981389958490597,3924.536
2452.835,0.385,11.215575906683618,0.467,5.23767394842125,5.977901958262367,3918.165
2459.206,0.386,11.209012035320393,0.467,5.234608620494624,5.974403414825769,3911.794
2465.577,0.387,11.20242836156307,0.467,5.231534044849954,5.970894316713116,3905.423
2471.948,0.388,11.195824863840476,0.467,5.228450211413503,5.967374652426973,3899.052
2478.319,0.389,11.18920152052564,0.467,5.225357110085474,5.9638444104401644,3892.681
2484.69,0.39,11.182558309935759,0.467,5.22225473074,5.960303579195759,3886.31
2491.061,0.391,11.175895210332234,0.467,5.219143063225154,5.95675214710708,3879.939
2497.4320000000002,0.392,11.16921219992065,0.467,5.216022097362944,5.953190102557706,3873.5679999999998
2503.803,0.393,11.162509256850779,0.467,5.212891822949314,5.949617433901464,3867.197
2510.174,0.394,11.155786359216581,0.467,5.209752229754144,5.946034129462436,3860.826
2516.545,0.395,11.14904348505621,0.467,5.20660330752125,5.942440177534959,3854.455
2522.916,0.396,11.142280612351998,0.467,5.203445045968383,5.938835566383614,3848.084
2529.2870000000003,0.397,11.135497719030479,0.467,5.200277434787234,5.935220284243244,3841.7129999999997
2535.6580000000004,0.398,11.128694782962363,0.467,5.197100463643424,5.931594319318939,3835.3419999999996
2542.029,0.399,11.121871781962556,0.467,5.193914122176514,5.927957659786041,3828.971
2548.4,0.4,11.11502869379015,0.467,5.1907184,5.924310293790149,3822.6
2554.771,0.401,11.108165496148422,0.467,5.187513286701313,5.920652209447108,3816.229
2561.1420000000003,0.402,11.101282166684848,0.467,5.184298771841824,5.916983394843023,3809.8579999999997
2567.5130000000004,0.403,11.094378682991078,0.467,5.181074844956834,5.913303838034244,3803.4869999999996
2573.884,0.404,11.087455022602962,0.467,5.177841495555583,5.9096135270473775,3797.116
2580.255,0.405,11.080511163000534,0.467,5.17459871312125,5.905912449879284,3790.745
2586.626,0.406,11.073547081608018,0.467,5.171346487110944,5.902200594497073,3784.374
2592.9970000000003,0.40700000000000003,11.06656275579382,0.467,5.168084806955714,5.898477948838105,3778.0029999999997
2599.3680000000004,0.40800000000000003,11.059558162870543,0.467,5.164813662060544,5.894744500809998,3771.6319999999996
2605.739,0.40900000000000003,11.052533280094977,0.467,5.161533041804354,5.891000238290622,3765.261
2612.11,0.41000000000000003,11.045488084668095,0.467,5.158242935540001,5.887245149128094,3758.89
2618.481,0.41100000000000003,11.038422553735062,0.467,5.154943332594274,5.883479221140787,3752.519
2624.8520000000003,0.41200000000000003,11.03133666438523,0.467,5.151634222267903,5.879702442117327,3746.1479999999997
2631.2230000000004,0.41300000000000003,11.02423039365215,0.467,5.148315593835554,5.875914799816595,3739.7769999999996
2637.594,0.41400000000000003,11.01710371851354,0.467,5.144987436545824,5.872116281967716,3733.406
2643.965,0.41500000000000004,11.009956615891326,0.467,5.14164973962125,5.868306876270076,3727.035
2650.3360000000002,0.41600000000000004,11.002789062651614,0.467,5.138302492258304,5.864486570393309,3720.6639999999998
2656.707,0.417,10.995601035604697,0.467,5.134945683627394,5.860655351977303,3714.2929999999997
2663.078,0.418,10.988392511505062,0.467,5.131579302872864,5.856813208632197,3707.9220000000005
2669.449,0.419,10.981163467051378,0.467,5.128203339112994,5.852960127938383,3701.551
2675.8199999999997,0.42,10.97391387888651,0.467,5.12481778144,5.849096097446509,3695.1800000000003
2682.191,0.421,10.966643723597503,0.467,5.121422618920034,5.845221104677468,3688.8089999999997
2688.562,0.422,10.959352977715598,0.467,5.118017840593184,5.841335137122413,3682.4380000000006
2694.933,0.423,10.952041617716217,0.467,5.114603435473474,5.837438182242743,3676.0669999999996
2701.304,0.424,10.94470962001898,0.467,5.1111793925488636,5.833530227470115,3669.6960000000004
2707.6749999999997,0.425,10.937356960987687,0.467,5.10774570078125,5.829611260206437,3663.325
2714.046,0.426,10.929983616930327,0.467,5.104302349106463,5.825681267823864,3656.9540000000006
2720.417,0.427,10.922589564099088,0.467,5.1008493264342745,5.821740237664813,3650.5829999999996
2726.788,0.428,10.91517477869033,0.467,5.0973866216483845,5.817788157041945,3644.2120000000004
2733.159,0.429,10.90773923684461,0.467,5.093914223606434,5.813825013238176,3637.841
2739.5299999999997,0.43,10.90028291464668,0.467,5.09043212114,5.80985079350668,3631.4700000000003
2745.901,0.431,10.892805788125468,0.467,5.086940303054594,5.805865485070874,3625.0989999999997
2752.272,0.432,10.885307833254098,0.467,5.083438758129664,5.801869075124433,3618.7280000000005
2758.643,0.433,10.877789025949879,0.467,5.079927475118594,5.797861550831285,3612.3569999999995
2765.014,0.434,10.870249342074311,0.467,5.076406442748704,5.7938428993256075,3605.9860000000003
2771.3849999999998,0.435,10.862688757433082,0.467,5.07287564972125,5.789813107711832,3599.615
2777.756,0.436,10.855107247776068,0.467,5.069335084711424,5.785772163064643,3593.244
2784.127,0.437,10.847504788797332,0.467,5.065784736368355,5.781720052428978,3586.8729999999996
2790.498,0.438,10.839881356135125,0.467,5.062224593315103,5.777656762820021,3580.5020000000004
2796.869,0.439,10.832236925371891,0.467,5.058654644148674,5.773582281223217,3574.131
2803.2400000000002,0.44,10.824571472034261,0.467,5.05507487744,5.76949659459426,3567.76
2809.611,0.441,10.816884971593048,0.467,5.051485281733954,5.765399689859094,3561.3889999999997
2815.982,0.442,10.809177399463263,0.467,5.047885845549344,5.761291553913918,3555.0180000000005
2822.353,0.443,10.801448731004097,0.467,5.044276557378914,5.757172173625182,3548.6469999999995
2828.724,0.444,10.793698941518938,0.467,5.040657405689345,5.753041535829594,3542.2760000000003
2835.0950000000003,0.445,10.785928006255354,0.467,5.03702837892125,5.748899627334103,3535.9049999999997
2841.466,0.446,10.778135900405104,0.467,5.033389465489184,5.744746434915919,3529.534
2847.837,0.447,10.770322599104142,0.467,5.0297406537816345,5.740581945322507,3523.1629999999996
2854.208,0.448,10.7624880774326,0.467,5.026081932161024,5.736406145271575,3516.7920000000004
2860.579,0.449,10.754632310414804,0.467,5.022413288963714,5.7322190214510895,3510.4209999999994
2866.9500000000003,0.45,10.746755273019273,0.467,5.018734712500001,5.728020560519272,3504.05
2873.321,0.451,10.738856940158701,0.467,5.015046191054114,5.723810749104587,3497.6789999999996
2879.692,0.452,10.730937286689986,0.467,5.011347712884224,5.719589573805762,3491.3080000000004
2886.063,0.453,10.722996287414205,0.467,5.007639266222434,5.71535702119177,3484.9369999999994
2892.434,0.454,10.715033917076624,0.467,5.003920839274784,5.71111307780184,3478.5660000000003
2898.8050000000003,0.455,10.707050150366701,0.467,5.00019242022125,5.706857730145451,3472.1949999999997
2905.176,0.456,10.699044961918082,0.467,4.9964539972157445,5.7025909647023365,3465.824
2911.547,0.457,10.691018326308596,0.467,4.992705558386114,5.698312767922481,3459.4529999999995
2917.918,0.458,10.682970218060264,0.467,4.988947091834143,5.69402312622612,3453.0820000000003
2924.289,0.459,10.6749006116393,0.467,4.985178585635554,5.689722026003746,3446.7109999999993
2930.6600000000003,0.46,10.6668094814561,0.467,4.9814000278399995,5.685409453616101,3440.34
2937.031,0.461,10.658696801865254,0.467,4.977611406471074,5.68108539539418,3433.9689999999996
2943.402,0.462,10.650562547165531,0.467,4.973812709526303,5.676749837639227,3427.5980000000004
2949.773,0.463,10.6424066915999,0.467,4.970003924977154,5.672402766622746,3421.2269999999994
2956.1440000000002,0.464,10.634229209355512,0.467,4.966185040769024,5.668044168586487,3414.856
2962.5150000000003,0.465,10.626030074563703,0.467,4.96235604482125,5.663674029742452,3408.4849999999997
2968.886,0.466,10.617809261300007,0.467,4.958516925027103,5.659292336272903,3402.114
2975.257,0.467,10.609566743584141,0.467,4.954667669253794,5.654899074330347,3395.7429999999995
2981.628,0.468,10.601302495380008,0.467,4.950808265342464,5.650494230037543,3389.3720000000003
2987.9990000000003,0.46900000000000003,10.593016490595703,0.467,4.946938701108194,5.646077789487509,3383.0009999999993
2994.3700000000003,0.47000000000000003,10.58470870308351,0.467,4.94305896434,5.64164973874351,3376.63
3000.741,0.47100000000000003,10.5763791066399,0.467,4.939169042800834,5.637210063839066,3370.2589999999996
3007.112,0.47200000000000003,10.568027675005533,0.467,4.935268924227584,5.632758750777948,3363.8880000000004
3013.483,0.47300000000000003,10.559654381865254,0.467,4.931358596331074,5.6282957855341795,3357.5169999999994
3019.8540000000003,0.47400000000000003,10.551259200848103,0.467,4.927438046796064,5.623821154052038,3351.146
3026.2250000000004,0.47500000000000003,10.542842105527301,0.467,4.92350726328125,5.619334842246051,3344.7749999999996
3032.596,0.47600000000000003,10.534403069420264,0.467,4.919566233419264,5.614836836001,3338.404
3038.967,0.47700000000000004,10.525942065988595,0.467,4.915614944816674,5.61032712117192,3332.0329999999994
3045.338,0.47800000000000004,10.51745906863808,0.467,4.911653385053984,5.605805683584096,3325.6620000000003
3051.7090000000003,0.47900000000000004,10.508954050718703,0.467,4.907681541685634,5.601272509033068,3319.2909999999993
3058.08,0.48,10.500426985524625,0.467,4.90369940224,5.596727583284624,3312.92
3064.451,0.481,10.491877846294203,0.467,4.899706954219393,5.59217089207481,3306.549
3070.822,0.482,10.483306606209986,0.467,4.8957041851000636,5.587602421109922,3300.178
3077.1929999999998,0.483,10.4747132383987,0.467,4.891691082332193,5.583022156066506,3293.8070000000002
3083.564,0.484,10.466097715931271,0.467,4.887667633339904,5.578430082591367,3287.436
3089.935,0.485,10.457460011822805,0.467,4.88363382552125,5.573826186301554,3281.065
3096.306,0.486,10.4488000990326,0.467,4.879589646248224,5.569210452784374,3274.694
3102.677,0.487,10.440117950464142,0.467,4.8755350828667545,5.5645828675973865,3268.323
3109.048,0.488,10.431413538965105,0.467,4.871470122696704,5.5599434162684,3261.952
3115.419,0.489,10.422686837327353,0.467,4.867394753031874,5.555292084295478,3255.581
3121.79,0.49,10.413937818286936,0.467,4.8633089611399996,5.550628857146936,3249.21
3128.161,0.491,10.405166454524098,0.467,4.859212734262754,5.545953720261343,3242.839
3134.532,0.492,10.396372718663262,0.467,4.855106059615744,5.541266659047517,3236.468
3140.903,0.493,10.387556583273048,0.467,4.850988924388513,5.536567658884533,3230.097
3147.274,0.494,10.37871802086626,0.467,4.846861315744544,5.531856705121716,3223.726
3153.645,0.495,10.369857003899893,0.467,4.8427232208212505,5.527133783078642,3217.355
3160.016,0.496,10.360973504775126,0.467,4.838574626729984,5.522398878045141,3210.984
3166.387,0.497,10.352067495837332,0.467,4.834415520556035,5.517651975281297,3204.613
3172.758,0.498,10.343138949376067,0.467,4.830245889358624,5.512893060017443,3198.242
3179.129,0.499,10.334187837625082,0.467,4.826065720170914,5.508122117454168,3191.871
3185.5,0.5,10.325214132762312,0.467,4.821875,5.503339132762312,3185.5
3191.871,0.501,10.31621780690988,0.467,4.817673715826914,5.498544091082965,3179.129
3198.242,0.502,10.307198832134098,0.467,4.813461854606624,5.493736977527473,3172.758
3204.613,0.503,10.298157180445468,0.467,4.809239403268034,5.488917777177433,3166.387
3210.984,0.504,10.28909282379868,0.467,4.805006348713984,5.484086475084696,3160.016
3217.355,0.505,10.280005734092613,0.467,4.80076267782125,5.479243056271362,3153.645
3223.726,0.506,10.27089588317033,0.467,4.796508377440544,5.474387505729784,3147.274
3230.097,0.507,10.261763242819088,0.467,4.792243434396514,5.4695198084225725,3140.903
3236.468,0.508,10.25260778477033,0.467,4.787967835487744,5.464639949282585,3134.532
3242.839,0.509,10.243429480699687,0.467,4.783681567486754,5.459747913212932,3128.161
3249.21,0.51,10.23422830222698,0.467,4.77938461714,5.4548436850869795,3121.79
3255.581,0.511,10.225004220916217,0.467,4.7750769711678736,5.449927249748343,3115.419
3261.952,0.512,10.215757208275598,0.467,4.770758616264704,5.444998592010893,3109.048
3268.323,0.513,10.206487235757502,0.467,4.766429539098754,5.440057696658748,3102.677
3274.694,0.514,10.197194274758509,0.467,4.762089726312224,5.435104548446285,3096.306
3281.065,0.515,10.187878296619377,0.467,4.75773916452125,5.430139132098128,3089.935
3287.436,0.516,10.178539272625063,0.467,4.753377840315904,5.4251614323091575,3083.564
3293.8070000000002,0.517,10.169177174004698,0.467,4.749005740260194,5.420171433744503,3077.1929999999998
3300.178,0.518,10.159791971931615,0.467,4.744622850892064,5.41516912103955,3070.822
3306.549,0.519,10.150383637523326,0.467,4.740229158723394,5.4101544787999325,3064.451
3312.92,0.52,10.14095214184154,0.467,4.73582465024,5.40512749160154,3058.08
3319.291,0.521,10.131497455892148,0.467,4.731409311901634,5.400088143990514,3051.709
3325.6620000000003,0.522,10.12201955062523,0.467,4.726983130141983,5.3950364204832475,3045.3379999999997
3332.0330000000004,0.523,10.11251839693506,0.467,4.722546091368674,5.389972305566387,3038.9669999999996
3338.404,0.524,10.102993965660092,0.467,4.7180981819632635,5.3848957836968285,3032.596
3344.775,0.525,10.093446227582977,0.467,4.71363938828125,5.379806839301725,3026.225
3351.146,0.526,10.083875153430542,0.467,4.709169696652063,5.374705456778478,3019.854
3357.5170000000003,0.527,10.074280713873819,0.467,4.7046890933790735,5.369591620494744,3013.4829999999997
3363.8880000000004,0.528,10.064662879528017,0.467,4.700197564739584,5.364465314788432,3007.1119999999996
3370.259,0.529,10.055021620952536,0.467,4.695695096984834,5.359326523967701,3000.741
3376.63,0.53,10.045356908650964,0.467,4.69118167634,5.354175232310963,2994.37
3383.001,0.531,10.035668713071077,0.467,4.686657289004193,5.349011424066883,2987.999
3389.3720000000003,0.532,10.025957004604846,0.467,4.682121921150464,5.343835083454382,2981.6279999999997
3395.7430000000004,0.533,10.016221753588423,0.467,4.677575558925794,5.338646194662629,2975.2569999999996
3402.114,0.534,10.006462930302149,0.467,4.6730181884511035,5.333444741851045,2968.886
3408.485,0.535,9.996680504970556,0.467,4.66844979582125,5.328230709149305,2962.515
3414.856,0.536,9.98687444776236,0.467,4.663870367105023,5.323004080657338,2956.144
3421.2270000000003,0.537,9.97704472879048,0.467,4.6592798883451545,5.317764840445325,2949.7729999999997
3427.5980000000004,0.538,9.967191318111999,0.467,4.654678345558303,5.312512972553694,2943.4019999999996
3433.969,0.539,9.957314185728208,0.467,4.650065724735073,5.307248460993134,2937.031
3440.34,0.54,9.94741330158458,0.467,4.645442011839999,5.30197128974458,2930.66
3446.7110000000002,0.541,9.937488635570778,0.467,4.640807192811554,5.296681442759224,2924.2889999999998
3453.0820000000003,0.542,9.92754015752065,0.467,4.636161253562143,5.291378903958505,2917.9179999999997
3459.4530000000004,0.543,9.917567837212234,0.467,4.631504179978114,5.28606365723412,2911.5469999999996
3465.824,0.544,9.907571644367758,0.467,4.626835957919743,5.280735686448014,2905.176
3472.195,0.545,9.897551548653638,0.467,4.6221565732212495,5.2753949754323886,2898.805
3478.5660000000003,0.546,9.88750751968048,0.467,4.617466011690784,5.270041507989695,2892.4339999999997
3484.9370000000004,0.547,5.544487588264,0.495,2.7445213561906803,2.79996623207332,2886.0629999999996
3491.3080000000004,0.548,5.541631438134304,0.495,2.74310756187648,2.7985238762578235,2879.6919999999996
3497.679,0.549,5.538771431483394,0.495,2.74169185858428,2.7970795728991136,2873.321
3504.05,0.55,5.535907575757576,0.495,2.74027425,2.7956333257575756,2866.95
3510.4210000000003,0.551,5.533039878416727,0.495,2.73885473981628,2.7941851386004473,2860.5789999999997
3516.7920000000004,0.552,5.530168346934303,0.495,2.73743333173248,2.7927350152018233,2854.2079999999996
3523.1630000000005,0.553,5.527292988797334,0.495,2.7360100294546803,2.7912829593426536,2847.8369999999995
3529.534,0.554,5.524413811506424,0.495,2.7345848366956798,2.789828974810744,2841.466
3535.905,0.555,5.521530822575757,0.495,2.733157757175,2.7883730654007572,2835.095
3542.2760000000003,0.556,5.518644029533091,0.495,2.73172879461888,2.786915234914211,2828.7239999999997
3548.6470000000004,0.557,5.515753439919757,0.495,2.7302979527602798,2.785455487159477,2822.3529999999996
3555.0180000000005,0.558,5.5128590612906665,0.495,2.72886523533888,2.7839938259517867,2815.9819999999995
3561.389,0.559,5.509960901214303,0.495,2.7274306461010798,2.782530255113223,2809.611
3567.76,0.56,5.5070589672727275,0.495,2.7259941888,2.7810647784727274,2803.24
3574.1310000000003,0.561,5.504153267061577,0.495,2.7245558671954804,2.7795973998660966,2796.8689999999997
3580.5020000000004,0.562,5.501243808190061,0.495,2.72311568505408,2.778128123135981,2790.4979999999996
3586.8730000000005,0.5630000000000001,5.49833059828097,0.495,2.72167364614908,2.77665695213189,2784.1269999999995
3593.244,0.5640000000000001,5.495413644970667,0.495,2.72022975426048,2.775183890710187,2777.756
3599.6150000000002,0.5650000000000001,5.492492955909091,0.495,2.718784013175,2.773708942734091,2771.3849999999998
3605.9860000000003,0.5660000000000001,5.489568538759758,0.495,2.71733642668608,2.7722321120736777,2765.0139999999997
3612.3570000000004,0.5670000000000001,5.486640401199758,0.495,2.7158869985938803,2.770753402605878,2758.6429999999996
3618.7280000000005,0.5680000000000001,5.483708550919758,0.495,2.71443573270528,2.769272818214478,2752.2719999999995
3625.0990000000006,0.5690000000000001,5.480772995624,0.495,2.71298263283388,2.76779036279012,2745.9009999999994
3631.4700000000003,0.5700000000000001,5.4778337430303035,0.495,2.7115277028,2.7663060402303032,2739.5299999999997
3637.8410000000003,0.5710000000000001,5.47489080087006,0.495,2.71007094643068,2.7648198544393803,2733.1589999999997
3644.2120000000004,0.5720000000000001,5.471944176888242,0.495,2.70861236755968,2.7633318093285624,2726.7879999999996
3650.5830000000005,0.5730000000000001,5.468993878843395,0.495,2.70715197002748,2.7618419088159145,2720.4169999999995
3656.9540000000006,0.5740000000000001,5.466039914507636,0.495,2.70568975768128,2.760350156826356,2714.0459999999994
3663.3250000000003,0.5750000000000001,5.463082291666667,0.495,2.704225734375,2.758856557291667,2707.6749999999997
3669.6960000000004,0.5760000000000001,5.460121018119757,0.495,2.70275990396928,2.7573611141504775,2701.3039999999996
3676.0669999999996,0.577,5.457156101679757,0.495,2.70129227033148,2.7558638313482775,2694.9330000000004
3682.4379999999996,0.578,5.454187550173092,0.495,2.6998228373356805,2.7543647128374116,2688.5620000000004
3688.8089999999997,0.579,5.451215371439758,0.495,2.6983516088626804,2.752863762577078,2682.1910000000003
3695.18,0.58,5.448239573333334,0.495,2.6968785888,2.7513609845333336,2675.82
3701.551,0.581,5.44526016372097,0.495,2.6954037810418803,2.74985638267909,2669.449
3707.9219999999996,0.582,5.442277150483394,0.495,2.6939271894892802,2.748349960994114,2663.0780000000004
3714.2929999999997,0.583,5.43929054151491,0.495,2.6924488180498805,2.7468417234650295,2656.7070000000003
3720.6639999999998,0.584,5.436300344723395,0.495,2.6909686706380804,2.7453316740853144,2650.3360000000002
3727.035,0.585,5.433306568030303,0.495,2.689486751175,2.7438198168553027,2643.965
3733.406,0.586,5.430309219370667,0.495,2.68800306358848,2.742306155782187,2637.594
3739.7769999999996,0.587,5.427308306693091,0.495,2.68651761181308,2.7407906948800114,2631.2230000000004
3746.1479999999997,0.588,5.424303837959758,0.495,2.68503039979008,2.7392734381696777,2624.8520000000003
3752.519,0.589,5.421295821146425,0.495,2.6835414314674804,2.737754389678945,2618.481
3758.89,0.59,5.418284264242424,0.495,2.6820507108,2.7362335534424242,2612.11
3765.261,0.591,5.415269175250668,0.495,2.6805582417490803,2.7347109335015873,2605.739
3771.6319999999996,0.592,5.412250562187637,0.495,2.6790640282828804,2.7331865339047567,2599.3680000000004
3778.0029999999997,0.593,5.409228433083395,0.495,2.67756807437628,2.7316603587071144,2592.9970000000003
3784.374,0.594,5.406202795981576,0.495,2.67607038401088,2.730132411970696,2586.626
3790.745,0.595,5.403173658939394,0.495,2.674570961175,2.7286026977643942,2580.255
3797.116,0.596,5.400141030027637,0.495,2.67306980986368,2.727071220163957,2573.884
3803.4869999999996,0.597,5.397104917330667,0.495,2.67156693407868,2.725537983251987,2567.5130000000004
3809.8579999999997,0.598,5.394065328946424,0.495,2.67006233782848,2.724002991117944,2561.1420000000003
3816.229,0.599,5.391022272986425,0.495,2.6685560251282805,2.7224662478581445,2554.771
3822.6,0.6,5.387975757575758,0.495,2.667048,2.7209277575757578,2548.4
3828.971,0.601,5.3849257908530905,0.495,2.66553826647228,2.7193875243808106,2542.029
3835.3419999999996,0.602,5.381872380970667,0.495,2.66402682858048,2.717845552390187,2535.6580000000004
3841.7129999999997,0.603,5.3788155360943035,0.495,2.6625136903666804,2.716301845727623,2529.2870000000003
3848.084,0.604,5.375755264403394,0.495,2.66099885587968,2.714756408523714,2522.916
3854.455,0.605,5.372691574090909,0.495,2.659482329175,2.713209244915909,2516.545
3860.826,0.606,5.369624473363394,0.495,2.65796411431488,2.7116603590485138,2510.174
3867.197,0.607,5.36655397044097,0.495,2.65644421536828,2.71010975507269,2503.803
3873.5679999999998,0.608,5.3634800735573345,0.495,2.6549226364108804,2.708557437146454,2497.4320000000002
3879.939,0.609,5.360402790959757,0.495,2.65339938152508,2.707003409434677,2491.061
3886.31,0.61,5.3573221309090915,0.495,2.6518744548,2.7054476761090913,2484.69
3892.681,0.611,5.354238101679758,0.495,2.6503478603314803,2.703890241348278,2478.319
3899.052,0.612,5.351150711559758,0.495,2.6488196022220802,2.702331109337678,2471.948
3905.423,0.613,5.348059968850667,0.495,2.6472896845810805,2.700770284269587,2465.577
3911.794,0.614,5.344965881867637,0.495,2.64575811152448,2.6992077703431567,2459.206
3918.165,0.615,5.341868458939394,0.495,2.644224887175,2.697643571764394,2452.835
3924.536,0.616,5.338767708408243,0.495,2.64269001566208,2.696077692746163,2446.464
3930.907,0.617,5.335663638630061,0.495,2.64115350112188,2.694510137508181,2440.093
3937.278,0.618,5.3325562579743035,0.495,2.6396153476972803,2.692940910277023,2433.722
3943.649,0.619,5.329445574824,0.495,2.6380755595378798,2.69137001528612,2427.351
3950.02,0.62,5.326331597575758,0.495,2.6365341408000003,2.689797456775758,2420.98
3956.391,0.621,5.323214334639758,0.495,2.63499109564668,2.6882232389930776,2414.609
3962.762,0.622,5.320093794439758,0.495,2.63344642824768,2.6866473661920782,2408.238
3969.133,0.623,5.316969985413091,0.495,2.63190014277948,2.685069842633611,2401.867
3975.504,0.624,5.3138429160106675,0.495,2.63035224342528,2.6834906725853873,2395.496
3981.875,0.625,5.31071259469697,0.495,2.6288027343750002,2.68190986032197,2389.125
3988.246,0.626,5.307579029950061,0.495,2.62725161982528,2.6803274101247805,2382.754
3994.617,0.627,5.304442230261576,0.495,2.62569890397948,2.678743326282096,2376.383
4000.988,0.628,5.301302204136728,0.495,2.6241445910476804,2.6771576130890473,2370.012
4007.359,0.629,5.2981589600943035,0.495,2.62258868524668,2.6755702748476233,2363.641
4013.73,0.63,5.295012506666667,0.495,2.6210311908,2.6739813158666665,2357.27
4020.101,0.631,5.291862852399758,0.495,2.6194721119378803,2.6723907404618776,2350.899
4026.472,0.632,5.288710005853091,0.495,2.61791145289728,2.6707985529558114,2344.528
4032.843,0.633,5.285553975599758,0.495,2.61634921792188,2.6692047576778775,2338.157
4039.214,0.634,5.282394770226425,0.495,2.6147854112620803,2.6676093589643446,2331.786
4045.585,0.635,5.279232398333334,0.495,2.613220037175,2.6660123611583337,2325.415
4051.956,0.636,5.276066868534302,0.495,2.61165309992448,2.6644137686098226,2319.044
4058.327,0.637,5.272898189456727,0.495,2.61008460378108,2.6628135856756474,2312.673
4064.698,0.638,5.269726369741577,0.495,2.6085145530220806,2.6612118167194967,2306.302
4071.069,0.639,5.266551418043394,0.495,2.60694295193148,2.6596084661119144,2299.931
4077.44,0.64,5.263373343030303,0.495,2.6053698048,2.6580035382303033,2293.56
4083.811,0.641,5.2601921533840015,0.495,2.6037951159250805,2.656397037458921,2287.189
4090.1820000000002,0.642,5.257007857799758,0.495,2.60221888961088,2.654788968188878,2280.8179999999998
4096.553,0.643,5.253820464986425,0.495,2.60064113016828,2.6531793348181445,2274.447
4102.924,0.644,5.250629983666424,0.495,2.59906184191488,2.651568141751544,2268.076
4109.295,0.645,5.247436422575758,0.495,2.5974810291750003,2.6499553934007576,2261.705
4115.666,0.646,5.244239790464,0.495,2.59589869627968,2.64834109418432,2255.334
4122.037,0.647,5.241040096094302,0.495,2.5943148475666797,2.6467252485276225,2248.9629999999997
4128.408,0.648,5.237837348243394,0.495,2.59272948738048,2.645107860862914,2242.5919999999996
4134.779,0.649,5.234631555701576,0.495,2.59114262007228,2.643488935629296,2236.221
4141.150000000001,0.65,5.2314227272727285,0.495,2.5895542500000004,2.641868477272728,2229.85
4147.521,0.651,5.228210871774302,0.495,2.5879643815282796,2.6402464902460228,2223.479
4153.892,0.652,5.224995998037333,0.495,2.5863730190284797,2.638622979008853,2217.1079999999997
4160.263,0.653,5.221778114906424,0.495,2.58478016687868,2.6369979480277443,2210.7369999999996
4166.634,0.654,5.218557231239759,0.495,2.5831858294636802,2.6353714017760783,2204.366
4173.005,0.655,5.215333355909092,0.495,2.5815900111750003,2.6337433447340914,2197.995
4179.376,0.656,5.212106497799758,0.495,2.5799927164108802,2.632113781388878,2191.624
4185.747,0.657,5.208876665810667,0.495,2.57839394957628,2.630482716234387,2185.2529999999997
4192.118,0.658,5.2056438688543025,0.495,2.57679371508288,2.6288501537714226,2178.8819999999996
4198.4890000000005,0.659,5.202408115856728,0.495,2.5751920173490803,2.6272160985076476,2172.511
4204.860000000001,0.66,5.199169415757576,0.495,2.5735888608,2.625580554957576,2166.14
4211.231,0.661,5.19592777751006,0.495,2.5719842498674796,2.6239435276425804,2159.769
4217.602,0.662,5.19268321008097,0.495,2.5703781889900803,2.62230502109089,2153.3979999999997
4223.973,0.663,5.189435722450667,0.495,2.56877068261308,2.620665039837587,2147.0269999999996
4230.344,0.664,5.186185323613092,0.495,2.5671617351884803,2.6190235884246116,2140.656
4236.715,0.665,5.182932022575758,0.495,2.5655513511750003,2.617380671400758,2134.285
4243.086,0.666,5.179675828359757,0.495,2.56393953503808,2.6157362933216772,2127.9139999999998
4249.457,0.667,5.176416749999758,0.495,2.5623262912498803,2.6140904587498777,2121.5429999999997
4255.828,0.668,5.173154796544001,0.495,2.5607116242892802,2.6124431722547206,2115.1719999999996
4262.1990000000005,0.669,5.169889977054304,0.495,2.55909553864188,2.6107944384124235,2108.801
4268.570000000001,0.67,5.16662230060606,0.495,2.5574780388,2.6091442618060605,2102.43
4274.941000000001,0.671,5.163351776288242,0.495,2.55585912926268,2.607492647025562,2096.0589999999997
4281.312,0.672,5.160078413203394,0.495,2.55423881453568,2.6058395986677136,2089.6879999999996
4287.683,0.673,5.156802220467637,0.495,2.55261709913148,2.604185121336157,2083.3169999999996
4294.054,0.674,5.153523207210667,0.495,2.55099398756928,2.602529219641387,2076.946
4300.425,0.675,5.150241382575758,0.495,2.549369484375,2.600871898200758,2070.575
4306.796,0.676,5.146956755719758,0.495,2.5477435940812803,2.599213161638478,2064.2039999999997
4313.167,0.677,5.143669335813091,0.495,2.54611632122748,2.597553014585611,2057.8329999999996
4319.5380000000005,0.678,5.140379132039757,0.495,2.54448767035968,2.5958914616800772,2051.4619999999995
4325.909000000001,0.679,5.137086153597334,0.495,2.54285764603068,2.594228507566654,2045.0909999999997
4332.280000000001,0.68,5.13379040969697,0.495,2.5412262528,2.59256415689697,2038.7199999999998
4338.651000000001,0.681,5.1304919095633945,0.495,2.53959349523388,2.5908984143295144,2032.3489999999997
4345.022,0.682,5.127190662434909,0.495,2.5379593779052803,2.589231284529629,2025.9779999999996
4351.393,0.683,5.1238866775633936,0.495,2.5363239053938798,2.587562772169514,2019.6069999999997
4357.764,0.684,5.120579964214303,0.495,2.53468708228608,2.585892881928223,2013.2359999999996
4364.135,0.685,5.117270531666667,0.495,2.533048913175,2.5842216184916666,2006.8649999999996
4370.506,0.686,5.113958389213091,0.495,2.53140940266048,2.5825489865526112,2000.4939999999997
4376.877,0.687,5.110643546159757,0.495,2.52976855534908,2.580874990810677,1994.1229999999996
4383.2480000000005,0.6880000000000001,5.107326011826425,0.495,2.52812637585408,2.5791996359723446,1987.7519999999997
4389.619000000001,0.6890000000000001,5.104005795546424,0.495,2.52648286879548,2.577522926750944,1981.3809999999996
4395.990000000001,0.6900000000000001,5.100682906666667,0.495,2.5248380388,2.575844867866667,1975.0099999999995
4402.361000000001,0.6910000000000001,5.097357354547637,0.495,2.52319189050108,2.574165464046557,1968.6389999999997
4408.732,0.6920000000000001,5.0940291485633935,0.495,2.52154442853888,2.5724847200245136,1962.2679999999996
4415.103,0.6930000000000001,5.090698298101576,0.495,2.51989565756028,2.570802640541296,1955.8969999999997
4421.474,0.6940000000000001,5.087364812563394,0.495,2.51824558221888,2.5691192303445143,1949.5259999999996
4427.845,0.6950000000000001,5.084028701363637,0.495,2.5165942071750003,2.567434494188637,1943.1549999999995
4434.216,0.6960000000000001,5.080689973930666,0.495,2.51494153709568,2.5657484368349865,1936.7839999999997
4440.587,0.6970000000000001,5.0773486397064245,0.495,2.51328757665468,2.5640610630517444,1930.4129999999996
4446.9580000000005,0.6980000000000001,5.074004708146424,0.495,2.5116323305324797,2.562372377613944,1924.0419999999997
4453.329000000001,0.6990000000000001,5.070658188719758,0.495,2.50997580341628,2.560682385303478,1917.6709999999996
4459.700000000001,0.7000000000000001,5.067309090909091,0.495,2.508318,2.5589910909090907,1911.2999999999995
4466.071000000001,0.7010000000000001,5.063957424210666,0.495,2.5066589249842797,2.5572984992263863,1904.9289999999996
4472.442,0.7020000000000001,5.060603198134303,0.495,2.50499858307648,2.555604615057823,1898.5579999999995
4478.813,0.7030000000000001,5.057246422203394,0.495,2.50333697899068,2.553909443212714,1892.1869999999997
4485.183999999999,0.704,5.05388710595491,0.495,2.5016741174476804,2.5522129885072298,1885.8160000000003
4491.554999999999,0.705,5.050525258939395,0.495,2.5000100031750003,2.5505152557643944,1879.4450000000002
4497.9259999999995,0.706,5.047160890720971,0.495,2.4983446409068804,2.5488162498140903,1873.0740000000003
4504.297,0.707,5.043794010877334,0.495,2.49667803538428,2.5471159754930537,1866.7030000000002
4510.668,0.708,5.040424628999758,0.495,2.49501019135488,2.5454144376448777,1860.3320000000003
4517.039,0.709,5.037052754693091,0.495,2.4933411135730803,2.543711641120011,1853.9610000000002
4523.41,0.71,5.033678397575758,0.495,2.4916708068,2.542007590775758,1847.5900000000001
4529.781,0.711,5.030301567279758,0.495,2.48999927580348,2.540302291476278,1841.2190000000003
4536.152,0.712,5.026922273450667,0.495,2.4883265253580804,2.538595748092587,1834.8480000000002
4542.523,0.713,5.023540525747637,0.495,2.4866525602450804,2.5368879655025567,1828.4770000000003
4548.894,0.714,5.020156333843395,0.495,2.4849773852524804,2.5351789485909144,1822.1060000000002
4555.264999999999,0.715,5.016769707424243,0.495,2.483301005175,2.533468702249243,1815.7350000000001
4561.6359999999995,0.716,5.013380656190061,0.495,2.4816234248140803,2.531757231375981,1809.3640000000003
4568.007,0.717,5.009989189854303,0.495,2.47994464897788,2.530044540876423,1802.9930000000002
4574.378,0.718,5.006595318144001,0.495,2.47826468248128,2.5283306356627206,1796.622
4580.749,0.719,5.003199050799759,0.495,2.4765835301458803,2.5266155206538783,1790.2510000000002
4587.12,0.72,4.999800397575759,0.495,2.4749011968000003,2.5248992007757582,1783.88
4593.491,0.721,4.996399368239758,0.495,2.47321768727868,2.523181680961078,1777.5090000000002
4599.862,0.722,4.992995972573091,0.495,2.4715330064236802,2.521462966149411,1771.1380000000001
4606.233,0.723,4.989590220370667,0.495,2.4698471590834803,2.519743061287187,1764.767
4612.604,0.724,4.986182121440969,0.495,2.4681601501132797,2.518021971327689,1758.3960000000002
4618.974999999999,0.725,4.98277168560606,0.495,2.466471984375,2.5162997012310604,1752.025
4625.346,0.726,4.979358922701576,0.495,2.46478266673728,2.514576255964296,1745.6540000000002
4631.717,0.727,4.9759438425767275,0.495,2.46309220207548,2.5128516405012475,1739.2830000000001
4638.088,0.728,4.972526455094304,0.495,2.46140059527168,2.5111258598226236,1732.912
4644.459,0.729,4.969106770130667,0.495,2.45970785121468,2.509398918915987,1726.5410000000002
4650.83,0.73,4.965684797575759,0.495,2.4580139748000005,2.5076708227757583,1720.17
4657.201,0.731,4.962260547333091,0.495,2.45631897092988,2.5059415764032114,1713.7990000000002
4663.572,0.732,4.958834029319759,0.495,2.4546228445132803,2.5042111848064783,1707.428
4669.943,0.733,4.955405253466425,0.495,2.45292560046588,2.5024796530005444,1701.057
4676.314,0.734,4.951974229717333,0.495,2.45122724371008,2.500746986007253,1694.6860000000001
4682.6849999999995,0.735,4.948540968030303,0.495,2.4495277791750003,2.499013188855303,1688.315
4689.056,0.736,4.9451054783767265,0.495,2.4478272117964797,2.497278266580247,1681.9440000000002
4695.427,0.737,4.941667770741575,0.495,2.44612554651708,2.4955422242244953,1675.573
4701.798,0.738,4.938227855123395,0.495,2.4444227882860803,2.4938050668373144,1669.202
4708.169,0.739,4.934785741534304,0.495,2.4427189420594804,2.4920667994748236,1662.8310000000001
4714.54,0.74,4.931341440000001,0.495,2.4410140128,2.4903274272000004,1656.46
4720.911,0.741,4.927894960559758,0.495,2.43930800547708,2.488586955082678,1650.089
4727.282,0.742,4.924446313266425,0.495,2.43760092506688,2.4868453881995447,1643.718
4733.653,0.743,4.920995508186425,0.495,2.43589277655228,2.4851027316341447,1637.347
4740.024,0.744,4.917542555399757,0.495,2.43418356492288,2.4833589904768774,1630.976
4746.3949999999995,0.745,4.914087465000001,0.495,2.4324732951750003,2.4816141698250003,1624.605
4752.766,0.746,4.9106302470943035,0.495,2.43076197231168,2.4798682747826235,1618.234
4759.137,0.747,4.907170911803394,0.495,2.42904960134268,2.4781213104607143,1611.863
4765.508,0.748,4.903709469261576,0.495,2.4273361872844803,2.476373281977096,1605.492
4771.879,0.749,4.900245929616728,0.495,2.4256217351602802,2.4746241944564473,1599.121
4778.25,0.75,4.896780303030303,0.495,2.42390625,2.472874053030303,1592.75
4784.621,0.751,4.8933125996773335,0.495,2.42218973684028,2.4711228628370536,1586.379
4790.992,0.752,4.889842829746425,0.495,2.4204722007244803,2.469370629021945,1580.008
4797.363,0.753,4.886371003439757,0.495,2.41875364670268,2.4676173567370774,1573.637
4803.734,0.754,4.882897130973091,0.495,2.41703407983168,2.465863051141411,1567.266
4810.1050000000005,0.755,4.8794212225757585,0.495,2.4153135051750003,2.464107717400758,1560.895
4816.476,0.756,4.875943288490667,0.495,2.41359192780288,2.462351360687787,1554.524
4822.847,0.757,4.8724633389743035,0.495,2.41186935279228,2.4605939861820234,1548.153
4829.218,0.758,4.8689813842967276,0.495,2.41014578522688,2.4588355990698476,1541.782
4835.589,0.759,4.8654974347415765,0.495,2.40842123019708,2.4570762045444963,1535.411
4841.96,0.76,4.86201150060606,0.495,2.4066956927999996,2.45531580780606,1529.04
4848.331,0.761,4.85852359220097,0.495,2.40496917813948,2.45355441406149,1522.6689999999999
4854.702,0.762,4.855033719850668,0.495,2.4032416913260803,2.4517920285245873,1516.298
4861.073,0.763,4.85154189389309,0.495,2.40151323747708,2.4500286564160105,1509.927
4867.444,0.764,4.8480481246797575,0.495,2.39978382171648,2.4482643029632776,1503.5559999999998
4873.8150000000005,0.765,4.844552422575759,0.495,2.3980534491750003,2.4464989734007583,1497.185
4880.186,0.766,4.841054797959758,0.495,2.39632212499008,2.4447326729696774,1490.8139999999999
4886.557,0.767,4.837555261224001,0.495,2.39458985430588,2.4429654069181206,1484.443
4892.928,0.768,4.834053822774303,0.495,2.39285664227328,2.441197180501023,1478.072
4899.299,0.769,4.830550493030061,0.495,2.3911224940498803,2.4394279989801806,1471.7009999999998
4905.67,0.77,4.827045282424243,0.495,2.3893874148000003,2.437657867624243,1465.33
4912.041,0.771,4.823538201403394,0.495,2.38765140969468,2.4358867917087137,1458.9589999999998
4918.412,0.772,4.820029260427636,0.495,2.3859144839116797,2.434114776515956,1452.588
4924.783,0.773,4.816518469970667,0.495,2.38417664263548,2.432341827335187,1446.2169999999999
4931.154,0.774,4.813005840519758,0.495,2.3824378910572803,2.430567949462478,1439.8459999999998
4937.525000000001,0.775,4.809491382575759,0.495,2.3806982343750005,2.4287931482007585,1433.475
4943.896,0.776,4.805975106653091,0.495,2.37895767779328,2.427017428859811,1427.1039999999998
4950.267,0.777,4.802457023279757,0.495,2.3772162265234797,2.4252407967562775,1420.733
4956.638,0.778,4.7989371429973335,0.495,2.37547388578368,2.4234632572136534,1414.3619999999999
4963.009,0.779,4.79541547636097,0.495,2.3737306607986803,2.42168481556229,1407.9909999999998
4969.38,0.78,4.791892033939394,0.495,2.3719865568,2.419905477139394,1401.62
4975.751,0.781,4.788366826314909,0.495,2.3702415790258797,2.418125247289029,1395.2489999999998
4982.122,0.782,4.784839864083395,0.495,2.3684957327212803,2.4163441313621146,1388.878
4988.493,0.783,4.7813111578543035,0.495,2.36674902313788,2.4145621347164234,1382.5069999999998
4994.8640000000005,0.784,4.777780718250666,0.495,2.3650014555340797,2.4127792627165863,1376.1359999999997
5001.235000000001,0.785,4.774248555909091,0.495,2.363253035175,2.410995520734091,1369.7649999999999
5007.606,0.786,4.770714681479757,0.495,2.3615037673324797,2.4092109141472773,1363.3939999999998
5013.977,0.787,4.7671791056264246,0.495,2.35975365728508,2.4074254483413444,1357.0229999999997
5020.348,0.788,4.763641839026425,0.495,2.3580027103180803,2.4056391287083447,1350.6519999999998
5026.719,0.789,4.760102892370667,0.495,2.3562509317234803,2.4038519606471866,1344.2809999999997
5033.09,0.79,4.756562276363637,0.495,2.3544983268,2.4020639495636367,1337.9099999999999
5039.461,0.791,4.753020001723394,0.495,2.35274490085308,2.400275100870314,1331.5389999999998
5045.832,0.792,4.749476079181576,0.495,2.3509906591948804,2.398485419986696,1325.1679999999997
5052.203,0.793,4.745930519483394,0.495,2.34923560714428,2.3966949123391137,1318.7969999999998
5058.5740000000005,0.794,4.742383333387636,0.495,2.3474797500268796,2.3949035833607564,1312.4259999999997
5064.945000000001,0.795,4.738834531666667,0.495,2.345723093175,2.3931114384916667,1306.0549999999998
5071.316000000001,0.796,4.735284125106424,0.495,2.3439656419276798,2.391318483178744,1299.6839999999997
5077.687,0.797,4.731732124506424,0.495,2.34220740163068,2.389524722875744,1293.3129999999996
5084.058,0.798,4.728178540679758,0.495,2.34044837763648,2.3877301630432775,1286.9419999999998
5090.429,0.799,4.724623384453091,0.495,2.33868857530428,2.385934809148811,1280.5709999999997
5096.8,0.8,4.721066666666667,0.495,2.3369280000000003,2.384138666666667,1274.1999999999998
5103.171,0.801,4.717508398174302,0.495,2.3351666570962797,2.3823417410780223,1267.8289999999997
5109.542,0.802,4.713948589843394,0.495,2.33340455197248,2.380544037870914,1261.4579999999996
5115.9130000000005,0.803,4.71038725255491,0.495,2.3316416900146804,2.37874556254023,1255.0869999999998
5122.284000000001,0.804,4.706824397203394,0.495,2.32987807661568,2.376946320587714,1248.7159999999997
5128.655000000001,0.805,4.70326003469697,0.495,2.328113717175,2.37514631752197,1242.3449999999998
5135.026000000001,0.806,4.699694175957333,0.495,2.32634861709888,2.3733455588584533,1235.9739999999997
5141.397,0.807,4.696126831919758,0.495,2.3245827818002804,2.371544050119478,1229.6029999999996
5147.768,0.808,4.692558013533091,0.495,2.32281621669888,2.369741796834211,1223.2319999999997
5154.139,0.809,4.688987731759757,0.495,2.3210489272210797,2.367938804538677,1216.8609999999996
5160.51,0.81,4.685415997575757,0.495,2.3192809187999996,2.3661350787757573,1210.4899999999996
5166.881,0.811,4.681842821970667,0.495,2.31751219687548,2.364330625095187,1204.1189999999997
5173.252,0.812,4.678268215947638,0.495,2.3157427668940804,2.362525449053557,1197.7479999999996
5179.6230000000005,0.8130000000000001,4.674692190523394,0.495,2.31397263430908,2.3607195562143137,1191.3769999999997
5185.994000000001,0.8140000000000001,4.671114756728242,0.495,2.31220180458048,2.358912952147762,1185.0059999999996
5192.365000000001,0.8150000000000001,4.667535925606061,0.495,2.310430283175,2.357105642431061,1178.6349999999995
5198.736000000001,0.8160000000000001,4.663955708214304,0.495,2.3086580755660804,2.3552976326482233,1172.2639999999997
5205.107,0.8170000000000001,4.660374115624,0.495,2.3068851872338803,2.35348892839012,1165.8929999999996
5211.478,0.8180000000000001,4.6567911589197575,0.495,2.30511162366528,2.3516795352544775,1159.5219999999997
5217.849,0.8190000000000001,4.653206849199758,0.495,2.30333739035388,2.3498694588458777,1153.1509999999996
5224.22,0.8200000000000001,4.649621197575757,0.495,2.3015624928,2.3480587047757573,1146.7799999999995
5230.591,0.8210000000000001,4.64603421517309,0.495,2.29978693651068,2.3462472786624105,1140.4089999999997
5236.962,0.8220000000000001,4.642445913130667,0.495,2.29801072699968,2.3444351861309864,1134.0379999999996
5243.3330000000005,0.8230000000000001,4.638856302600971,0.495,2.2962338697874802,2.3426224328134904,1127.6669999999997
5249.704000000001,0.8240000000000001,4.635265394750061,0.495,2.29445637040128,2.3408090243487805,1121.2959999999996
5256.075000000001,0.8250000000000001,4.631673200757575,0.495,2.292678234375,2.3389949663825753,1114.9249999999995
5262.446000000001,0.8260000000000001,4.628079731816728,0.495,2.29089946724928,2.3371802645674475,1108.5539999999996
5268.817,0.8270000000000001,4.624484999134303,0.495,2.28912007457148,2.335364924562823,1102.1829999999995
5275.188,0.8280000000000001,4.620889013930666,0.495,2.28734006189568,2.3335489520349864,1095.8119999999997
5281.559,0.8290000000000001,4.617291787439757,0.495,2.2855594347826798,2.331732352657077,1089.4409999999996
5287.93,0.8300000000000001,4.613693330909091,0.495,2.2837781988,2.329915132109091,1083.0699999999995
5294.301,0.8310000000000001,4.610093655599758,0.495,2.28199635952188,2.3280972960778774,1076.6989999999996
5300.6720000000005,0.8320000000000001,4.606492772786425,0.495,2.2802139225292803,2.326278850257145,1070.3279999999995
5307.043,0.833,4.602890693757334,0.495,2.27843089340988,2.3244598003474537,1063.9570000000003
5313.414,0.834,4.599287429814304,0.495,2.27664727775808,2.3226401520562234,1057.5860000000002
5319.785,0.835,4.595682992272727,0.495,2.274863081175,2.3208199110977272,1051.2150000000001
5326.156,0.836,4.592077392461577,0.495,2.2730783092684805,2.3189990831930962,1044.8440000000003
5332.527,0.837,4.5884706417233945,0.495,2.27129296765308,2.3171776740703143,1038.4730000000002
5338.898,0.838,4.584862751414303,0.495,2.26950706195008,2.3153556894642233,1032.1020000000003
5345.269,0.839,4.581253732904,0.495,2.26772059778748,2.31353313511652,1025.7310000000002
5351.639999999999,0.84,4.577643597575759,0.495,2.2659335808000005,2.3117100167757583,1019.3600000000002
5358.0109999999995,0.841,4.574032356826424,0.495,2.26414601662908,2.309886340197344,1012.9890000000001
5364.382,0.842,4.570420022066425,0.495,2.26235791092288,2.3080621111435446,1006.6180000000002
5370.753,0.843,4.566806604719758,0.495,2.26056926933628,2.306237335383478,1000.2470000000002
5377.124,0.844,4.563192116224,0.495,2.25878009753088,2.30441201869312,993.8760000000002
5383.495,0.845,4.559576568030303,0.495,2.256990401175,2.3025861668553027,987.5050000000002
5389.866,0.846,4.555959971603394,0.495,2.25520018594368,2.300759785659714,981.1340000000001
5396.237,0.847,4.552342338421576,0.495,2.2534094575186803,2.298932880902896,974.7630000000001
5402.608,0.848,4.548723679976727,0.495,2.25161822158848,2.297105458388247,968.3920000000002
5408.979,0.849,4.545104007774303,0.495,2.24982648384828,2.295277523926023,962.0210000000002
5415.349999999999,0.85,4.541483333333333,0.495,2.24803425,2.293449083333333,955.6500000000001
5421.721,0.851,4.537861668186425,0.495,2.2462415257522803,2.2916201424341445,949.2790000000001
5428.092,0.852,4.534239023879758,0.495,2.2444483168204803,2.289790707059278,942.9080000000001
5434.463,0.853,4.530615411973092,0.495,2.2426546289266804,2.2879607830464117,936.5370000000001
5440.834,0.854,4.526990844039758,0.495,2.24086046779968,2.2861303762400778,930.1660000000002
5447.205,0.855,4.5233653316666675,0.495,2.2390658391750002,2.2842994924916673,923.7950000000001
5453.576,0.856,4.519738886454304,0.495,2.2372707487948804,2.2824681376594236,917.4240000000001
5459.947,0.857,4.516111520016727,0.495,2.23547520240828,2.280636317608447,911.0530000000001
5466.318,0.858,4.512483243981577,0.495,2.2336792057708803,2.2788040382106964,904.6820000000001
5472.689,0.859,4.508854069990061,0.495,2.2318827646450803,2.276971305344981,898.311
5479.0599999999995,0.86,4.5052240096969705,0.495,2.2300858848000003,2.27513812489697,891.94
5485.431,0.861,4.501593074770667,0.495,2.22828857201148,2.2733045027591867,885.5690000000001
5491.802,0.862,4.497961276893091,0.495,2.2264908320620798,2.271470444831011,879.1980000000001
5498.173,0.863,4.494328627759757,0.495,2.2246926707410797,2.2696359570186777,872.8270000000001
5504.544,0.864,4.490695139079757,0.495,2.22289409384448,2.2678010452352773,866.456
5510.915,0.865,4.487060822575757,0.495,2.221095107175,2.2659657154007573,860.085
5517.286,0.866,4.483425689984,0.495,2.21929571654208,2.26412997344192,853.714
5523.657,0.867,4.479789753054303,0.495,2.2174959277618798,2.262293825292423,847.3430000000001
5530.028,0.868,4.476153023550061,0.495,2.21569574665728,2.2604572768927804,840.9720000000001
5536.399,0.869,4.4725155132482435,0.495,2.2138951790578805,2.258620334190363,834.601
5542.7699999999995,0.87,4.468877233939395,0.495,2.2120942308000004,2.2567830031393945,828.23
5549.141,0.871,4.465238197427636,0.495,2.21029290772668,2.2549452897009563,821.859
5555.512,0.872,4.461598415530666,0.495,2.2084912156876797,2.2531071998429866,815.488
5561.883,0.873,4.457957900079758,0.495,2.2066891605394803,2.2512687395402775,809.117
5568.254,0.874,4.454316662919758,0.495,2.20488674814528,2.2494299147744776,802.746
5574.625,0.875,4.450674715909091,0.495,2.203083984375,2.2475907315340913,796.375
5580.996,0.876,4.447032070919757,0.495,2.20128087510528,2.2457511958144774,790.004
5587.367,0.877,4.443388739837333,0.495,2.19947742621948,2.2439113136178532,783.633
5593.738,0.878,4.43974473456097,0.495,2.1976736436076805,2.24207109095329,777.262
5600.109,0.879,4.436100067003394,0.495,2.1958695331666798,2.240230533836714,770.891
5606.4800000000005,0.88,4.432454749090908,0.495,2.1940651007999996,2.2383896482909087,764.52
5612.851,0.881,4.428808792763394,0.495,2.19226035241788,2.236548440345514,758.149
5619.222,0.882,4.425162209974303,0.495,2.19045529393728,2.234706916037023,751.7779999999999
5625.593,0.883,4.4215150126906675,0.495,2.1886499312818803,2.232865081408787,745.4069999999999
5631.964,0.884,4.417867212893091,0.495,2.18684427038208,2.231022942511011,739.036
5638.335,0.885,4.414218822575758,0.495,2.185038317175,2.2291805054007576,732.665
5644.706,0.886,4.410569853746424,0.495,2.18323207760448,2.2273377761419444,726.294
5651.077,0.887,4.406920318426424,0.495,2.18142555762108,2.2254947608053444,719.9229999999999
5657.448,0.888,4.403270228650667,0.495,2.1796187631820803,2.223651465468587,713.5519999999999
5663.819,0.889,4.399619596467637,0.495,2.17781170025148,2.2218078962161565,707.1809999999999
5670.1900000000005,0.89,4.3959684339393945,0.495,2.1760043748,2.2199640591393943,700.81
5676.561,0.891,4.392316753141576,0.495,2.17419679280508,2.218119960336496,694.439
5682.932,0.892,4.388664566163394,0.495,2.17238896025088,2.216275605912514,688.0679999999999
5689.303,0.893,4.3850118851076365,0.495,2.17058088312828,2.2144310019793565,681.6969999999999
5695.674,0.894,4.381358722090667,0.495,2.16877256743488,2.212586154655787,675.3259999999999
5702.045,0.895,4.377705089242425,0.495,2.1669640191750004,2.2107410700674244,668.9549999999999
5708.416,0.896,3.993507002430066,0.495,1.9767859662028826,2.0167210362271835,662.5839999999998
5714.787,0.897,3.9901928103633986,0.495,1.9751454411298823,2.0150473692335162,656.2129999999999
5721.158,0.898,3.986712023385218,0.495,1.9734224515756829,2.013289571809535,649.8419999999999
5727.529,0.899,3.983064096685815,0.495,1.9716167278594785,2.0114473688263366,643.4709999999999
5733.900000000001,0.9,3.979248484848488,0.495,1.9697280000000017,2.0095204848484864,637.0999999999999
5740.271,0.901,3.9752646418494555,0.495,1.9677559977154804,2.007508644133975,630.7289999999998
5746.642,0.902,3.971112021057937,0.495,1.9657004504236788,2.005411570634258,624.3579999999998
5753.013,0.903,3.9667900752361245,0.495,1.9635610872418816,2.003228987994243,617.9869999999999
5759.384,0.904,3.9622982565391545,0.495,1.9613376369868813,2.000960619552273,611.6159999999999
5765.755,0.905,3.9576360165151474,0.495,1.959029828174998,1.9986061883401494,605.2449999999998
5772.126,0.906,3.9528028061052103,0.495,1.9566373890220792,1.996165417083131,598.8739999999998
5778.497,0.907,3.947798075643398,0.495,1.954160047443482,1.993638028199916,592.5029999999998
5784.868,0.908,3.942621274856728,0.495,1.9515975310540803,1.9910237438026477,586.1319999999998
5791.2390000000005,0.909,3.937271852865211,0.495,1.9489495671682793,1.9883222856969316,579.7609999999999
5797.610000000001,0.91,3.9317492581818194,0.495,1.9462158828000007,1.9855333753818187,573.3899999999998
5803.981,0.911,3.9260529387124876,0.495,1.9433962046626814,1.9826567340498062,567.0189999999998
5810.352,0.912,3.9201823417561217,0.495,1.9404902591692803,1.9796920825868414,560.6479999999998
5816.723,0.913,3.914136914004603,0.495,1.9374977724322786,1.9766391415723246,554.2769999999998
5823.094,0.914,3.907916101542787,0.495,1.9344184702636795,1.9734976312791073,547.9059999999998
5829.465,0.915,3.9015193498484875,0.495,1.9312520781750013,1.9702672716734861,541.5349999999997
5835.836,0.916,3.8949461037924795,0.495,1.9279983213772773,1.9669477824152022,535.1639999999998
5842.207,0.917,3.888195807638547,0.495,1.9246569247810807,1.9635388828574665,528.7929999999998
5848.578,0.918,3.8812679050433982,0.495,1.921227612996482,1.9600402920469162,522.4219999999998
5854.9490000000005,0.919,3.8741618390567254,0.495,1.9177101103330791,1.9564517287236463,516.0509999999997
5861.320000000001,0.92,3.866877052121214,0.495,1.914104140800001,1.9527729113212131,509.6799999999997
5867.691000000001,0.921,3.8594129860724835,0.495,1.9104094281058792,1.9490035579666043,503.30899999999974
5874.062,0.922,3.8517690821391475,0.495,1.906625695658878,1.9451433864802694,496.93799999999976
5880.433,0.923,3.8439447809427856,0.495,1.9027526665666787,1.9411921143761068,490.5669999999997
5886.804,0.924,3.8359395224979416,0.495,1.898790063636481,1.9371494588614606,484.19599999999974
5893.175,0.925,3.8277527462121204,0.495,1.8947376093749995,1.933015136837121,477.8249999999997
5899.546,0.926,3.819383890885818,0.495,1.89059502598848,1.9287888648973381,471.4539999999997
5905.917,0.927,3.810832394712485,0.495,1.88636203538268,1.924470359329805,465.0829999999997
5912.2880000000005,0.928,3.80209769527855,0.495,1.8820383591628822,1.920059336115668,458.7119999999997
5918.659000000001,0.929,3.7931792295633926,0.495,1.8776237186338793,1.9155555109295133,452.34099999999967
5925.030000000001,0.93,3.7840764339393878,0.495,1.8731178347999968,1.910958599139391,445.9699999999997
5931.401000000001,0.931,3.7747887441718797,0.495,1.8685204283650805,1.9062683158067992,439.5989999999997
5937.772,0.932,3.765315595419156,0.495,1.8638312197324822,1.9014843756866737,433.22799999999967
5944.143,0.933,3.7556564222324806,0.495,1.859049929005078,1.8966064932274027,426.8569999999997
5950.514,0.934,3.7458106585561173,0.495,1.854176275985278,1.8916343825708393,420.48599999999965
5956.885,0.935,3.7357777377272745,0.495,1.8492099801750008,1.8865677575522737,414.11499999999967
5963.256,0.936,3.725557092476117,0.495,1.844150760775678,1.8814063317004392,407.74399999999963
5969.627,0.937,3.7151481549258167,0.495,1.8389983366882792,1.8761498182375376,401.37299999999965
5975.9980000000005,0.9380000000000001,3.546282350985369,0.495,1.7554097637377577,1.7908725872476112,395.00199999999967
5982.369000000001,0.9390000000000001,3.5389180330602183,0.495,1.751764426364808,1.7871536066954103,388.63099999999963
5988.740000000001,0.9400000000000001,3.531694290101002,0.495,1.748188673599996,1.7835056165010061,382.25999999999965
5995.111000000001,0.9410000000000001,3.5246115962990094,0.495,1.7446827401680096,1.7799288561309998,375.8889999999996
6001.482,0.9420000000000001,3.5176704263502176,0.495,1.7412468610433578,1.7764235653068599,369.51799999999963
6007.853,0.9430000000000001,3.5108712554553745,0.495,1.7378812714504104,1.772989984004964,363.1469999999996
6014.224,0.9440000000000001,3.5042145593199128,0.495,1.7345862068633568,1.769628352456556,356.7759999999996
6020.595,0.9450000000000001,3.497700814154035,0.495,1.7313619030062473,1.7663389111477876,350.40499999999963
6026.966,0.9460000000000001,3.49133049667264,0.495,1.7282085958529567,1.7631219008196832,344.0339999999996
6033.337,0.9470000000000001,3.4851040840953673,0.495,1.7251265216272067,1.7599775624681606,337.6629999999996
6039.7080000000005,0.9480000000000001,3.4790220541465855,0.495,1.7221159168025597,1.7569061373440258,331.2919999999996
6046.079000000001,0.9490000000000001,3.473084885055371,0.495,1.7191770181024086,1.7539078669529622,324.9209999999996
6052.450000000001,0.9500000000000001,3.4672930555555554,0.495,1.7163100624999998,1.7509829930555556,318.54999999999956
6058.821000000001,0.9510000000000001,3.4616470448856735,0.495,1.7135152872184083,1.7481317576672653,312.1789999999996
6065.192,0.9520000000000001,3.456147332789008,0.495,1.7107929297305589,1.7453544030584491,305.80799999999954
6071.563,0.9530000000000001,3.450794399513549,0.495,1.7081432277592068,1.7426511717543423,299.43699999999956
6077.934,0.9540000000000001,3.445588725812035,0.495,1.7055664192769573,1.7400223065350775,293.0659999999996
6084.305,0.9550000000000001,3.4405307929419147,0.495,1.7030627425062477,1.737468050435667,286.69499999999954
6090.676,0.9560000000000001,3.4356210826653664,0.495,1.7006324359193563,1.73498864674601,280.32399999999956
6097.0470000000005,0.9570000000000001,3.430860077249305,0.495,1.6982757382384062,1.732584339010899,273.9529999999995
6103.418000000001,0.9580000000000001,3.426248259465369,0.495,1.6959928884353577,1.7302553710300113,267.58199999999954
6109.789000000001,0.9590000000000001,3.421786112589913,0.495,1.693784125732007,1.728001986857906,261.2109999999995
6116.16,0.96,3.4174741204040338,0.495,1.6916496895999966,1.7258244308040371,254.84000000000023
6122.531,0.961,3.4133127671935557,0.495,1.6895898197608101,1.7237229474327456,248.46900000000022
6128.902,0.962,3.4093025377490096,0.495,1.6876047561857597,1.72169778156325,242.0980000000002
6135.273,0.963,3.4054439173656785,0.495,1.6856947390960109,1.7197491782696677,235.7270000000002
6141.644,0.964,3.401737391843555,0.495,1.6838600089625597,1.7178773828809955,229.3560000000002
6148.014999999999,0.965,3.398183447487371,0.495,1.6821008065062486,1.7160826409811225,222.98500000000018
6154.3859999999995,0.966,3.3947825711065875,0.495,1.680417372697761,1.7143651984088266,216.6140000000002
6160.757,0.967,3.391535250015375,0.495,1.6788099487576105,1.7127253012577643,210.2430000000002
6167.128,0.968,3.3884419720326413,0.495,1.6772787761561574,1.711163195876484,203.87200000000018
6173.499,0.969,3.3855032254820334,0.495,1.6758240966136064,1.709679128868427,197.50100000000018
6179.87,0.97,3.3827194991919116,0.495,1.6744461520999963,1.7082733470919154,191.13000000000017
6186.241,0.971,3.3800912824953704,0.495,1.6731451848352084,1.706946097660162,184.75900000000016
6192.612,0.972,3.3776190652302147,0.495,1.6719214372889564,1.7056976279412583,178.38800000000015
6198.983,0.973,3.375303337739005,0.495,1.6707751521808074,1.7045281855581975,172.01700000000017
6205.354,0.974,3.373144590869008,0.495,1.669706572480159,1.703438018388849,165.64600000000016
6211.724999999999,0.975,3.3711433159722177,0.495,1.6687159414062478,1.70242737456597,159.27500000000015
6218.096,0.976,3.3693000049053747,0.495,1.6678035024281606,1.7014965024772142,152.90400000000014
6224.467,0.977,3.367615150029917,0.495,1.666969499264809,1.7006456507651082,146.53300000000013
6230.838,0.978,3.3660892442120334,0.495,1.6662141758849565,1.699875068327077,140.16200000000012
6237.209,0.979,3.3647227808226376,0.495,1.6655377765072057,1.699185004315432,133.7910000000001
6243.58,0.98,3.3635162537373637,0.495,1.664940545599995,1.6985757081373687,127.42000000000012
6249.951,0.981,3.3624701573365807,0.495,1.6644227278816075,1.6980474294549732,121.0490000000001
6256.322,0.982,3.3615849865053735,0.495,1.66398456832016,1.6976004181852136,114.6780000000001
6262.693,0.983,3.360861236633556,0.495,1.6636263121336103,1.6972349244999458,108.3070000000001
6269.064,0.984,3.360299403615679,0.495,1.6633482047897612,1.6969511988259178,101.93600000000009
6275.4349999999995,0.985,3.3598999838510117,0.495,1.6631504920062508,1.696749491844761,95.56500000000008
6281.806,0.986,3.359663474243556,0.495,1.66303341975056,1.6966300544929958,89.19400000000007
6288.177,0.987,3.359590372202032,0.495,1.662997234240006,1.6965931379620263,82.82300000000008
6294.548,0.988,3.359681175639916,0.495,1.6630421819417585,1.6966389936981576,76.45200000000007
6300.919,0.989,3.3599363829753655,0.495,1.663168509572806,1.6967678734025595,70.08100000000006
6307.29,0.99,3.360356493131311,0.495,1.6633764640999988,1.696980029031312,63.71000000000006
6313.661,0.991,3.3609420055353723,0.495,1.6636662927400092,1.697275712795363,57.33900000000005
6320.032,0.992,3.361693420119921,0.495,1.6640382429593608,1.6976551771605601,50.968000000000046
6326.403,0.993,3.362611237322039,0.495,1.6644925624744094,1.6981186748476298,44.59700000000004
6332.774,0.994,3.3636959580835573,0.495,1.6650294992513608,1.6986664588321965,38.226000000000035
6339.1449999999995,0.995,3.3649480838510053,0.495,1.6656493015062477,1.6992987823447576,31.85500000000003
6345.516,0.996,3.366368116575669,0.495,1.6663522177049561,1.700015898870713,25.484000000000023
6351.887,0.997,3.3679565587135514,0.495,1.667138496563208,1.7008180621503435,19.113000000000017
6358.258,0.998,3.369713913225364,0.495,1.6680083870465552,1.701705526178809,12.742000000000012
6364.629,0.999,3.3716406835765804,0.495,1.6689621383704072,1.7026785452061732,6.371000000000006
6371.0,1.0,3.37373737373737,0.495,1.6699999999999982,1.703737373737372,0.0
